ISO-10303-21;
HEADER;
FILE_DESCRIPTION(('KiCad electronic assembly'),'2;1');
FILE_NAME('ComputerVisionModule_Rev1.step','2026-04-11T21:09:44',(
    'Pcbnew'),('Kicad'),'Open CASCADE STEP processor 7.9',
  'KiCad to STEP converter','Unknown');
FILE_SCHEMA(('AUTOMOTIVE_DESIGN { 1 0 10303 214 1 1 1 1 }'));
ENDSEC;
DATA;
#1 = APPLICATION_PROTOCOL_DEFINITION('international standard',
  'automotive_design',2000,#2);
#2 = APPLICATION_CONTEXT(
  'core data for automotive mechanical design processes');
#3 = SHAPE_DEFINITION_REPRESENTATION(#4,#10);
#4 = PRODUCT_DEFINITION_SHAPE('','',#5);
#5 = PRODUCT_DEFINITION('design','',#6,#9);
#6 = PRODUCT_DEFINITION_FORMATION('','',#7);
#7 = PRODUCT('ComputerVisionModule_Rev1 1','ComputerVisionModule_Rev1 1'
  ,'',(#8));
#8 = PRODUCT_CONTEXT('',#2,'mechanical');
#9 = PRODUCT_DEFINITION_CONTEXT('part definition',#2,'design');
#10 = SHAPE_REPRESENTATION('',(#11,#15,#19,#23,#27,#31,#35),#39);
#11 = AXIS2_PLACEMENT_3D('',#12,#13,#14);
#12 = CARTESIAN_POINT('',(0.,0.,0.));
#13 = DIRECTION('',(0.,0.,1.));
#14 = DIRECTION('',(1.,0.,-0.));
#15 = AXIS2_PLACEMENT_3D('',#16,#17,#18);
#16 = CARTESIAN_POINT('',(122.77,-95.1,1.595198));
#17 = DIRECTION('',(0.,0.,1.));
#18 = DIRECTION('',(1.,0.,0.));
#19 = AXIS2_PLACEMENT_3D('',#20,#21,#22);
#20 = CARTESIAN_POINT('',(121.1,-140.05,-8.5E-02));
#21 = DIRECTION('',(1.499759782662E-32,1.224646799147E-16,-1.));
#22 = DIRECTION('',(-1.,1.224646799147E-16,0.));
#23 = AXIS2_PLACEMENT_3D('',#24,#25,#26);
#24 = CARTESIAN_POINT('',(117.575,-123.825,-8.5E-02));
#25 = DIRECTION('',(-1.224646799147E-16,-1.359631073447E-32,-1.));
#26 = DIRECTION('',(1.110223024625E-16,-1.,0.));
#27 = AXIS2_PLACEMENT_3D('',#28,#29,#30);
#28 = CARTESIAN_POINT('',(114.975,-127.475,-8.5E-02));
#29 = DIRECTION('',(1.499759782662E-32,1.224646799147E-16,-1.));
#30 = DIRECTION('',(-1.,1.224646799147E-16,0.));
#31 = AXIS2_PLACEMENT_3D('',#32,#33,#34);
#32 = CARTESIAN_POINT('',(122.77,-94.2,-8.5E-02));
#33 = DIRECTION('',(1.224646799147E-16,-1.359631073447E-32,-1.));
#34 = DIRECTION('',(1.110223024625E-16,1.,0.));
#35 = AXIS2_PLACEMENT_3D('',#36,#37,#38);
#36 = CARTESIAN_POINT('',(0.,0.,0.));
#37 = DIRECTION('',(0.,0.,1.));
#38 = DIRECTION('',(1.,0.,-0.));
#39 = ( GEOMETRIC_REPRESENTATION_CONTEXT(3) 
GLOBAL_UNCERTAINTY_ASSIGNED_CONTEXT((#43)) GLOBAL_UNIT_ASSIGNED_CONTEXT(
(#40,#41,#42)) REPRESENTATION_CONTEXT('Context #1',
  '3D Context with UNIT and UNCERTAINTY') );
#40 = ( LENGTH_UNIT() NAMED_UNIT(*) SI_UNIT(.MILLI.,.METRE.) );
#41 = ( NAMED_UNIT(*) PLANE_ANGLE_UNIT() SI_UNIT($,.RADIAN.) );
#42 = ( NAMED_UNIT(*) SI_UNIT($,.STERADIAN.) SOLID_ANGLE_UNIT() );
#43 = UNCERTAINTY_MEASURE_WITH_UNIT(LENGTH_MEASURE(1.E-07),#40,
  'distance_accuracy_value','confusion accuracy');
#44 = PRODUCT_RELATED_PRODUCT_CATEGORY('part',$,(#7));
#45 = SHAPE_DEFINITION_REPRESENTATION(#46,#52);
#46 = PRODUCT_DEFINITION_SHAPE('','',#47);
#47 = PRODUCT_DEFINITION('design','',#48,#51);
#48 = PRODUCT_DEFINITION_FORMATION('','',#49);
#49 = PRODUCT('SW_SPST_PTS645Sx43SMTR92','SW_SPST_PTS645Sx43SMTR92','',(
    #50));
#50 = PRODUCT_CONTEXT('',#2,'mechanical');
#51 = PRODUCT_DEFINITION_CONTEXT('part definition',#2,'design');
#52 = ADVANCED_BREP_SHAPE_REPRESENTATION('',(#11,#53),#3327);
#53 = MANIFOLD_SOLID_BREP('',#54);
#54 = CLOSED_SHELL('',(#55,#104,#136,#276,#300,#324,#389,#421,#461,#486,
    #510,#541,#608,#639,#663,#744,#768,#842,#859,#940,#964,#1038,#1055,
    #1079,#1112,#1137,#1161,#1192,#1223,#1440,#1503,#1515,#1532,#1549,
    #1566,#1692,#1716,#1733,#1750,#1762,#1784,#1801,#1813,#1830,#1847,
    #1864,#1876,#1898,#1915,#1927,#1944,#1961,#1978,#1990,#2007,#2024,
    #2041,#2053,#2070,#2094,#2118,#2140,#2157,#2180,#2197,#2221,#2245,
    #2267,#2279,#2304,#2329,#2354,#2379,#2404,#2423,#2435,#2447,#2459,
    #2540,#2564,#2638,#2655,#2736,#2760,#2834,#2851,#2884,#2917,#2950,
    #2970,#3003,#3025,#3042,#3054,#3071,#3088,#3105,#3117,#3139,#3156,
    #3168,#3185,#3202,#3219,#3231,#3240,#3249,#3258,#3283,#3292,#3318));
#55 = ADVANCED_FACE('',(#56),#99,.F.);
#56 = FACE_BOUND('',#57,.F.);
#57 = EDGE_LOOP('',(#58,#69,#77,#85,#93));
#58 = ORIENTED_EDGE('',*,*,#59,.T.);
#59 = EDGE_CURVE('',#60,#62,#64,.T.);
#60 = VERTEX_POINT('',#61);
#61 = CARTESIAN_POINT('',(-3.,-2.7,0.));
#62 = VERTEX_POINT('',#63);
#63 = CARTESIAN_POINT('',(-2.7,-3.,0.));
#64 = CIRCLE('',#65,0.3);
#65 = AXIS2_PLACEMENT_3D('',#66,#67,#68);
#66 = CARTESIAN_POINT('',(-2.7,-2.7,0.));
#67 = DIRECTION('',(-0.,0.,1.));
#68 = DIRECTION('',(0.,-1.,0.));
#69 = ORIENTED_EDGE('',*,*,#70,.T.);
#70 = EDGE_CURVE('',#62,#71,#73,.T.);
#71 = VERTEX_POINT('',#72);
#72 = CARTESIAN_POINT('',(-1.25,-3.,0.));
#73 = LINE('',#74,#75);
#74 = CARTESIAN_POINT('',(-3.,-3.,0.));
#75 = VECTOR('',#76,1.);
#76 = DIRECTION('',(1.,0.,0.));
#77 = ORIENTED_EDGE('',*,*,#78,.T.);
#78 = EDGE_CURVE('',#71,#79,#81,.T.);
#79 = VERTEX_POINT('',#80);
#80 = CARTESIAN_POINT('',(-1.25,-1.25,0.));
#81 = LINE('',#82,#83);
#82 = CARTESIAN_POINT('',(-1.25,-3.,0.));
#83 = VECTOR('',#84,1.);
#84 = DIRECTION('',(0.,1.,0.));
#85 = ORIENTED_EDGE('',*,*,#86,.F.);
#86 = EDGE_CURVE('',#87,#79,#89,.T.);
#87 = VERTEX_POINT('',#88);
#88 = CARTESIAN_POINT('',(-3.,-1.25,0.));
#89 = LINE('',#90,#91);
#90 = CARTESIAN_POINT('',(-3.,-1.25,0.));
#91 = VECTOR('',#92,1.);
#92 = DIRECTION('',(1.,0.,0.));
#93 = ORIENTED_EDGE('',*,*,#94,.T.);
#94 = EDGE_CURVE('',#87,#60,#95,.T.);
#95 = LINE('',#96,#97);
#96 = CARTESIAN_POINT('',(-3.,3.,0.));
#97 = VECTOR('',#98,1.);
#98 = DIRECTION('',(0.,-1.,0.));
#99 = PLANE('',#100);
#100 = AXIS2_PLACEMENT_3D('',#101,#102,#103);
#101 = CARTESIAN_POINT('',(0.,0.,0.));
#102 = DIRECTION('',(0.,0.,1.));
#103 = DIRECTION('',(1.,0.,-0.));
#104 = ADVANCED_FACE('',(#105),#131,.T.);
#105 = FACE_BOUND('',#106,.T.);
#106 = EDGE_LOOP('',(#107,#108,#116,#125));
#107 = ORIENTED_EDGE('',*,*,#59,.T.);
#108 = ORIENTED_EDGE('',*,*,#109,.T.);
#109 = EDGE_CURVE('',#62,#110,#112,.T.);
#110 = VERTEX_POINT('',#111);
#111 = CARTESIAN_POINT('',(-2.7,-3.,3.15));
#112 = LINE('',#113,#114);
#113 = CARTESIAN_POINT('',(-2.7,-3.,0.));
#114 = VECTOR('',#115,1.);
#115 = DIRECTION('',(0.,0.,1.));
#116 = ORIENTED_EDGE('',*,*,#117,.F.);
#117 = EDGE_CURVE('',#118,#110,#120,.T.);
#118 = VERTEX_POINT('',#119);
#119 = CARTESIAN_POINT('',(-3.,-2.7,3.15));
#120 = CIRCLE('',#121,0.3);
#121 = AXIS2_PLACEMENT_3D('',#122,#123,#124);
#122 = CARTESIAN_POINT('',(-2.7,-2.7,3.15));
#123 = DIRECTION('',(-0.,0.,1.));
#124 = DIRECTION('',(0.,-1.,0.));
#125 = ORIENTED_EDGE('',*,*,#126,.F.);
#126 = EDGE_CURVE('',#60,#118,#127,.T.);
#127 = LINE('',#128,#129);
#128 = CARTESIAN_POINT('',(-3.,-2.7,0.));
#129 = VECTOR('',#130,1.);
#130 = DIRECTION('',(0.,0.,1.));
#131 = CYLINDRICAL_SURFACE('',#132,0.3);
#132 = AXIS2_PLACEMENT_3D('',#133,#134,#135);
#133 = CARTESIAN_POINT('',(-2.7,-2.7,0.));
#134 = DIRECTION('',(0.,0.,1.));
#135 = DIRECTION('',(-1.,0.,0.));
#136 = ADVANCED_FACE('',(#137,#203,#237),#271,.F.);
#137 = FACE_BOUND('',#138,.F.);
#138 = EDGE_LOOP('',(#139,#149,#157,#165,#173,#179,#180,#181,#189,#197)
  );
#139 = ORIENTED_EDGE('',*,*,#140,.F.);
#140 = EDGE_CURVE('',#141,#143,#145,.T.);
#141 = VERTEX_POINT('',#142);
#142 = CARTESIAN_POINT('',(-3.,2.7,0.));
#143 = VERTEX_POINT('',#144);
#144 = CARTESIAN_POINT('',(-3.,1.25,0.));
#145 = LINE('',#146,#147);
#146 = CARTESIAN_POINT('',(-3.,3.,0.));
#147 = VECTOR('',#148,1.);
#148 = DIRECTION('',(0.,-1.,0.));
#149 = ORIENTED_EDGE('',*,*,#150,.T.);
#150 = EDGE_CURVE('',#141,#151,#153,.T.);
#151 = VERTEX_POINT('',#152);
#152 = CARTESIAN_POINT('',(-3.,2.7,3.15));
#153 = LINE('',#154,#155);
#154 = CARTESIAN_POINT('',(-3.,2.7,0.));
#155 = VECTOR('',#156,1.);
#156 = DIRECTION('',(0.,0.,1.));
#157 = ORIENTED_EDGE('',*,*,#158,.T.);
#158 = EDGE_CURVE('',#151,#159,#161,.T.);
#159 = VERTEX_POINT('',#160);
#160 = CARTESIAN_POINT('',(-3.,1.,3.15));
#161 = LINE('',#162,#163);
#162 = CARTESIAN_POINT('',(-3.,3.,3.15));
#163 = VECTOR('',#164,1.);
#164 = DIRECTION('',(0.,-1.,0.));
#165 = ORIENTED_EDGE('',*,*,#166,.T.);
#166 = EDGE_CURVE('',#159,#167,#169,.T.);
#167 = VERTEX_POINT('',#168);
#168 = CARTESIAN_POINT('',(-3.,-1.,3.15));
#169 = LINE('',#170,#171);
#170 = CARTESIAN_POINT('',(-3.,3.,3.15));
#171 = VECTOR('',#172,1.);
#172 = DIRECTION('',(0.,-1.,0.));
#173 = ORIENTED_EDGE('',*,*,#174,.T.);
#174 = EDGE_CURVE('',#167,#118,#175,.T.);
#175 = LINE('',#176,#177);
#176 = CARTESIAN_POINT('',(-3.,3.,3.15));
#177 = VECTOR('',#178,1.);
#178 = DIRECTION('',(0.,-1.,0.));
#179 = ORIENTED_EDGE('',*,*,#126,.F.);
#180 = ORIENTED_EDGE('',*,*,#94,.F.);
#181 = ORIENTED_EDGE('',*,*,#182,.T.);
#182 = EDGE_CURVE('',#87,#183,#185,.T.);
#183 = VERTEX_POINT('',#184);
#184 = CARTESIAN_POINT('',(-3.,-1.25,0.3));
#185 = LINE('',#186,#187);
#186 = CARTESIAN_POINT('',(-3.,-1.25,0.));
#187 = VECTOR('',#188,1.);
#188 = DIRECTION('',(0.,0.,1.));
#189 = ORIENTED_EDGE('',*,*,#190,.T.);
#190 = EDGE_CURVE('',#183,#191,#193,.T.);
#191 = VERTEX_POINT('',#192);
#192 = CARTESIAN_POINT('',(-3.,1.25,0.3));
#193 = LINE('',#194,#195);
#194 = CARTESIAN_POINT('',(-3.,-1.25,0.3));
#195 = VECTOR('',#196,1.);
#196 = DIRECTION('',(0.,1.,0.));
#197 = ORIENTED_EDGE('',*,*,#198,.F.);
#198 = EDGE_CURVE('',#143,#191,#199,.T.);
#199 = LINE('',#200,#201);
#200 = CARTESIAN_POINT('',(-3.,1.25,0.));
#201 = VECTOR('',#202,1.);
#202 = DIRECTION('',(0.,0.,1.));
#203 = FACE_BOUND('',#204,.F.);
#204 = EDGE_LOOP('',(#205,#215,#223,#231));
#205 = ORIENTED_EDGE('',*,*,#206,.F.);
#206 = EDGE_CURVE('',#207,#209,#211,.T.);
#207 = VERTEX_POINT('',#208);
#208 = CARTESIAN_POINT('',(-3.,2.6,0.8));
#209 = VERTEX_POINT('',#210);
#210 = CARTESIAN_POINT('',(-3.,2.6,1.1));
#211 = LINE('',#212,#213);
#212 = CARTESIAN_POINT('',(-3.,2.6,0.8));
#213 = VECTOR('',#214,1.);
#214 = DIRECTION('',(0.,0.,1.));
#215 = ORIENTED_EDGE('',*,*,#216,.T.);
#216 = EDGE_CURVE('',#207,#217,#219,.T.);
#217 = VERTEX_POINT('',#218);
#218 = CARTESIAN_POINT('',(-3.,1.9,0.8));
#219 = LINE('',#220,#221);
#220 = CARTESIAN_POINT('',(-3.,2.6,0.8));
#221 = VECTOR('',#222,1.);
#222 = DIRECTION('',(-1.224646799147E-16,-1.,0.));
#223 = ORIENTED_EDGE('',*,*,#224,.T.);
#224 = EDGE_CURVE('',#217,#225,#227,.T.);
#225 = VERTEX_POINT('',#226);
#226 = CARTESIAN_POINT('',(-3.,1.9,1.1));
#227 = LINE('',#228,#229);
#228 = CARTESIAN_POINT('',(-3.,1.9,0.8));
#229 = VECTOR('',#230,1.);
#230 = DIRECTION('',(0.,0.,1.));
#231 = ORIENTED_EDGE('',*,*,#232,.F.);
#232 = EDGE_CURVE('',#209,#225,#233,.T.);
#233 = LINE('',#234,#235);
#234 = CARTESIAN_POINT('',(-3.,2.6,1.1));
#235 = VECTOR('',#236,1.);
#236 = DIRECTION('',(-1.224646799147E-16,-1.,0.));
#237 = FACE_BOUND('',#238,.F.);
#238 = EDGE_LOOP('',(#239,#249,#257,#265));
#239 = ORIENTED_EDGE('',*,*,#240,.F.);
#240 = EDGE_CURVE('',#241,#243,#245,.T.);
#241 = VERTEX_POINT('',#242);
#242 = CARTESIAN_POINT('',(-3.,-1.9,0.8));
#243 = VERTEX_POINT('',#244);
#244 = CARTESIAN_POINT('',(-3.,-1.9,1.1));
#245 = LINE('',#246,#247);
#246 = CARTESIAN_POINT('',(-3.,-1.9,0.8));
#247 = VECTOR('',#248,1.);
#248 = DIRECTION('',(0.,0.,1.));
#249 = ORIENTED_EDGE('',*,*,#250,.T.);
#250 = EDGE_CURVE('',#241,#251,#253,.T.);
#251 = VERTEX_POINT('',#252);
#252 = CARTESIAN_POINT('',(-3.,-2.6,0.8));
#253 = LINE('',#254,#255);
#254 = CARTESIAN_POINT('',(-3.,-1.9,0.8));
#255 = VECTOR('',#256,1.);
#256 = DIRECTION('',(-1.224646799147E-16,-1.,0.));
#257 = ORIENTED_EDGE('',*,*,#258,.T.);
#258 = EDGE_CURVE('',#251,#259,#261,.T.);
#259 = VERTEX_POINT('',#260);
#260 = CARTESIAN_POINT('',(-3.,-2.6,1.1));
#261 = LINE('',#262,#263);
#262 = CARTESIAN_POINT('',(-3.,-2.6,0.8));
#263 = VECTOR('',#264,1.);
#264 = DIRECTION('',(0.,0.,1.));
#265 = ORIENTED_EDGE('',*,*,#266,.F.);
#266 = EDGE_CURVE('',#243,#259,#267,.T.);
#267 = LINE('',#268,#269);
#268 = CARTESIAN_POINT('',(-3.,-1.9,1.1));
#269 = VECTOR('',#270,1.);
#270 = DIRECTION('',(-1.224646799147E-16,-1.,0.));
#271 = PLANE('',#272);
#272 = AXIS2_PLACEMENT_3D('',#273,#274,#275);
#273 = CARTESIAN_POINT('',(-3.,3.,0.));
#274 = DIRECTION('',(1.,0.,0.));
#275 = DIRECTION('',(0.,-1.,0.));
#276 = ADVANCED_FACE('',(#277),#295,.T.);
#277 = FACE_BOUND('',#278,.T.);
#278 = EDGE_LOOP('',(#279,#280,#281,#289));
#279 = ORIENTED_EDGE('',*,*,#86,.F.);
#280 = ORIENTED_EDGE('',*,*,#182,.T.);
#281 = ORIENTED_EDGE('',*,*,#282,.T.);
#282 = EDGE_CURVE('',#183,#283,#285,.T.);
#283 = VERTEX_POINT('',#284);
#284 = CARTESIAN_POINT('',(-1.25,-1.25,0.3));
#285 = LINE('',#286,#287);
#286 = CARTESIAN_POINT('',(-3.,-1.25,0.3));
#287 = VECTOR('',#288,1.);
#288 = DIRECTION('',(1.,0.,0.));
#289 = ORIENTED_EDGE('',*,*,#290,.T.);
#290 = EDGE_CURVE('',#283,#79,#291,.T.);
#291 = LINE('',#292,#293);
#292 = CARTESIAN_POINT('',(-1.25,-1.25,0.));
#293 = VECTOR('',#294,1.);
#294 = DIRECTION('',(0.,0.,-1.));
#295 = PLANE('',#296);
#296 = AXIS2_PLACEMENT_3D('',#297,#298,#299);
#297 = CARTESIAN_POINT('',(-3.,-1.25,0.));
#298 = DIRECTION('',(0.,1.,0.));
#299 = DIRECTION('',(0.,-0.,1.));
#300 = ADVANCED_FACE('',(#301),#319,.T.);
#301 = FACE_BOUND('',#302,.T.);
#302 = EDGE_LOOP('',(#303,#311,#317,#318));
#303 = ORIENTED_EDGE('',*,*,#304,.F.);
#304 = EDGE_CURVE('',#305,#283,#307,.T.);
#305 = VERTEX_POINT('',#306);
#306 = CARTESIAN_POINT('',(-1.25,-3.,0.3));
#307 = LINE('',#308,#309);
#308 = CARTESIAN_POINT('',(-1.25,-3.,0.3));
#309 = VECTOR('',#310,1.);
#310 = DIRECTION('',(0.,1.,0.));
#311 = ORIENTED_EDGE('',*,*,#312,.F.);
#312 = EDGE_CURVE('',#71,#305,#313,.T.);
#313 = LINE('',#314,#315);
#314 = CARTESIAN_POINT('',(-1.25,-3.,0.));
#315 = VECTOR('',#316,1.);
#316 = DIRECTION('',(0.,0.,1.));
#317 = ORIENTED_EDGE('',*,*,#78,.T.);
#318 = ORIENTED_EDGE('',*,*,#290,.F.);
#319 = PLANE('',#320);
#320 = AXIS2_PLACEMENT_3D('',#321,#322,#323);
#321 = CARTESIAN_POINT('',(-1.25,-3.,0.));
#322 = DIRECTION('',(1.,0.,0.));
#323 = DIRECTION('',(0.,0.,1.));
#324 = ADVANCED_FACE('',(#325),#384,.F.);
#325 = FACE_BOUND('',#326,.F.);
#326 = EDGE_LOOP('',(#327,#328,#329,#337,#345,#353,#361,#369,#377,#383)
  );
#327 = ORIENTED_EDGE('',*,*,#70,.F.);
#328 = ORIENTED_EDGE('',*,*,#109,.T.);
#329 = ORIENTED_EDGE('',*,*,#330,.T.);
#330 = EDGE_CURVE('',#110,#331,#333,.T.);
#331 = VERTEX_POINT('',#332);
#332 = CARTESIAN_POINT('',(-1.,-3.,3.15));
#333 = LINE('',#334,#335);
#334 = CARTESIAN_POINT('',(-3.,-3.,3.15));
#335 = VECTOR('',#336,1.);
#336 = DIRECTION('',(1.,0.,0.));
#337 = ORIENTED_EDGE('',*,*,#338,.T.);
#338 = EDGE_CURVE('',#331,#339,#341,.T.);
#339 = VERTEX_POINT('',#340);
#340 = CARTESIAN_POINT('',(1.,-3.,3.15));
#341 = LINE('',#342,#343);
#342 = CARTESIAN_POINT('',(-3.,-3.,3.15));
#343 = VECTOR('',#344,1.);
#344 = DIRECTION('',(1.,0.,0.));
#345 = ORIENTED_EDGE('',*,*,#346,.T.);
#346 = EDGE_CURVE('',#339,#347,#349,.T.);
#347 = VERTEX_POINT('',#348);
#348 = CARTESIAN_POINT('',(2.7,-3.,3.15));
#349 = LINE('',#350,#351);
#350 = CARTESIAN_POINT('',(-3.,-3.,3.15));
#351 = VECTOR('',#352,1.);
#352 = DIRECTION('',(1.,0.,0.));
#353 = ORIENTED_EDGE('',*,*,#354,.F.);
#354 = EDGE_CURVE('',#355,#347,#357,.T.);
#355 = VERTEX_POINT('',#356);
#356 = CARTESIAN_POINT('',(2.7,-3.,0.));
#357 = LINE('',#358,#359);
#358 = CARTESIAN_POINT('',(2.7,-3.,0.));
#359 = VECTOR('',#360,1.);
#360 = DIRECTION('',(0.,0.,1.));
#361 = ORIENTED_EDGE('',*,*,#362,.F.);
#362 = EDGE_CURVE('',#363,#355,#365,.T.);
#363 = VERTEX_POINT('',#364);
#364 = CARTESIAN_POINT('',(1.25,-3.,0.));
#365 = LINE('',#366,#367);
#366 = CARTESIAN_POINT('',(-3.,-3.,0.));
#367 = VECTOR('',#368,1.);
#368 = DIRECTION('',(1.,0.,0.));
#369 = ORIENTED_EDGE('',*,*,#370,.T.);
#370 = EDGE_CURVE('',#363,#371,#373,.T.);
#371 = VERTEX_POINT('',#372);
#372 = CARTESIAN_POINT('',(1.25,-3.,0.3));
#373 = LINE('',#374,#375);
#374 = CARTESIAN_POINT('',(1.25,-3.,0.));
#375 = VECTOR('',#376,1.);
#376 = DIRECTION('',(0.,0.,1.));
#377 = ORIENTED_EDGE('',*,*,#378,.F.);
#378 = EDGE_CURVE('',#305,#371,#379,.T.);
#379 = LINE('',#380,#381);
#380 = CARTESIAN_POINT('',(-1.25,-3.,0.3));
#381 = VECTOR('',#382,1.);
#382 = DIRECTION('',(1.,0.,0.));
#383 = ORIENTED_EDGE('',*,*,#312,.F.);
#384 = PLANE('',#385);
#385 = AXIS2_PLACEMENT_3D('',#386,#387,#388);
#386 = CARTESIAN_POINT('',(-3.,-3.,0.));
#387 = DIRECTION('',(0.,1.,0.));
#388 = DIRECTION('',(1.,0.,0.));
#389 = ADVANCED_FACE('',(#390),#416,.T.);
#390 = FACE_BOUND('',#391,.T.);
#391 = EDGE_LOOP('',(#392,#393,#401,#410));
#392 = ORIENTED_EDGE('',*,*,#117,.T.);
#393 = ORIENTED_EDGE('',*,*,#394,.T.);
#394 = EDGE_CURVE('',#110,#395,#397,.T.);
#395 = VERTEX_POINT('',#396);
#396 = CARTESIAN_POINT('',(-2.7,-3.,3.45));
#397 = LINE('',#398,#399);
#398 = CARTESIAN_POINT('',(-2.7,-3.,3.15));
#399 = VECTOR('',#400,1.);
#400 = DIRECTION('',(0.,0.,1.));
#401 = ORIENTED_EDGE('',*,*,#402,.F.);
#402 = EDGE_CURVE('',#403,#395,#405,.T.);
#403 = VERTEX_POINT('',#404);
#404 = CARTESIAN_POINT('',(-3.,-2.7,3.45));
#405 = CIRCLE('',#406,0.3);
#406 = AXIS2_PLACEMENT_3D('',#407,#408,#409);
#407 = CARTESIAN_POINT('',(-2.7,-2.7,3.45));
#408 = DIRECTION('',(-0.,0.,1.));
#409 = DIRECTION('',(0.,-1.,0.));
#410 = ORIENTED_EDGE('',*,*,#411,.F.);
#411 = EDGE_CURVE('',#118,#403,#412,.T.);
#412 = LINE('',#413,#414);
#413 = CARTESIAN_POINT('',(-3.,-2.7,3.15));
#414 = VECTOR('',#415,1.);
#415 = DIRECTION('',(0.,0.,1.));
#416 = CYLINDRICAL_SURFACE('',#417,0.3);
#417 = AXIS2_PLACEMENT_3D('',#418,#419,#420);
#418 = CARTESIAN_POINT('',(-2.7,-2.7,3.15));
#419 = DIRECTION('',(0.,0.,1.));
#420 = DIRECTION('',(-1.,0.,0.));
#421 = ADVANCED_FACE('',(#422),#456,.F.);
#422 = FACE_BOUND('',#423,.F.);
#423 = EDGE_LOOP('',(#424,#425,#433,#441,#449));
#424 = ORIENTED_EDGE('',*,*,#140,.T.);
#425 = ORIENTED_EDGE('',*,*,#426,.T.);
#426 = EDGE_CURVE('',#143,#427,#429,.T.);
#427 = VERTEX_POINT('',#428);
#428 = CARTESIAN_POINT('',(-1.25,1.25,0.));
#429 = LINE('',#430,#431);
#430 = CARTESIAN_POINT('',(-3.,1.25,0.));
#431 = VECTOR('',#432,1.);
#432 = DIRECTION('',(1.,0.,0.));
#433 = ORIENTED_EDGE('',*,*,#434,.T.);
#434 = EDGE_CURVE('',#427,#435,#437,.T.);
#435 = VERTEX_POINT('',#436);
#436 = CARTESIAN_POINT('',(-1.25,3.,0.));
#437 = LINE('',#438,#439);
#438 = CARTESIAN_POINT('',(-1.25,-3.,0.));
#439 = VECTOR('',#440,1.);
#440 = DIRECTION('',(0.,1.,0.));
#441 = ORIENTED_EDGE('',*,*,#442,.T.);
#442 = EDGE_CURVE('',#435,#443,#445,.T.);
#443 = VERTEX_POINT('',#444);
#444 = CARTESIAN_POINT('',(-2.7,3.,0.));
#445 = LINE('',#446,#447);
#446 = CARTESIAN_POINT('',(3.,3.,0.));
#447 = VECTOR('',#448,1.);
#448 = DIRECTION('',(-1.,0.,0.));
#449 = ORIENTED_EDGE('',*,*,#450,.T.);
#450 = EDGE_CURVE('',#443,#141,#451,.T.);
#451 = CIRCLE('',#452,0.3);
#452 = AXIS2_PLACEMENT_3D('',#453,#454,#455);
#453 = CARTESIAN_POINT('',(-2.7,2.7,0.));
#454 = DIRECTION('',(-0.,0.,1.));
#455 = DIRECTION('',(0.,-1.,0.));
#456 = PLANE('',#457);
#457 = AXIS2_PLACEMENT_3D('',#458,#459,#460);
#458 = CARTESIAN_POINT('',(0.,0.,0.));
#459 = DIRECTION('',(0.,0.,1.));
#460 = DIRECTION('',(1.,0.,-0.));
#461 = ADVANCED_FACE('',(#462),#481,.T.);
#462 = FACE_BOUND('',#463,.T.);
#463 = EDGE_LOOP('',(#464,#465,#466,#475));
#464 = ORIENTED_EDGE('',*,*,#450,.T.);
#465 = ORIENTED_EDGE('',*,*,#150,.T.);
#466 = ORIENTED_EDGE('',*,*,#467,.F.);
#467 = EDGE_CURVE('',#468,#151,#470,.T.);
#468 = VERTEX_POINT('',#469);
#469 = CARTESIAN_POINT('',(-2.7,3.,3.15));
#470 = CIRCLE('',#471,0.3);
#471 = AXIS2_PLACEMENT_3D('',#472,#473,#474);
#472 = CARTESIAN_POINT('',(-2.7,2.7,3.15));
#473 = DIRECTION('',(-0.,0.,1.));
#474 = DIRECTION('',(0.,-1.,0.));
#475 = ORIENTED_EDGE('',*,*,#476,.F.);
#476 = EDGE_CURVE('',#443,#468,#477,.T.);
#477 = LINE('',#478,#479);
#478 = CARTESIAN_POINT('',(-2.7,3.,0.));
#479 = VECTOR('',#480,1.);
#480 = DIRECTION('',(0.,0.,1.));
#481 = CYLINDRICAL_SURFACE('',#482,0.3);
#482 = AXIS2_PLACEMENT_3D('',#483,#484,#485);
#483 = CARTESIAN_POINT('',(-2.7,2.7,0.));
#484 = DIRECTION('',(0.,0.,1.));
#485 = DIRECTION('',(0.,1.,0.));
#486 = ADVANCED_FACE('',(#487),#505,.F.);
#487 = FACE_BOUND('',#488,.F.);
#488 = EDGE_LOOP('',(#489,#490,#491,#499));
#489 = ORIENTED_EDGE('',*,*,#426,.F.);
#490 = ORIENTED_EDGE('',*,*,#198,.T.);
#491 = ORIENTED_EDGE('',*,*,#492,.T.);
#492 = EDGE_CURVE('',#191,#493,#495,.T.);
#493 = VERTEX_POINT('',#494);
#494 = CARTESIAN_POINT('',(-1.25,1.25,0.3));
#495 = LINE('',#496,#497);
#496 = CARTESIAN_POINT('',(-3.,1.25,0.3));
#497 = VECTOR('',#498,1.);
#498 = DIRECTION('',(1.,0.,0.));
#499 = ORIENTED_EDGE('',*,*,#500,.T.);
#500 = EDGE_CURVE('',#493,#427,#501,.T.);
#501 = LINE('',#502,#503);
#502 = CARTESIAN_POINT('',(-1.25,1.25,0.));
#503 = VECTOR('',#504,1.);
#504 = DIRECTION('',(0.,0.,-1.));
#505 = PLANE('',#506);
#506 = AXIS2_PLACEMENT_3D('',#507,#508,#509);
#507 = CARTESIAN_POINT('',(-3.,1.25,0.));
#508 = DIRECTION('',(0.,1.,0.));
#509 = DIRECTION('',(0.,-0.,1.));
#510 = ADVANCED_FACE('',(#511),#536,.F.);
#511 = FACE_BOUND('',#512,.F.);
#512 = EDGE_LOOP('',(#513,#514,#522,#530));
#513 = ORIENTED_EDGE('',*,*,#158,.F.);
#514 = ORIENTED_EDGE('',*,*,#515,.T.);
#515 = EDGE_CURVE('',#151,#516,#518,.T.);
#516 = VERTEX_POINT('',#517);
#517 = CARTESIAN_POINT('',(-3.,2.7,3.45));
#518 = LINE('',#519,#520);
#519 = CARTESIAN_POINT('',(-3.,2.7,3.15));
#520 = VECTOR('',#521,1.);
#521 = DIRECTION('',(0.,0.,1.));
#522 = ORIENTED_EDGE('',*,*,#523,.T.);
#523 = EDGE_CURVE('',#516,#524,#526,.T.);
#524 = VERTEX_POINT('',#525);
#525 = CARTESIAN_POINT('',(-3.,1.,3.45));
#526 = LINE('',#527,#528);
#527 = CARTESIAN_POINT('',(-3.,3.,3.45));
#528 = VECTOR('',#529,1.);
#529 = DIRECTION('',(0.,-1.,0.));
#530 = ORIENTED_EDGE('',*,*,#531,.F.);
#531 = EDGE_CURVE('',#159,#524,#532,.T.);
#532 = LINE('',#533,#534);
#533 = CARTESIAN_POINT('',(-3.,1.,3.15));
#534 = VECTOR('',#535,1.);
#535 = DIRECTION('',(0.,0.,1.));
#536 = PLANE('',#537);
#537 = AXIS2_PLACEMENT_3D('',#538,#539,#540);
#538 = CARTESIAN_POINT('',(-3.,3.,3.15));
#539 = DIRECTION('',(1.,0.,0.));
#540 = DIRECTION('',(0.,-1.,0.));
#541 = ADVANCED_FACE('',(#542),#603,.F.);
#542 = FACE_BOUND('',#543,.F.);
#543 = EDGE_LOOP('',(#544,#545,#546,#547,#548,#549,#557,#565,#573,#581,
    #589,#597));
#544 = ORIENTED_EDGE('',*,*,#492,.F.);
#545 = ORIENTED_EDGE('',*,*,#190,.F.);
#546 = ORIENTED_EDGE('',*,*,#282,.T.);
#547 = ORIENTED_EDGE('',*,*,#304,.F.);
#548 = ORIENTED_EDGE('',*,*,#378,.T.);
#549 = ORIENTED_EDGE('',*,*,#550,.T.);
#550 = EDGE_CURVE('',#371,#551,#553,.T.);
#551 = VERTEX_POINT('',#552);
#552 = CARTESIAN_POINT('',(1.25,-1.25,0.3));
#553 = LINE('',#554,#555);
#554 = CARTESIAN_POINT('',(1.25,-3.,0.3));
#555 = VECTOR('',#556,1.);
#556 = DIRECTION('',(0.,1.,0.));
#557 = ORIENTED_EDGE('',*,*,#558,.T.);
#558 = EDGE_CURVE('',#551,#559,#561,.T.);
#559 = VERTEX_POINT('',#560);
#560 = CARTESIAN_POINT('',(3.,-1.25,0.3));
#561 = LINE('',#562,#563);
#562 = CARTESIAN_POINT('',(-3.,-1.25,0.3));
#563 = VECTOR('',#564,1.);
#564 = DIRECTION('',(1.,0.,0.));
#565 = ORIENTED_EDGE('',*,*,#566,.T.);
#566 = EDGE_CURVE('',#559,#567,#569,.T.);
#567 = VERTEX_POINT('',#568);
#568 = CARTESIAN_POINT('',(3.,1.25,0.3));
#569 = LINE('',#570,#571);
#570 = CARTESIAN_POINT('',(3.,-1.25,0.3));
#571 = VECTOR('',#572,1.);
#572 = DIRECTION('',(0.,1.,0.));
#573 = ORIENTED_EDGE('',*,*,#574,.F.);
#574 = EDGE_CURVE('',#575,#567,#577,.T.);
#575 = VERTEX_POINT('',#576);
#576 = CARTESIAN_POINT('',(1.25,1.25,0.3));
#577 = LINE('',#578,#579);
#578 = CARTESIAN_POINT('',(-3.,1.25,0.3));
#579 = VECTOR('',#580,1.);
#580 = DIRECTION('',(1.,0.,0.));
#581 = ORIENTED_EDGE('',*,*,#582,.T.);
#582 = EDGE_CURVE('',#575,#583,#585,.T.);
#583 = VERTEX_POINT('',#584);
#584 = CARTESIAN_POINT('',(1.25,3.,0.3));
#585 = LINE('',#586,#587);
#586 = CARTESIAN_POINT('',(1.25,-3.,0.3));
#587 = VECTOR('',#588,1.);
#588 = DIRECTION('',(0.,1.,0.));
#589 = ORIENTED_EDGE('',*,*,#590,.F.);
#590 = EDGE_CURVE('',#591,#583,#593,.T.);
#591 = VERTEX_POINT('',#592);
#592 = CARTESIAN_POINT('',(-1.25,3.,0.3));
#593 = LINE('',#594,#595);
#594 = CARTESIAN_POINT('',(-1.25,3.,0.3));
#595 = VECTOR('',#596,1.);
#596 = DIRECTION('',(1.,0.,0.));
#597 = ORIENTED_EDGE('',*,*,#598,.F.);
#598 = EDGE_CURVE('',#493,#591,#599,.T.);
#599 = LINE('',#600,#601);
#600 = CARTESIAN_POINT('',(-1.25,-3.,0.3));
#601 = VECTOR('',#602,1.);
#602 = DIRECTION('',(0.,1.,0.));
#603 = PLANE('',#604);
#604 = AXIS2_PLACEMENT_3D('',#605,#606,#607);
#605 = CARTESIAN_POINT('',(-3.,-1.25,0.3));
#606 = DIRECTION('',(0.,0.,1.));
#607 = DIRECTION('',(1.,0.,-0.));
#608 = ADVANCED_FACE('',(#609),#634,.T.);
#609 = FACE_BOUND('',#610,.T.);
#610 = EDGE_LOOP('',(#611,#612,#620,#628));
#611 = ORIENTED_EDGE('',*,*,#166,.T.);
#612 = ORIENTED_EDGE('',*,*,#613,.F.);
#613 = EDGE_CURVE('',#614,#167,#616,.T.);
#614 = VERTEX_POINT('',#615);
#615 = CARTESIAN_POINT('',(-2.8,-1.,3.15));
#616 = LINE('',#617,#618);
#617 = CARTESIAN_POINT('',(-2.8,-1.,3.15));
#618 = VECTOR('',#619,1.);
#619 = DIRECTION('',(-1.,-0.,-0.));
#620 = ORIENTED_EDGE('',*,*,#621,.F.);
#621 = EDGE_CURVE('',#622,#614,#624,.T.);
#622 = VERTEX_POINT('',#623);
#623 = CARTESIAN_POINT('',(-2.8,1.,3.15));
#624 = LINE('',#625,#626);
#625 = CARTESIAN_POINT('',(-2.8,1.,3.15));
#626 = VECTOR('',#627,1.);
#627 = DIRECTION('',(-0.,-1.,-0.));
#628 = ORIENTED_EDGE('',*,*,#629,.F.);
#629 = EDGE_CURVE('',#159,#622,#630,.T.);
#630 = LINE('',#631,#632);
#631 = CARTESIAN_POINT('',(-3.,1.,3.15));
#632 = VECTOR('',#633,1.);
#633 = DIRECTION('',(1.,0.,0.));
#634 = PLANE('',#635);
#635 = AXIS2_PLACEMENT_3D('',#636,#637,#638);
#636 = CARTESIAN_POINT('',(0.,0.,3.15));
#637 = DIRECTION('',(0.,0.,1.));
#638 = DIRECTION('',(1.,0.,-0.));
#639 = ADVANCED_FACE('',(#640),#658,.F.);
#640 = FACE_BOUND('',#641,.F.);
#641 = EDGE_LOOP('',(#642,#643,#651,#657));
#642 = ORIENTED_EDGE('',*,*,#174,.F.);
#643 = ORIENTED_EDGE('',*,*,#644,.T.);
#644 = EDGE_CURVE('',#167,#645,#647,.T.);
#645 = VERTEX_POINT('',#646);
#646 = CARTESIAN_POINT('',(-3.,-1.,3.45));
#647 = LINE('',#648,#649);
#648 = CARTESIAN_POINT('',(-3.,-1.,3.15));
#649 = VECTOR('',#650,1.);
#650 = DIRECTION('',(0.,0.,1.));
#651 = ORIENTED_EDGE('',*,*,#652,.T.);
#652 = EDGE_CURVE('',#645,#403,#653,.T.);
#653 = LINE('',#654,#655);
#654 = CARTESIAN_POINT('',(-3.,3.,3.45));
#655 = VECTOR('',#656,1.);
#656 = DIRECTION('',(0.,-1.,0.));
#657 = ORIENTED_EDGE('',*,*,#411,.F.);
#658 = PLANE('',#659);
#659 = AXIS2_PLACEMENT_3D('',#660,#661,#662);
#660 = CARTESIAN_POINT('',(-3.,3.,3.15));
#661 = DIRECTION('',(1.,0.,0.));
#662 = DIRECTION('',(0.,-1.,0.));
#663 = ADVANCED_FACE('',(#664),#739,.F.);
#664 = FACE_BOUND('',#665,.F.);
#665 = EDGE_LOOP('',(#666,#676,#685,#693,#699,#700,#708,#717,#725,#733)
  );
#666 = ORIENTED_EDGE('',*,*,#667,.T.);
#667 = EDGE_CURVE('',#668,#670,#672,.T.);
#668 = VERTEX_POINT('',#669);
#669 = CARTESIAN_POINT('',(-4.5,2.6,0.));
#670 = VERTEX_POINT('',#671);
#671 = CARTESIAN_POINT('',(-3.449217410273,2.6,0.));
#672 = LINE('',#673,#674);
#673 = CARTESIAN_POINT('',(-4.5,2.6,0.));
#674 = VECTOR('',#675,1.);
#675 = DIRECTION('',(1.,-1.224646799147E-16,0.));
#676 = ORIENTED_EDGE('',*,*,#677,.T.);
#677 = EDGE_CURVE('',#670,#678,#680,.T.);
#678 = VERTEX_POINT('',#679);
#679 = CARTESIAN_POINT('',(-3.154303630092,2.6,0.244992161835));
#680 = CIRCLE('',#681,0.3);
#681 = AXIS2_PLACEMENT_3D('',#682,#683,#684);
#682 = CARTESIAN_POINT('',(-3.449217410273,2.6,0.3));
#683 = DIRECTION('',(-1.224646799147E-16,-1.,-0.));
#684 = DIRECTION('',(0.,0.,-1.));
#685 = ORIENTED_EDGE('',*,*,#686,.T.);
#686 = EDGE_CURVE('',#678,#687,#689,.T.);
#687 = VERTEX_POINT('',#688);
#688 = CARTESIAN_POINT('',(-3.050782589727,2.6,0.8));
#689 = LINE('',#690,#691);
#690 = CARTESIAN_POINT('',(-3.154303630092,2.6,0.244992161835));
#691 = VECTOR('',#692,1.);
#692 = DIRECTION('',(0.183359460551,-2.245505764576E-17,0.983045933935)
  );
#693 = ORIENTED_EDGE('',*,*,#694,.T.);
#694 = EDGE_CURVE('',#687,#207,#695,.T.);
#695 = LINE('',#696,#697);
#696 = CARTESIAN_POINT('',(-3.050782589727,2.6,0.8));
#697 = VECTOR('',#698,1.);
#698 = DIRECTION('',(1.,-1.224646799147E-16,0.));
#699 = ORIENTED_EDGE('',*,*,#206,.T.);
#700 = ORIENTED_EDGE('',*,*,#701,.T.);
#701 = EDGE_CURVE('',#209,#702,#704,.T.);
#702 = VERTEX_POINT('',#703);
#703 = CARTESIAN_POINT('',(-3.050782589727,2.6,1.1));
#704 = LINE('',#705,#706);
#705 = CARTESIAN_POINT('',(-3.,2.6,1.1));
#706 = VECTOR('',#707,1.);
#707 = DIRECTION('',(-1.,1.224646799147E-16,0.));
#708 = ORIENTED_EDGE('',*,*,#709,.T.);
#709 = EDGE_CURVE('',#702,#710,#712,.T.);
#710 = VERTEX_POINT('',#711);
#711 = CARTESIAN_POINT('',(-3.345696369908,2.6,0.855007838165));
#712 = CIRCLE('',#713,0.3);
#713 = AXIS2_PLACEMENT_3D('',#714,#715,#716);
#714 = CARTESIAN_POINT('',(-3.050782589727,2.6,0.8));
#715 = DIRECTION('',(-1.224646799147E-16,-1.,0.));
#716 = DIRECTION('',(-7.401486830834E-16,9.06420715631E-32,1.));
#717 = ORIENTED_EDGE('',*,*,#718,.T.);
#718 = EDGE_CURVE('',#710,#719,#721,.T.);
#719 = VERTEX_POINT('',#720);
#720 = CARTESIAN_POINT('',(-3.449217410273,2.6,0.3));
#721 = LINE('',#722,#723);
#722 = CARTESIAN_POINT('',(-3.345696369908,2.6,0.855007838165));
#723 = VECTOR('',#724,1.);
#724 = DIRECTION('',(-0.183359460551,2.245505764576E-17,-0.983045933935)
  );
#725 = ORIENTED_EDGE('',*,*,#726,.T.);
#726 = EDGE_CURVE('',#719,#727,#729,.T.);
#727 = VERTEX_POINT('',#728);
#728 = CARTESIAN_POINT('',(-4.5,2.6,0.3));
#729 = LINE('',#730,#731);
#730 = CARTESIAN_POINT('',(-3.449217410273,2.6,0.3));
#731 = VECTOR('',#732,1.);
#732 = DIRECTION('',(-1.,1.224646799147E-16,5.28283888351E-17));
#733 = ORIENTED_EDGE('',*,*,#734,.T.);
#734 = EDGE_CURVE('',#727,#668,#735,.T.);
#735 = LINE('',#736,#737);
#736 = CARTESIAN_POINT('',(-4.5,2.6,0.3));
#737 = VECTOR('',#738,1.);
#738 = DIRECTION('',(0.,0.,-1.));
#739 = PLANE('',#740);
#740 = AXIS2_PLACEMENT_3D('',#741,#742,#743);
#741 = CARTESIAN_POINT('',(-3.628410136446,2.6,0.381817717135));
#742 = DIRECTION('',(-1.224646799147E-16,-1.,0.));
#743 = DIRECTION('',(0.,0.,1.));
#744 = ADVANCED_FACE('',(#745),#763,.T.);
#745 = FACE_BOUND('',#746,.T.);
#746 = EDGE_LOOP('',(#747,#748,#749,#757));
#747 = ORIENTED_EDGE('',*,*,#232,.F.);
#748 = ORIENTED_EDGE('',*,*,#701,.T.);
#749 = ORIENTED_EDGE('',*,*,#750,.T.);
#750 = EDGE_CURVE('',#702,#751,#753,.T.);
#751 = VERTEX_POINT('',#752);
#752 = CARTESIAN_POINT('',(-3.050782589727,1.9,1.1));
#753 = LINE('',#754,#755);
#754 = CARTESIAN_POINT('',(-3.050782589727,2.6,1.1));
#755 = VECTOR('',#756,1.);
#756 = DIRECTION('',(-1.224646799147E-16,-1.,0.));
#757 = ORIENTED_EDGE('',*,*,#758,.F.);
#758 = EDGE_CURVE('',#225,#751,#759,.T.);
#759 = LINE('',#760,#761);
#760 = CARTESIAN_POINT('',(-3.,1.9,1.1));
#761 = VECTOR('',#762,1.);
#762 = DIRECTION('',(-1.,1.224646799147E-16,0.));
#763 = PLANE('',#764);
#764 = AXIS2_PLACEMENT_3D('',#765,#766,#767);
#765 = CARTESIAN_POINT('',(-3.,2.25,1.1));
#766 = DIRECTION('',(0.,0.,1.));
#767 = DIRECTION('',(-1.,1.224646799147E-16,0.));
#768 = ADVANCED_FACE('',(#769),#837,.T.);
#769 = FACE_BOUND('',#770,.T.);
#770 = EDGE_LOOP('',(#771,#781,#790,#798,#804,#805,#806,#815,#823,#831)
  );
#771 = ORIENTED_EDGE('',*,*,#772,.T.);
#772 = EDGE_CURVE('',#773,#775,#777,.T.);
#773 = VERTEX_POINT('',#774);
#774 = CARTESIAN_POINT('',(-4.5,1.9,0.));
#775 = VERTEX_POINT('',#776);
#776 = CARTESIAN_POINT('',(-3.449217410273,1.9,0.));
#777 = LINE('',#778,#779);
#778 = CARTESIAN_POINT('',(-4.5,1.9,0.));
#779 = VECTOR('',#780,1.);
#780 = DIRECTION('',(1.,-1.224646799147E-16,0.));
#781 = ORIENTED_EDGE('',*,*,#782,.T.);
#782 = EDGE_CURVE('',#775,#783,#785,.T.);
#783 = VERTEX_POINT('',#784);
#784 = CARTESIAN_POINT('',(-3.154303630092,1.9,0.244992161835));
#785 = CIRCLE('',#786,0.3);
#786 = AXIS2_PLACEMENT_3D('',#787,#788,#789);
#787 = CARTESIAN_POINT('',(-3.449217410273,1.9,0.3));
#788 = DIRECTION('',(-1.224646799147E-16,-1.,-0.));
#789 = DIRECTION('',(0.,0.,-1.));
#790 = ORIENTED_EDGE('',*,*,#791,.T.);
#791 = EDGE_CURVE('',#783,#792,#794,.T.);
#792 = VERTEX_POINT('',#793);
#793 = CARTESIAN_POINT('',(-3.050782589727,1.9,0.8));
#794 = LINE('',#795,#796);
#795 = CARTESIAN_POINT('',(-3.154303630092,1.9,0.244992161835));
#796 = VECTOR('',#797,1.);
#797 = DIRECTION('',(0.183359460551,-2.245505764576E-17,0.983045933935)
  );
#798 = ORIENTED_EDGE('',*,*,#799,.T.);
#799 = EDGE_CURVE('',#792,#217,#800,.T.);
#800 = LINE('',#801,#802);
#801 = CARTESIAN_POINT('',(-3.050782589727,1.9,0.8));
#802 = VECTOR('',#803,1.);
#803 = DIRECTION('',(1.,-1.224646799147E-16,0.));
#804 = ORIENTED_EDGE('',*,*,#224,.T.);
#805 = ORIENTED_EDGE('',*,*,#758,.T.);
#806 = ORIENTED_EDGE('',*,*,#807,.T.);
#807 = EDGE_CURVE('',#751,#808,#810,.T.);
#808 = VERTEX_POINT('',#809);
#809 = CARTESIAN_POINT('',(-3.345696369908,1.9,0.855007838165));
#810 = CIRCLE('',#811,0.3);
#811 = AXIS2_PLACEMENT_3D('',#812,#813,#814);
#812 = CARTESIAN_POINT('',(-3.050782589727,1.9,0.8));
#813 = DIRECTION('',(-1.224646799147E-16,-1.,0.));
#814 = DIRECTION('',(-7.401486830834E-16,9.06420715631E-32,1.));
#815 = ORIENTED_EDGE('',*,*,#816,.T.);
#816 = EDGE_CURVE('',#808,#817,#819,.T.);
#817 = VERTEX_POINT('',#818);
#818 = CARTESIAN_POINT('',(-3.449217410273,1.9,0.3));
#819 = LINE('',#820,#821);
#820 = CARTESIAN_POINT('',(-3.345696369908,1.9,0.855007838165));
#821 = VECTOR('',#822,1.);
#822 = DIRECTION('',(-0.183359460551,2.245505764576E-17,-0.983045933935)
  );
#823 = ORIENTED_EDGE('',*,*,#824,.T.);
#824 = EDGE_CURVE('',#817,#825,#827,.T.);
#825 = VERTEX_POINT('',#826);
#826 = CARTESIAN_POINT('',(-4.5,1.9,0.3));
#827 = LINE('',#828,#829);
#828 = CARTESIAN_POINT('',(-3.449217410273,1.9,0.3));
#829 = VECTOR('',#830,1.);
#830 = DIRECTION('',(-1.,1.224646799147E-16,5.28283888351E-17));
#831 = ORIENTED_EDGE('',*,*,#832,.T.);
#832 = EDGE_CURVE('',#825,#773,#833,.T.);
#833 = LINE('',#834,#835);
#834 = CARTESIAN_POINT('',(-4.5,1.9,0.3));
#835 = VECTOR('',#836,1.);
#836 = DIRECTION('',(0.,0.,-1.));
#837 = PLANE('',#838);
#838 = AXIS2_PLACEMENT_3D('',#839,#840,#841);
#839 = CARTESIAN_POINT('',(-3.628410136446,1.9,0.381817717135));
#840 = DIRECTION('',(-1.224646799147E-16,-1.,0.));
#841 = DIRECTION('',(0.,0.,1.));
#842 = ADVANCED_FACE('',(#843),#854,.T.);
#843 = FACE_BOUND('',#844,.T.);
#844 = EDGE_LOOP('',(#845,#851,#852,#853));
#845 = ORIENTED_EDGE('',*,*,#846,.F.);
#846 = EDGE_CURVE('',#687,#792,#847,.T.);
#847 = LINE('',#848,#849);
#848 = CARTESIAN_POINT('',(-3.050782589727,2.6,0.8));
#849 = VECTOR('',#850,1.);
#850 = DIRECTION('',(-1.224646799147E-16,-1.,0.));
#851 = ORIENTED_EDGE('',*,*,#694,.T.);
#852 = ORIENTED_EDGE('',*,*,#216,.T.);
#853 = ORIENTED_EDGE('',*,*,#799,.F.);
#854 = PLANE('',#855);
#855 = AXIS2_PLACEMENT_3D('',#856,#857,#858);
#856 = CARTESIAN_POINT('',(-3.050782589727,2.25,0.8));
#857 = DIRECTION('',(0.,0.,-1.));
#858 = DIRECTION('',(1.,-1.224646799147E-16,0.));
#859 = ADVANCED_FACE('',(#860),#935,.F.);
#860 = FACE_BOUND('',#861,.F.);
#861 = EDGE_LOOP('',(#862,#872,#881,#889,#895,#896,#904,#913,#921,#929)
  );
#862 = ORIENTED_EDGE('',*,*,#863,.T.);
#863 = EDGE_CURVE('',#864,#866,#868,.T.);
#864 = VERTEX_POINT('',#865);
#865 = CARTESIAN_POINT('',(-4.5,-1.9,0.));
#866 = VERTEX_POINT('',#867);
#867 = CARTESIAN_POINT('',(-3.449217410273,-1.9,0.));
#868 = LINE('',#869,#870);
#869 = CARTESIAN_POINT('',(-4.5,-1.9,0.));
#870 = VECTOR('',#871,1.);
#871 = DIRECTION('',(1.,-1.224646799147E-16,0.));
#872 = ORIENTED_EDGE('',*,*,#873,.T.);
#873 = EDGE_CURVE('',#866,#874,#876,.T.);
#874 = VERTEX_POINT('',#875);
#875 = CARTESIAN_POINT('',(-3.154303630092,-1.9,0.244992161835));
#876 = CIRCLE('',#877,0.3);
#877 = AXIS2_PLACEMENT_3D('',#878,#879,#880);
#878 = CARTESIAN_POINT('',(-3.449217410273,-1.9,0.3));
#879 = DIRECTION('',(-1.224646799147E-16,-1.,-0.));
#880 = DIRECTION('',(0.,0.,-1.));
#881 = ORIENTED_EDGE('',*,*,#882,.T.);
#882 = EDGE_CURVE('',#874,#883,#885,.T.);
#883 = VERTEX_POINT('',#884);
#884 = CARTESIAN_POINT('',(-3.050782589727,-1.9,0.8));
#885 = LINE('',#886,#887);
#886 = CARTESIAN_POINT('',(-3.154303630092,-1.9,0.244992161835));
#887 = VECTOR('',#888,1.);
#888 = DIRECTION('',(0.183359460551,-2.245505764576E-17,0.983045933935)
  );
#889 = ORIENTED_EDGE('',*,*,#890,.T.);
#890 = EDGE_CURVE('',#883,#241,#891,.T.);
#891 = LINE('',#892,#893);
#892 = CARTESIAN_POINT('',(-3.050782589727,-1.9,0.8));
#893 = VECTOR('',#894,1.);
#894 = DIRECTION('',(1.,-1.224646799147E-16,0.));
#895 = ORIENTED_EDGE('',*,*,#240,.T.);
#896 = ORIENTED_EDGE('',*,*,#897,.T.);
#897 = EDGE_CURVE('',#243,#898,#900,.T.);
#898 = VERTEX_POINT('',#899);
#899 = CARTESIAN_POINT('',(-3.050782589727,-1.9,1.1));
#900 = LINE('',#901,#902);
#901 = CARTESIAN_POINT('',(-3.,-1.9,1.1));
#902 = VECTOR('',#903,1.);
#903 = DIRECTION('',(-1.,1.224646799147E-16,0.));
#904 = ORIENTED_EDGE('',*,*,#905,.T.);
#905 = EDGE_CURVE('',#898,#906,#908,.T.);
#906 = VERTEX_POINT('',#907);
#907 = CARTESIAN_POINT('',(-3.345696369908,-1.9,0.855007838165));
#908 = CIRCLE('',#909,0.3);
#909 = AXIS2_PLACEMENT_3D('',#910,#911,#912);
#910 = CARTESIAN_POINT('',(-3.050782589727,-1.9,0.8));
#911 = DIRECTION('',(-1.224646799147E-16,-1.,0.));
#912 = DIRECTION('',(-7.401486830834E-16,9.06420715631E-32,1.));
#913 = ORIENTED_EDGE('',*,*,#914,.T.);
#914 = EDGE_CURVE('',#906,#915,#917,.T.);
#915 = VERTEX_POINT('',#916);
#916 = CARTESIAN_POINT('',(-3.449217410273,-1.9,0.3));
#917 = LINE('',#918,#919);
#918 = CARTESIAN_POINT('',(-3.345696369908,-1.9,0.855007838165));
#919 = VECTOR('',#920,1.);
#920 = DIRECTION('',(-0.183359460551,2.245505764576E-17,-0.983045933935)
  );
#921 = ORIENTED_EDGE('',*,*,#922,.T.);
#922 = EDGE_CURVE('',#915,#923,#925,.T.);
#923 = VERTEX_POINT('',#924);
#924 = CARTESIAN_POINT('',(-4.5,-1.9,0.3));
#925 = LINE('',#926,#927);
#926 = CARTESIAN_POINT('',(-3.449217410273,-1.9,0.3));
#927 = VECTOR('',#928,1.);
#928 = DIRECTION('',(-1.,1.224646799147E-16,5.28283888351E-17));
#929 = ORIENTED_EDGE('',*,*,#930,.T.);
#930 = EDGE_CURVE('',#923,#864,#931,.T.);
#931 = LINE('',#932,#933);
#932 = CARTESIAN_POINT('',(-4.5,-1.9,0.3));
#933 = VECTOR('',#934,1.);
#934 = DIRECTION('',(0.,0.,-1.));
#935 = PLANE('',#936);
#936 = AXIS2_PLACEMENT_3D('',#937,#938,#939);
#937 = CARTESIAN_POINT('',(-3.628410136446,-1.9,0.381817717135));
#938 = DIRECTION('',(-1.224646799147E-16,-1.,0.));
#939 = DIRECTION('',(0.,0.,1.));
#940 = ADVANCED_FACE('',(#941),#959,.T.);
#941 = FACE_BOUND('',#942,.T.);
#942 = EDGE_LOOP('',(#943,#944,#945,#953));
#943 = ORIENTED_EDGE('',*,*,#266,.F.);
#944 = ORIENTED_EDGE('',*,*,#897,.T.);
#945 = ORIENTED_EDGE('',*,*,#946,.T.);
#946 = EDGE_CURVE('',#898,#947,#949,.T.);
#947 = VERTEX_POINT('',#948);
#948 = CARTESIAN_POINT('',(-3.050782589727,-2.6,1.1));
#949 = LINE('',#950,#951);
#950 = CARTESIAN_POINT('',(-3.050782589727,-1.9,1.1));
#951 = VECTOR('',#952,1.);
#952 = DIRECTION('',(-1.224646799147E-16,-1.,0.));
#953 = ORIENTED_EDGE('',*,*,#954,.F.);
#954 = EDGE_CURVE('',#259,#947,#955,.T.);
#955 = LINE('',#956,#957);
#956 = CARTESIAN_POINT('',(-3.,-2.6,1.1));
#957 = VECTOR('',#958,1.);
#958 = DIRECTION('',(-1.,1.224646799147E-16,0.));
#959 = PLANE('',#960);
#960 = AXIS2_PLACEMENT_3D('',#961,#962,#963);
#961 = CARTESIAN_POINT('',(-3.,-2.25,1.1));
#962 = DIRECTION('',(0.,0.,1.));
#963 = DIRECTION('',(-1.,1.224646799147E-16,0.));
#964 = ADVANCED_FACE('',(#965),#1033,.T.);
#965 = FACE_BOUND('',#966,.T.);
#966 = EDGE_LOOP('',(#967,#977,#986,#994,#1000,#1001,#1002,#1011,#1019,
    #1027));
#967 = ORIENTED_EDGE('',*,*,#968,.T.);
#968 = EDGE_CURVE('',#969,#971,#973,.T.);
#969 = VERTEX_POINT('',#970);
#970 = CARTESIAN_POINT('',(-4.5,-2.6,0.));
#971 = VERTEX_POINT('',#972);
#972 = CARTESIAN_POINT('',(-3.449217410273,-2.6,0.));
#973 = LINE('',#974,#975);
#974 = CARTESIAN_POINT('',(-4.5,-2.6,0.));
#975 = VECTOR('',#976,1.);
#976 = DIRECTION('',(1.,-1.224646799147E-16,0.));
#977 = ORIENTED_EDGE('',*,*,#978,.T.);
#978 = EDGE_CURVE('',#971,#979,#981,.T.);
#979 = VERTEX_POINT('',#980);
#980 = CARTESIAN_POINT('',(-3.154303630092,-2.6,0.244992161835));
#981 = CIRCLE('',#982,0.3);
#982 = AXIS2_PLACEMENT_3D('',#983,#984,#985);
#983 = CARTESIAN_POINT('',(-3.449217410273,-2.6,0.3));
#984 = DIRECTION('',(-1.224646799147E-16,-1.,-0.));
#985 = DIRECTION('',(0.,0.,-1.));
#986 = ORIENTED_EDGE('',*,*,#987,.T.);
#987 = EDGE_CURVE('',#979,#988,#990,.T.);
#988 = VERTEX_POINT('',#989);
#989 = CARTESIAN_POINT('',(-3.050782589727,-2.6,0.8));
#990 = LINE('',#991,#992);
#991 = CARTESIAN_POINT('',(-3.154303630092,-2.6,0.244992161835));
#992 = VECTOR('',#993,1.);
#993 = DIRECTION('',(0.183359460551,-2.245505764576E-17,0.983045933935)
  );
#994 = ORIENTED_EDGE('',*,*,#995,.T.);
#995 = EDGE_CURVE('',#988,#251,#996,.T.);
#996 = LINE('',#997,#998);
#997 = CARTESIAN_POINT('',(-3.050782589727,-2.6,0.8));
#998 = VECTOR('',#999,1.);
#999 = DIRECTION('',(1.,-1.224646799147E-16,0.));
#1000 = ORIENTED_EDGE('',*,*,#258,.T.);
#1001 = ORIENTED_EDGE('',*,*,#954,.T.);
#1002 = ORIENTED_EDGE('',*,*,#1003,.T.);
#1003 = EDGE_CURVE('',#947,#1004,#1006,.T.);
#1004 = VERTEX_POINT('',#1005);
#1005 = CARTESIAN_POINT('',(-3.345696369908,-2.6,0.855007838165));
#1006 = CIRCLE('',#1007,0.3);
#1007 = AXIS2_PLACEMENT_3D('',#1008,#1009,#1010);
#1008 = CARTESIAN_POINT('',(-3.050782589727,-2.6,0.8));
#1009 = DIRECTION('',(-1.224646799147E-16,-1.,0.));
#1010 = DIRECTION('',(-7.401486830834E-16,9.06420715631E-32,1.));
#1011 = ORIENTED_EDGE('',*,*,#1012,.T.);
#1012 = EDGE_CURVE('',#1004,#1013,#1015,.T.);
#1013 = VERTEX_POINT('',#1014);
#1014 = CARTESIAN_POINT('',(-3.449217410273,-2.6,0.3));
#1015 = LINE('',#1016,#1017);
#1016 = CARTESIAN_POINT('',(-3.345696369908,-2.6,0.855007838165));
#1017 = VECTOR('',#1018,1.);
#1018 = DIRECTION('',(-0.183359460551,2.245505764576E-17,-0.983045933935
    ));
#1019 = ORIENTED_EDGE('',*,*,#1020,.T.);
#1020 = EDGE_CURVE('',#1013,#1021,#1023,.T.);
#1021 = VERTEX_POINT('',#1022);
#1022 = CARTESIAN_POINT('',(-4.5,-2.6,0.3));
#1023 = LINE('',#1024,#1025);
#1024 = CARTESIAN_POINT('',(-3.449217410273,-2.6,0.3));
#1025 = VECTOR('',#1026,1.);
#1026 = DIRECTION('',(-1.,1.224646799147E-16,5.28283888351E-17));
#1027 = ORIENTED_EDGE('',*,*,#1028,.T.);
#1028 = EDGE_CURVE('',#1021,#969,#1029,.T.);
#1029 = LINE('',#1030,#1031);
#1030 = CARTESIAN_POINT('',(-4.5,-2.6,0.3));
#1031 = VECTOR('',#1032,1.);
#1032 = DIRECTION('',(0.,0.,-1.));
#1033 = PLANE('',#1034);
#1034 = AXIS2_PLACEMENT_3D('',#1035,#1036,#1037);
#1035 = CARTESIAN_POINT('',(-3.628410136446,-2.6,0.381817717135));
#1036 = DIRECTION('',(-1.224646799147E-16,-1.,0.));
#1037 = DIRECTION('',(0.,0.,1.));
#1038 = ADVANCED_FACE('',(#1039),#1050,.T.);
#1039 = FACE_BOUND('',#1040,.T.);
#1040 = EDGE_LOOP('',(#1041,#1047,#1048,#1049));
#1041 = ORIENTED_EDGE('',*,*,#1042,.F.);
#1042 = EDGE_CURVE('',#883,#988,#1043,.T.);
#1043 = LINE('',#1044,#1045);
#1044 = CARTESIAN_POINT('',(-3.050782589727,-1.9,0.8));
#1045 = VECTOR('',#1046,1.);
#1046 = DIRECTION('',(-1.224646799147E-16,-1.,0.));
#1047 = ORIENTED_EDGE('',*,*,#890,.T.);
#1048 = ORIENTED_EDGE('',*,*,#250,.T.);
#1049 = ORIENTED_EDGE('',*,*,#995,.F.);
#1050 = PLANE('',#1051);
#1051 = AXIS2_PLACEMENT_3D('',#1052,#1053,#1054);
#1052 = CARTESIAN_POINT('',(-3.050782589727,-2.25,0.8));
#1053 = DIRECTION('',(0.,0.,-1.));
#1054 = DIRECTION('',(1.,-1.224646799147E-16,0.));
#1055 = ADVANCED_FACE('',(#1056),#1074,.F.);
#1056 = FACE_BOUND('',#1057,.F.);
#1057 = EDGE_LOOP('',(#1058,#1059,#1060,#1068));
#1058 = ORIENTED_EDGE('',*,*,#550,.F.);
#1059 = ORIENTED_EDGE('',*,*,#370,.F.);
#1060 = ORIENTED_EDGE('',*,*,#1061,.T.);
#1061 = EDGE_CURVE('',#363,#1062,#1064,.T.);
#1062 = VERTEX_POINT('',#1063);
#1063 = CARTESIAN_POINT('',(1.25,-1.25,0.));
#1064 = LINE('',#1065,#1066);
#1065 = CARTESIAN_POINT('',(1.25,-3.,0.));
#1066 = VECTOR('',#1067,1.);
#1067 = DIRECTION('',(0.,1.,0.));
#1068 = ORIENTED_EDGE('',*,*,#1069,.F.);
#1069 = EDGE_CURVE('',#551,#1062,#1070,.T.);
#1070 = LINE('',#1071,#1072);
#1071 = CARTESIAN_POINT('',(1.25,-1.25,0.));
#1072 = VECTOR('',#1073,1.);
#1073 = DIRECTION('',(0.,0.,-1.));
#1074 = PLANE('',#1075);
#1075 = AXIS2_PLACEMENT_3D('',#1076,#1077,#1078);
#1076 = CARTESIAN_POINT('',(1.25,-3.,0.));
#1077 = DIRECTION('',(1.,0.,0.));
#1078 = DIRECTION('',(0.,0.,1.));
#1079 = ADVANCED_FACE('',(#1080),#1107,.F.);
#1080 = FACE_BOUND('',#1081,.F.);
#1081 = EDGE_LOOP('',(#1082,#1083,#1084,#1093,#1101));
#1082 = ORIENTED_EDGE('',*,*,#1061,.F.);
#1083 = ORIENTED_EDGE('',*,*,#362,.T.);
#1084 = ORIENTED_EDGE('',*,*,#1085,.T.);
#1085 = EDGE_CURVE('',#355,#1086,#1088,.T.);
#1086 = VERTEX_POINT('',#1087);
#1087 = CARTESIAN_POINT('',(3.,-2.7,0.));
#1088 = CIRCLE('',#1089,0.3);
#1089 = AXIS2_PLACEMENT_3D('',#1090,#1091,#1092);
#1090 = CARTESIAN_POINT('',(2.7,-2.7,0.));
#1091 = DIRECTION('',(-0.,0.,1.));
#1092 = DIRECTION('',(0.,-1.,0.));
#1093 = ORIENTED_EDGE('',*,*,#1094,.T.);
#1094 = EDGE_CURVE('',#1086,#1095,#1097,.T.);
#1095 = VERTEX_POINT('',#1096);
#1096 = CARTESIAN_POINT('',(3.,-1.25,0.));
#1097 = LINE('',#1098,#1099);
#1098 = CARTESIAN_POINT('',(3.,-3.,0.));
#1099 = VECTOR('',#1100,1.);
#1100 = DIRECTION('',(0.,1.,0.));
#1101 = ORIENTED_EDGE('',*,*,#1102,.F.);
#1102 = EDGE_CURVE('',#1062,#1095,#1103,.T.);
#1103 = LINE('',#1104,#1105);
#1104 = CARTESIAN_POINT('',(-3.,-1.25,0.));
#1105 = VECTOR('',#1106,1.);
#1106 = DIRECTION('',(1.,0.,0.));
#1107 = PLANE('',#1108);
#1108 = AXIS2_PLACEMENT_3D('',#1109,#1110,#1111);
#1109 = CARTESIAN_POINT('',(0.,0.,0.));
#1110 = DIRECTION('',(0.,0.,1.));
#1111 = DIRECTION('',(1.,0.,-0.));
#1112 = ADVANCED_FACE('',(#1113),#1132,.T.);
#1113 = FACE_BOUND('',#1114,.T.);
#1114 = EDGE_LOOP('',(#1115,#1116,#1124,#1131));
#1115 = ORIENTED_EDGE('',*,*,#1085,.T.);
#1116 = ORIENTED_EDGE('',*,*,#1117,.T.);
#1117 = EDGE_CURVE('',#1086,#1118,#1120,.T.);
#1118 = VERTEX_POINT('',#1119);
#1119 = CARTESIAN_POINT('',(3.,-2.7,3.15));
#1120 = LINE('',#1121,#1122);
#1121 = CARTESIAN_POINT('',(3.,-2.7,0.));
#1122 = VECTOR('',#1123,1.);
#1123 = DIRECTION('',(0.,0.,1.));
#1124 = ORIENTED_EDGE('',*,*,#1125,.F.);
#1125 = EDGE_CURVE('',#347,#1118,#1126,.T.);
#1126 = CIRCLE('',#1127,0.3);
#1127 = AXIS2_PLACEMENT_3D('',#1128,#1129,#1130);
#1128 = CARTESIAN_POINT('',(2.7,-2.7,3.15));
#1129 = DIRECTION('',(-0.,0.,1.));
#1130 = DIRECTION('',(0.,-1.,0.));
#1131 = ORIENTED_EDGE('',*,*,#354,.F.);
#1132 = CYLINDRICAL_SURFACE('',#1133,0.3);
#1133 = AXIS2_PLACEMENT_3D('',#1134,#1135,#1136);
#1134 = CARTESIAN_POINT('',(2.7,-2.7,0.));
#1135 = DIRECTION('',(0.,0.,1.));
#1136 = DIRECTION('',(0.,-1.,0.));
#1137 = ADVANCED_FACE('',(#1138),#1156,.F.);
#1138 = FACE_BOUND('',#1139,.F.);
#1139 = EDGE_LOOP('',(#1140,#1141,#1142,#1150));
#1140 = ORIENTED_EDGE('',*,*,#330,.F.);
#1141 = ORIENTED_EDGE('',*,*,#394,.T.);
#1142 = ORIENTED_EDGE('',*,*,#1143,.T.);
#1143 = EDGE_CURVE('',#395,#1144,#1146,.T.);
#1144 = VERTEX_POINT('',#1145);
#1145 = CARTESIAN_POINT('',(-1.,-3.,3.45));
#1146 = LINE('',#1147,#1148);
#1147 = CARTESIAN_POINT('',(-3.,-3.,3.45));
#1148 = VECTOR('',#1149,1.);
#1149 = DIRECTION('',(1.,0.,0.));
#1150 = ORIENTED_EDGE('',*,*,#1151,.F.);
#1151 = EDGE_CURVE('',#331,#1144,#1152,.T.);
#1152 = LINE('',#1153,#1154);
#1153 = CARTESIAN_POINT('',(-1.,-3.,3.15));
#1154 = VECTOR('',#1155,1.);
#1155 = DIRECTION('',(0.,0.,1.));
#1156 = PLANE('',#1157);
#1157 = AXIS2_PLACEMENT_3D('',#1158,#1159,#1160);
#1158 = CARTESIAN_POINT('',(-3.,-3.,3.15));
#1159 = DIRECTION('',(0.,1.,0.));
#1160 = DIRECTION('',(1.,0.,0.));
#1161 = ADVANCED_FACE('',(#1162),#1187,.T.);
#1162 = FACE_BOUND('',#1163,.T.);
#1163 = EDGE_LOOP('',(#1164,#1172,#1173,#1181));
#1164 = ORIENTED_EDGE('',*,*,#1165,.F.);
#1165 = EDGE_CURVE('',#331,#1166,#1168,.T.);
#1166 = VERTEX_POINT('',#1167);
#1167 = CARTESIAN_POINT('',(-1.,-2.8,3.15));
#1168 = LINE('',#1169,#1170);
#1169 = CARTESIAN_POINT('',(-1.,-3.,3.15));
#1170 = VECTOR('',#1171,1.);
#1171 = DIRECTION('',(-1.110223024625E-16,1.,0.));
#1172 = ORIENTED_EDGE('',*,*,#338,.T.);
#1173 = ORIENTED_EDGE('',*,*,#1174,.F.);
#1174 = EDGE_CURVE('',#1175,#339,#1177,.T.);
#1175 = VERTEX_POINT('',#1176);
#1176 = CARTESIAN_POINT('',(1.,-2.8,3.15));
#1177 = LINE('',#1178,#1179);
#1178 = CARTESIAN_POINT('',(1.,-2.8,3.15));
#1179 = VECTOR('',#1180,1.);
#1180 = DIRECTION('',(1.110223024625E-16,-1.,0.));
#1181 = ORIENTED_EDGE('',*,*,#1182,.F.);
#1182 = EDGE_CURVE('',#1166,#1175,#1183,.T.);
#1183 = LINE('',#1184,#1185);
#1184 = CARTESIAN_POINT('',(-1.,-2.8,3.15));
#1185 = VECTOR('',#1186,1.);
#1186 = DIRECTION('',(1.,1.110223024625E-16,0.));
#1187 = PLANE('',#1188);
#1188 = AXIS2_PLACEMENT_3D('',#1189,#1190,#1191);
#1189 = CARTESIAN_POINT('',(0.,0.,3.15));
#1190 = DIRECTION('',(0.,0.,1.));
#1191 = DIRECTION('',(1.,0.,-0.));
#1192 = ADVANCED_FACE('',(#1193),#1218,.F.);
#1193 = FACE_BOUND('',#1194,.F.);
#1194 = EDGE_LOOP('',(#1195,#1196,#1204,#1212));
#1195 = ORIENTED_EDGE('',*,*,#346,.F.);
#1196 = ORIENTED_EDGE('',*,*,#1197,.T.);
#1197 = EDGE_CURVE('',#339,#1198,#1200,.T.);
#1198 = VERTEX_POINT('',#1199);
#1199 = CARTESIAN_POINT('',(1.,-3.,3.45));
#1200 = LINE('',#1201,#1202);
#1201 = CARTESIAN_POINT('',(1.,-3.,3.15));
#1202 = VECTOR('',#1203,1.);
#1203 = DIRECTION('',(0.,0.,1.));
#1204 = ORIENTED_EDGE('',*,*,#1205,.T.);
#1205 = EDGE_CURVE('',#1198,#1206,#1208,.T.);
#1206 = VERTEX_POINT('',#1207);
#1207 = CARTESIAN_POINT('',(2.7,-3.,3.45));
#1208 = LINE('',#1209,#1210);
#1209 = CARTESIAN_POINT('',(-3.,-3.,3.45));
#1210 = VECTOR('',#1211,1.);
#1211 = DIRECTION('',(1.,0.,0.));
#1212 = ORIENTED_EDGE('',*,*,#1213,.F.);
#1213 = EDGE_CURVE('',#347,#1206,#1214,.T.);
#1214 = LINE('',#1215,#1216);
#1215 = CARTESIAN_POINT('',(2.7,-3.,3.15));
#1216 = VECTOR('',#1217,1.);
#1217 = DIRECTION('',(0.,0.,1.));
#1218 = PLANE('',#1219);
#1219 = AXIS2_PLACEMENT_3D('',#1220,#1221,#1222);
#1220 = CARTESIAN_POINT('',(-3.,-3.,3.15));
#1221 = DIRECTION('',(0.,1.,0.));
#1222 = DIRECTION('',(1.,0.,0.));
#1223 = ADVANCED_FACE('',(#1224,#1380,#1391,#1402,#1413,#1424),#1435,.T.
  );
#1224 = FACE_BOUND('',#1225,.T.);
#1225 = EDGE_LOOP('',(#1226,#1235,#1236,#1244,#1252,#1258,#1259,#1260,
    #1261,#1269,#1277,#1283,#1284,#1293,#1301,#1309,#1317,#1325,#1333,
    #1342,#1350,#1358,#1366,#1374));
#1226 = ORIENTED_EDGE('',*,*,#1227,.T.);
#1227 = EDGE_CURVE('',#1228,#516,#1230,.T.);
#1228 = VERTEX_POINT('',#1229);
#1229 = CARTESIAN_POINT('',(-2.7,3.,3.45));
#1230 = CIRCLE('',#1231,0.3);
#1231 = AXIS2_PLACEMENT_3D('',#1232,#1233,#1234);
#1232 = CARTESIAN_POINT('',(-2.7,2.7,3.45));
#1233 = DIRECTION('',(-0.,0.,1.));
#1234 = DIRECTION('',(0.,-1.,0.));
#1235 = ORIENTED_EDGE('',*,*,#523,.T.);
#1236 = ORIENTED_EDGE('',*,*,#1237,.T.);
#1237 = EDGE_CURVE('',#524,#1238,#1240,.T.);
#1238 = VERTEX_POINT('',#1239);
#1239 = CARTESIAN_POINT('',(-2.8,1.,3.45));
#1240 = LINE('',#1241,#1242);
#1241 = CARTESIAN_POINT('',(-3.,1.,3.45));
#1242 = VECTOR('',#1243,1.);
#1243 = DIRECTION('',(1.,0.,0.));
#1244 = ORIENTED_EDGE('',*,*,#1245,.T.);
#1245 = EDGE_CURVE('',#1238,#1246,#1248,.T.);
#1246 = VERTEX_POINT('',#1247);
#1247 = CARTESIAN_POINT('',(-2.8,-1.,3.45));
#1248 = LINE('',#1249,#1250);
#1249 = CARTESIAN_POINT('',(-2.8,1.,3.45));
#1250 = VECTOR('',#1251,1.);
#1251 = DIRECTION('',(-0.,-1.,-0.));
#1252 = ORIENTED_EDGE('',*,*,#1253,.T.);
#1253 = EDGE_CURVE('',#1246,#645,#1254,.T.);
#1254 = LINE('',#1255,#1256);
#1255 = CARTESIAN_POINT('',(-2.8,-1.,3.45));
#1256 = VECTOR('',#1257,1.);
#1257 = DIRECTION('',(-1.,-0.,-0.));
#1258 = ORIENTED_EDGE('',*,*,#652,.T.);
#1259 = ORIENTED_EDGE('',*,*,#402,.T.);
#1260 = ORIENTED_EDGE('',*,*,#1143,.T.);
#1261 = ORIENTED_EDGE('',*,*,#1262,.T.);
#1262 = EDGE_CURVE('',#1144,#1263,#1265,.T.);
#1263 = VERTEX_POINT('',#1264);
#1264 = CARTESIAN_POINT('',(-1.,-2.8,3.45));
#1265 = LINE('',#1266,#1267);
#1266 = CARTESIAN_POINT('',(-1.,-3.,3.45));
#1267 = VECTOR('',#1268,1.);
#1268 = DIRECTION('',(-1.110223024625E-16,1.,0.));
#1269 = ORIENTED_EDGE('',*,*,#1270,.T.);
#1270 = EDGE_CURVE('',#1263,#1271,#1273,.T.);
#1271 = VERTEX_POINT('',#1272);
#1272 = CARTESIAN_POINT('',(1.,-2.8,3.45));
#1273 = LINE('',#1274,#1275);
#1274 = CARTESIAN_POINT('',(-1.,-2.8,3.45));
#1275 = VECTOR('',#1276,1.);
#1276 = DIRECTION('',(1.,1.110223024625E-16,0.));
#1277 = ORIENTED_EDGE('',*,*,#1278,.T.);
#1278 = EDGE_CURVE('',#1271,#1198,#1279,.T.);
#1279 = LINE('',#1280,#1281);
#1280 = CARTESIAN_POINT('',(1.,-2.8,3.45));
#1281 = VECTOR('',#1282,1.);
#1282 = DIRECTION('',(1.110223024625E-16,-1.,0.));
#1283 = ORIENTED_EDGE('',*,*,#1205,.T.);
#1284 = ORIENTED_EDGE('',*,*,#1285,.T.);
#1285 = EDGE_CURVE('',#1206,#1286,#1288,.T.);
#1286 = VERTEX_POINT('',#1287);
#1287 = CARTESIAN_POINT('',(3.,-2.7,3.45));
#1288 = CIRCLE('',#1289,0.3);
#1289 = AXIS2_PLACEMENT_3D('',#1290,#1291,#1292);
#1290 = CARTESIAN_POINT('',(2.7,-2.7,3.45));
#1291 = DIRECTION('',(-0.,0.,1.));
#1292 = DIRECTION('',(0.,-1.,0.));
#1293 = ORIENTED_EDGE('',*,*,#1294,.T.);
#1294 = EDGE_CURVE('',#1286,#1295,#1297,.T.);
#1295 = VERTEX_POINT('',#1296);
#1296 = CARTESIAN_POINT('',(3.,-1.,3.45));
#1297 = LINE('',#1298,#1299);
#1298 = CARTESIAN_POINT('',(3.,-3.,3.45));
#1299 = VECTOR('',#1300,1.);
#1300 = DIRECTION('',(0.,1.,0.));
#1301 = ORIENTED_EDGE('',*,*,#1302,.F.);
#1302 = EDGE_CURVE('',#1303,#1295,#1305,.T.);
#1303 = VERTEX_POINT('',#1304);
#1304 = CARTESIAN_POINT('',(2.8,-1.,3.45));
#1305 = LINE('',#1306,#1307);
#1306 = CARTESIAN_POINT('',(2.8,-1.,3.45));
#1307 = VECTOR('',#1308,1.);
#1308 = DIRECTION('',(1.,0.,0.));
#1309 = ORIENTED_EDGE('',*,*,#1310,.F.);
#1310 = EDGE_CURVE('',#1311,#1303,#1313,.T.);
#1311 = VERTEX_POINT('',#1312);
#1312 = CARTESIAN_POINT('',(2.8,1.,3.45));
#1313 = LINE('',#1314,#1315);
#1314 = CARTESIAN_POINT('',(2.8,1.,3.45));
#1315 = VECTOR('',#1316,1.);
#1316 = DIRECTION('',(0.,-1.,0.));
#1317 = ORIENTED_EDGE('',*,*,#1318,.F.);
#1318 = EDGE_CURVE('',#1319,#1311,#1321,.T.);
#1319 = VERTEX_POINT('',#1320);
#1320 = CARTESIAN_POINT('',(3.,1.,3.45));
#1321 = LINE('',#1322,#1323);
#1322 = CARTESIAN_POINT('',(3.,1.,3.45));
#1323 = VECTOR('',#1324,1.);
#1324 = DIRECTION('',(-1.,0.,0.));
#1325 = ORIENTED_EDGE('',*,*,#1326,.T.);
#1326 = EDGE_CURVE('',#1319,#1327,#1329,.T.);
#1327 = VERTEX_POINT('',#1328);
#1328 = CARTESIAN_POINT('',(3.,2.7,3.45));
#1329 = LINE('',#1330,#1331);
#1330 = CARTESIAN_POINT('',(3.,-3.,3.45));
#1331 = VECTOR('',#1332,1.);
#1332 = DIRECTION('',(0.,1.,0.));
#1333 = ORIENTED_EDGE('',*,*,#1334,.T.);
#1334 = EDGE_CURVE('',#1327,#1335,#1337,.T.);
#1335 = VERTEX_POINT('',#1336);
#1336 = CARTESIAN_POINT('',(2.7,3.,3.45));
#1337 = CIRCLE('',#1338,0.3);
#1338 = AXIS2_PLACEMENT_3D('',#1339,#1340,#1341);
#1339 = CARTESIAN_POINT('',(2.7,2.7,3.45));
#1340 = DIRECTION('',(-0.,0.,1.));
#1341 = DIRECTION('',(0.,-1.,0.));
#1342 = ORIENTED_EDGE('',*,*,#1343,.T.);
#1343 = EDGE_CURVE('',#1335,#1344,#1346,.T.);
#1344 = VERTEX_POINT('',#1345);
#1345 = CARTESIAN_POINT('',(1.,3.,3.45));
#1346 = LINE('',#1347,#1348);
#1347 = CARTESIAN_POINT('',(3.,3.,3.45));
#1348 = VECTOR('',#1349,1.);
#1349 = DIRECTION('',(-1.,0.,0.));
#1350 = ORIENTED_EDGE('',*,*,#1351,.F.);
#1351 = EDGE_CURVE('',#1352,#1344,#1354,.T.);
#1352 = VERTEX_POINT('',#1353);
#1353 = CARTESIAN_POINT('',(1.,2.8,3.45));
#1354 = LINE('',#1355,#1356);
#1355 = CARTESIAN_POINT('',(1.,2.8,3.45));
#1356 = VECTOR('',#1357,1.);
#1357 = DIRECTION('',(1.110223024625E-16,1.,0.));
#1358 = ORIENTED_EDGE('',*,*,#1359,.F.);
#1359 = EDGE_CURVE('',#1360,#1352,#1362,.T.);
#1360 = VERTEX_POINT('',#1361);
#1361 = CARTESIAN_POINT('',(-1.,2.8,3.45));
#1362 = LINE('',#1363,#1364);
#1363 = CARTESIAN_POINT('',(-1.,2.8,3.45));
#1364 = VECTOR('',#1365,1.);
#1365 = DIRECTION('',(1.,-1.110223024625E-16,0.));
#1366 = ORIENTED_EDGE('',*,*,#1367,.F.);
#1367 = EDGE_CURVE('',#1368,#1360,#1370,.T.);
#1368 = VERTEX_POINT('',#1369);
#1369 = CARTESIAN_POINT('',(-1.,3.,3.45));
#1370 = LINE('',#1371,#1372);
#1371 = CARTESIAN_POINT('',(-1.,3.,3.45));
#1372 = VECTOR('',#1373,1.);
#1373 = DIRECTION('',(-1.110223024625E-16,-1.,0.));
#1374 = ORIENTED_EDGE('',*,*,#1375,.T.);
#1375 = EDGE_CURVE('',#1368,#1228,#1376,.T.);
#1376 = LINE('',#1377,#1378);
#1377 = CARTESIAN_POINT('',(3.,3.,3.45));
#1378 = VECTOR('',#1379,1.);
#1379 = DIRECTION('',(-1.,0.,0.));
#1380 = FACE_BOUND('',#1381,.T.);
#1381 = EDGE_LOOP('',(#1382));
#1382 = ORIENTED_EDGE('',*,*,#1383,.F.);
#1383 = EDGE_CURVE('',#1384,#1384,#1386,.T.);
#1384 = VERTEX_POINT('',#1385);
#1385 = CARTESIAN_POINT('',(-1.3,-1.65,3.45));
#1386 = CIRCLE('',#1387,0.35);
#1387 = AXIS2_PLACEMENT_3D('',#1388,#1389,#1390);
#1388 = CARTESIAN_POINT('',(-1.65,-1.65,3.45));
#1389 = DIRECTION('',(0.,0.,1.));
#1390 = DIRECTION('',(1.,0.,-0.));
#1391 = FACE_BOUND('',#1392,.T.);
#1392 = EDGE_LOOP('',(#1393));
#1393 = ORIENTED_EDGE('',*,*,#1394,.F.);
#1394 = EDGE_CURVE('',#1395,#1395,#1397,.T.);
#1395 = VERTEX_POINT('',#1396);
#1396 = CARTESIAN_POINT('',(2.,-1.65,3.45));
#1397 = CIRCLE('',#1398,0.35);
#1398 = AXIS2_PLACEMENT_3D('',#1399,#1400,#1401);
#1399 = CARTESIAN_POINT('',(1.65,-1.65,3.45));
#1400 = DIRECTION('',(0.,0.,1.));
#1401 = DIRECTION('',(1.,0.,-0.));
#1402 = FACE_BOUND('',#1403,.T.);
#1403 = EDGE_LOOP('',(#1404));
#1404 = ORIENTED_EDGE('',*,*,#1405,.F.);
#1405 = EDGE_CURVE('',#1406,#1406,#1408,.T.);
#1406 = VERTEX_POINT('',#1407);
#1407 = CARTESIAN_POINT('',(-1.3,1.65,3.45));
#1408 = CIRCLE('',#1409,0.35);
#1409 = AXIS2_PLACEMENT_3D('',#1410,#1411,#1412);
#1410 = CARTESIAN_POINT('',(-1.65,1.65,3.45));
#1411 = DIRECTION('',(0.,0.,1.));
#1412 = DIRECTION('',(1.,0.,-0.));
#1413 = FACE_BOUND('',#1414,.T.);
#1414 = EDGE_LOOP('',(#1415));
#1415 = ORIENTED_EDGE('',*,*,#1416,.F.);
#1416 = EDGE_CURVE('',#1417,#1417,#1419,.T.);
#1417 = VERTEX_POINT('',#1418);
#1418 = CARTESIAN_POINT('',(1.8,0.,3.45));
#1419 = CIRCLE('',#1420,1.8);
#1420 = AXIS2_PLACEMENT_3D('',#1421,#1422,#1423);
#1421 = CARTESIAN_POINT('',(0.,0.,3.45));
#1422 = DIRECTION('',(0.,0.,1.));
#1423 = DIRECTION('',(1.,0.,-0.));
#1424 = FACE_BOUND('',#1425,.T.);
#1425 = EDGE_LOOP('',(#1426));
#1426 = ORIENTED_EDGE('',*,*,#1427,.F.);
#1427 = EDGE_CURVE('',#1428,#1428,#1430,.T.);
#1428 = VERTEX_POINT('',#1429);
#1429 = CARTESIAN_POINT('',(2.,1.65,3.45));
#1430 = CIRCLE('',#1431,0.35);
#1431 = AXIS2_PLACEMENT_3D('',#1432,#1433,#1434);
#1432 = CARTESIAN_POINT('',(1.65,1.65,3.45));
#1433 = DIRECTION('',(0.,0.,1.));
#1434 = DIRECTION('',(1.,0.,-0.));
#1435 = PLANE('',#1436);
#1436 = AXIS2_PLACEMENT_3D('',#1437,#1438,#1439);
#1437 = CARTESIAN_POINT('',(0.,0.,3.45));
#1438 = DIRECTION('',(0.,0.,1.));
#1439 = DIRECTION('',(1.,0.,-0.));
#1440 = ADVANCED_FACE('',(#1441),#1498,.F.);
#1441 = FACE_BOUND('',#1442,.F.);
#1442 = EDGE_LOOP('',(#1443,#1453,#1461,#1469,#1477,#1483,#1484,#1485,
    #1491,#1492));
#1443 = ORIENTED_EDGE('',*,*,#1444,.F.);
#1444 = EDGE_CURVE('',#1445,#1447,#1449,.T.);
#1445 = VERTEX_POINT('',#1446);
#1446 = CARTESIAN_POINT('',(2.7,3.,0.));
#1447 = VERTEX_POINT('',#1448);
#1448 = CARTESIAN_POINT('',(1.25,3.,0.));
#1449 = LINE('',#1450,#1451);
#1450 = CARTESIAN_POINT('',(3.,3.,0.));
#1451 = VECTOR('',#1452,1.);
#1452 = DIRECTION('',(-1.,0.,0.));
#1453 = ORIENTED_EDGE('',*,*,#1454,.T.);
#1454 = EDGE_CURVE('',#1445,#1455,#1457,.T.);
#1455 = VERTEX_POINT('',#1456);
#1456 = CARTESIAN_POINT('',(2.7,3.,3.15));
#1457 = LINE('',#1458,#1459);
#1458 = CARTESIAN_POINT('',(2.7,3.,0.));
#1459 = VECTOR('',#1460,1.);
#1460 = DIRECTION('',(0.,0.,1.));
#1461 = ORIENTED_EDGE('',*,*,#1462,.T.);
#1462 = EDGE_CURVE('',#1455,#1463,#1465,.T.);
#1463 = VERTEX_POINT('',#1464);
#1464 = CARTESIAN_POINT('',(1.,3.,3.15));
#1465 = LINE('',#1466,#1467);
#1466 = CARTESIAN_POINT('',(3.,3.,3.15));
#1467 = VECTOR('',#1468,1.);
#1468 = DIRECTION('',(-1.,0.,0.));
#1469 = ORIENTED_EDGE('',*,*,#1470,.T.);
#1470 = EDGE_CURVE('',#1463,#1471,#1473,.T.);
#1471 = VERTEX_POINT('',#1472);
#1472 = CARTESIAN_POINT('',(-1.,3.,3.15));
#1473 = LINE('',#1474,#1475);
#1474 = CARTESIAN_POINT('',(3.,3.,3.15));
#1475 = VECTOR('',#1476,1.);
#1476 = DIRECTION('',(-1.,0.,0.));
#1477 = ORIENTED_EDGE('',*,*,#1478,.T.);
#1478 = EDGE_CURVE('',#1471,#468,#1479,.T.);
#1479 = LINE('',#1480,#1481);
#1480 = CARTESIAN_POINT('',(3.,3.,3.15));
#1481 = VECTOR('',#1482,1.);
#1482 = DIRECTION('',(-1.,0.,0.));
#1483 = ORIENTED_EDGE('',*,*,#476,.F.);
#1484 = ORIENTED_EDGE('',*,*,#442,.F.);
#1485 = ORIENTED_EDGE('',*,*,#1486,.T.);
#1486 = EDGE_CURVE('',#435,#591,#1487,.T.);
#1487 = LINE('',#1488,#1489);
#1488 = CARTESIAN_POINT('',(-1.25,3.,0.));
#1489 = VECTOR('',#1490,1.);
#1490 = DIRECTION('',(0.,0.,1.));
#1491 = ORIENTED_EDGE('',*,*,#590,.T.);
#1492 = ORIENTED_EDGE('',*,*,#1493,.F.);
#1493 = EDGE_CURVE('',#1447,#583,#1494,.T.);
#1494 = LINE('',#1495,#1496);
#1495 = CARTESIAN_POINT('',(1.25,3.,0.));
#1496 = VECTOR('',#1497,1.);
#1497 = DIRECTION('',(0.,0.,1.));
#1498 = PLANE('',#1499);
#1499 = AXIS2_PLACEMENT_3D('',#1500,#1501,#1502);
#1500 = CARTESIAN_POINT('',(3.,3.,0.));
#1501 = DIRECTION('',(0.,-1.,0.));
#1502 = DIRECTION('',(-1.,0.,0.));
#1503 = ADVANCED_FACE('',(#1504),#1510,.T.);
#1504 = FACE_BOUND('',#1505,.T.);
#1505 = EDGE_LOOP('',(#1506,#1507,#1508,#1509));
#1506 = ORIENTED_EDGE('',*,*,#598,.F.);
#1507 = ORIENTED_EDGE('',*,*,#500,.T.);
#1508 = ORIENTED_EDGE('',*,*,#434,.T.);
#1509 = ORIENTED_EDGE('',*,*,#1486,.T.);
#1510 = PLANE('',#1511);
#1511 = AXIS2_PLACEMENT_3D('',#1512,#1513,#1514);
#1512 = CARTESIAN_POINT('',(-1.25,-3.,0.));
#1513 = DIRECTION('',(1.,0.,0.));
#1514 = DIRECTION('',(0.,0.,1.));
#1515 = ADVANCED_FACE('',(#1516),#1527,.T.);
#1516 = FACE_BOUND('',#1517,.T.);
#1517 = EDGE_LOOP('',(#1518,#1519,#1520,#1521));
#1518 = ORIENTED_EDGE('',*,*,#467,.T.);
#1519 = ORIENTED_EDGE('',*,*,#515,.T.);
#1520 = ORIENTED_EDGE('',*,*,#1227,.F.);
#1521 = ORIENTED_EDGE('',*,*,#1522,.F.);
#1522 = EDGE_CURVE('',#468,#1228,#1523,.T.);
#1523 = LINE('',#1524,#1525);
#1524 = CARTESIAN_POINT('',(-2.7,3.,3.15));
#1525 = VECTOR('',#1526,1.);
#1526 = DIRECTION('',(0.,0.,1.));
#1527 = CYLINDRICAL_SURFACE('',#1528,0.3);
#1528 = AXIS2_PLACEMENT_3D('',#1529,#1530,#1531);
#1529 = CARTESIAN_POINT('',(-2.7,2.7,3.15));
#1530 = DIRECTION('',(0.,0.,1.));
#1531 = DIRECTION('',(0.,1.,0.));
#1532 = ADVANCED_FACE('',(#1533),#1544,.T.);
#1533 = FACE_BOUND('',#1534,.F.);
#1534 = EDGE_LOOP('',(#1535,#1536,#1537,#1543));
#1535 = ORIENTED_EDGE('',*,*,#531,.T.);
#1536 = ORIENTED_EDGE('',*,*,#1237,.T.);
#1537 = ORIENTED_EDGE('',*,*,#1538,.F.);
#1538 = EDGE_CURVE('',#622,#1238,#1539,.T.);
#1539 = LINE('',#1540,#1541);
#1540 = CARTESIAN_POINT('',(-2.8,1.,3.15));
#1541 = VECTOR('',#1542,1.);
#1542 = DIRECTION('',(0.,0.,1.));
#1543 = ORIENTED_EDGE('',*,*,#629,.F.);
#1544 = PLANE('',#1545);
#1545 = AXIS2_PLACEMENT_3D('',#1546,#1547,#1548);
#1546 = CARTESIAN_POINT('',(-3.,1.,3.15));
#1547 = DIRECTION('',(-0.,-1.,-0.));
#1548 = DIRECTION('',(-1.,0.,0.));
#1549 = ADVANCED_FACE('',(#1550),#1561,.T.);
#1550 = FACE_BOUND('',#1551,.T.);
#1551 = EDGE_LOOP('',(#1552,#1553,#1554,#1555));
#1552 = ORIENTED_EDGE('',*,*,#1102,.F.);
#1553 = ORIENTED_EDGE('',*,*,#1069,.F.);
#1554 = ORIENTED_EDGE('',*,*,#558,.T.);
#1555 = ORIENTED_EDGE('',*,*,#1556,.F.);
#1556 = EDGE_CURVE('',#1095,#559,#1557,.T.);
#1557 = LINE('',#1558,#1559);
#1558 = CARTESIAN_POINT('',(3.,-1.25,0.));
#1559 = VECTOR('',#1560,1.);
#1560 = DIRECTION('',(0.,0.,1.));
#1561 = PLANE('',#1562);
#1562 = AXIS2_PLACEMENT_3D('',#1563,#1564,#1565);
#1563 = CARTESIAN_POINT('',(-3.,-1.25,0.));
#1564 = DIRECTION('',(0.,1.,0.));
#1565 = DIRECTION('',(0.,-0.,1.));
#1566 = ADVANCED_FACE('',(#1567,#1619,#1653),#1687,.F.);
#1567 = FACE_BOUND('',#1568,.F.);
#1568 = EDGE_LOOP('',(#1569,#1570,#1571,#1579,#1587,#1595,#1603,#1611,
    #1617,#1618));
#1569 = ORIENTED_EDGE('',*,*,#1094,.F.);
#1570 = ORIENTED_EDGE('',*,*,#1117,.T.);
#1571 = ORIENTED_EDGE('',*,*,#1572,.T.);
#1572 = EDGE_CURVE('',#1118,#1573,#1575,.T.);
#1573 = VERTEX_POINT('',#1574);
#1574 = CARTESIAN_POINT('',(3.,-1.,3.15));
#1575 = LINE('',#1576,#1577);
#1576 = CARTESIAN_POINT('',(3.,-3.,3.15));
#1577 = VECTOR('',#1578,1.);
#1578 = DIRECTION('',(0.,1.,0.));
#1579 = ORIENTED_EDGE('',*,*,#1580,.T.);
#1580 = EDGE_CURVE('',#1573,#1581,#1583,.T.);
#1581 = VERTEX_POINT('',#1582);
#1582 = CARTESIAN_POINT('',(3.,1.,3.15));
#1583 = LINE('',#1584,#1585);
#1584 = CARTESIAN_POINT('',(3.,-3.,3.15));
#1585 = VECTOR('',#1586,1.);
#1586 = DIRECTION('',(0.,1.,0.));
#1587 = ORIENTED_EDGE('',*,*,#1588,.T.);
#1588 = EDGE_CURVE('',#1581,#1589,#1591,.T.);
#1589 = VERTEX_POINT('',#1590);
#1590 = CARTESIAN_POINT('',(3.,2.7,3.15));
#1591 = LINE('',#1592,#1593);
#1592 = CARTESIAN_POINT('',(3.,-3.,3.15));
#1593 = VECTOR('',#1594,1.);
#1594 = DIRECTION('',(0.,1.,0.));
#1595 = ORIENTED_EDGE('',*,*,#1596,.F.);
#1596 = EDGE_CURVE('',#1597,#1589,#1599,.T.);
#1597 = VERTEX_POINT('',#1598);
#1598 = CARTESIAN_POINT('',(3.,2.7,0.));
#1599 = LINE('',#1600,#1601);
#1600 = CARTESIAN_POINT('',(3.,2.7,0.));
#1601 = VECTOR('',#1602,1.);
#1602 = DIRECTION('',(0.,0.,1.));
#1603 = ORIENTED_EDGE('',*,*,#1604,.F.);
#1604 = EDGE_CURVE('',#1605,#1597,#1607,.T.);
#1605 = VERTEX_POINT('',#1606);
#1606 = CARTESIAN_POINT('',(3.,1.25,0.));
#1607 = LINE('',#1608,#1609);
#1608 = CARTESIAN_POINT('',(3.,-3.,0.));
#1609 = VECTOR('',#1610,1.);
#1610 = DIRECTION('',(0.,1.,0.));
#1611 = ORIENTED_EDGE('',*,*,#1612,.T.);
#1612 = EDGE_CURVE('',#1605,#567,#1613,.T.);
#1613 = LINE('',#1614,#1615);
#1614 = CARTESIAN_POINT('',(3.,1.25,0.));
#1615 = VECTOR('',#1616,1.);
#1616 = DIRECTION('',(0.,0.,1.));
#1617 = ORIENTED_EDGE('',*,*,#566,.F.);
#1618 = ORIENTED_EDGE('',*,*,#1556,.F.);
#1619 = FACE_BOUND('',#1620,.F.);
#1620 = EDGE_LOOP('',(#1621,#1631,#1639,#1647));
#1621 = ORIENTED_EDGE('',*,*,#1622,.F.);
#1622 = EDGE_CURVE('',#1623,#1625,#1627,.T.);
#1623 = VERTEX_POINT('',#1624);
#1624 = CARTESIAN_POINT('',(3.,-2.6,0.8));
#1625 = VERTEX_POINT('',#1626);
#1626 = CARTESIAN_POINT('',(3.,-2.6,1.1));
#1627 = LINE('',#1628,#1629);
#1628 = CARTESIAN_POINT('',(3.,-2.6,0.8));
#1629 = VECTOR('',#1630,1.);
#1630 = DIRECTION('',(0.,0.,1.));
#1631 = ORIENTED_EDGE('',*,*,#1632,.T.);
#1632 = EDGE_CURVE('',#1623,#1633,#1635,.T.);
#1633 = VERTEX_POINT('',#1634);
#1634 = CARTESIAN_POINT('',(3.,-1.9,0.8));
#1635 = LINE('',#1636,#1637);
#1636 = CARTESIAN_POINT('',(3.,-2.6,0.8));
#1637 = VECTOR('',#1638,1.);
#1638 = DIRECTION('',(0.,1.,0.));
#1639 = ORIENTED_EDGE('',*,*,#1640,.T.);
#1640 = EDGE_CURVE('',#1633,#1641,#1643,.T.);
#1641 = VERTEX_POINT('',#1642);
#1642 = CARTESIAN_POINT('',(3.,-1.9,1.1));
#1643 = LINE('',#1644,#1645);
#1644 = CARTESIAN_POINT('',(3.,-1.9,0.8));
#1645 = VECTOR('',#1646,1.);
#1646 = DIRECTION('',(0.,0.,1.));
#1647 = ORIENTED_EDGE('',*,*,#1648,.F.);
#1648 = EDGE_CURVE('',#1625,#1641,#1649,.T.);
#1649 = LINE('',#1650,#1651);
#1650 = CARTESIAN_POINT('',(3.,-2.6,1.1));
#1651 = VECTOR('',#1652,1.);
#1652 = DIRECTION('',(0.,1.,0.));
#1653 = FACE_BOUND('',#1654,.F.);
#1654 = EDGE_LOOP('',(#1655,#1665,#1673,#1681));
#1655 = ORIENTED_EDGE('',*,*,#1656,.F.);
#1656 = EDGE_CURVE('',#1657,#1659,#1661,.T.);
#1657 = VERTEX_POINT('',#1658);
#1658 = CARTESIAN_POINT('',(3.,1.9,0.8));
#1659 = VERTEX_POINT('',#1660);
#1660 = CARTESIAN_POINT('',(3.,1.9,1.1));
#1661 = LINE('',#1662,#1663);
#1662 = CARTESIAN_POINT('',(3.,1.9,0.8));
#1663 = VECTOR('',#1664,1.);
#1664 = DIRECTION('',(0.,0.,1.));
#1665 = ORIENTED_EDGE('',*,*,#1666,.T.);
#1666 = EDGE_CURVE('',#1657,#1667,#1669,.T.);
#1667 = VERTEX_POINT('',#1668);
#1668 = CARTESIAN_POINT('',(3.,2.6,0.8));
#1669 = LINE('',#1670,#1671);
#1670 = CARTESIAN_POINT('',(3.,1.9,0.8));
#1671 = VECTOR('',#1672,1.);
#1672 = DIRECTION('',(0.,1.,0.));
#1673 = ORIENTED_EDGE('',*,*,#1674,.T.);
#1674 = EDGE_CURVE('',#1667,#1675,#1677,.T.);
#1675 = VERTEX_POINT('',#1676);
#1676 = CARTESIAN_POINT('',(3.,2.6,1.1));
#1677 = LINE('',#1678,#1679);
#1678 = CARTESIAN_POINT('',(3.,2.6,0.8));
#1679 = VECTOR('',#1680,1.);
#1680 = DIRECTION('',(0.,0.,1.));
#1681 = ORIENTED_EDGE('',*,*,#1682,.F.);
#1682 = EDGE_CURVE('',#1659,#1675,#1683,.T.);
#1683 = LINE('',#1684,#1685);
#1684 = CARTESIAN_POINT('',(3.,1.9,1.1));
#1685 = VECTOR('',#1686,1.);
#1686 = DIRECTION('',(0.,1.,0.));
#1687 = PLANE('',#1688);
#1688 = AXIS2_PLACEMENT_3D('',#1689,#1690,#1691);
#1689 = CARTESIAN_POINT('',(3.,-3.,0.));
#1690 = DIRECTION('',(-1.,0.,0.));
#1691 = DIRECTION('',(0.,1.,0.));
#1692 = ADVANCED_FACE('',(#1693),#1711,.F.);
#1693 = FACE_BOUND('',#1694,.F.);
#1694 = EDGE_LOOP('',(#1695,#1703,#1709,#1710));
#1695 = ORIENTED_EDGE('',*,*,#1696,.F.);
#1696 = EDGE_CURVE('',#1697,#1605,#1699,.T.);
#1697 = VERTEX_POINT('',#1698);
#1698 = CARTESIAN_POINT('',(1.25,1.25,0.));
#1699 = LINE('',#1700,#1701);
#1700 = CARTESIAN_POINT('',(-3.,1.25,0.));
#1701 = VECTOR('',#1702,1.);
#1702 = DIRECTION('',(1.,0.,0.));
#1703 = ORIENTED_EDGE('',*,*,#1704,.F.);
#1704 = EDGE_CURVE('',#575,#1697,#1705,.T.);
#1705 = LINE('',#1706,#1707);
#1706 = CARTESIAN_POINT('',(1.25,1.25,0.));
#1707 = VECTOR('',#1708,1.);
#1708 = DIRECTION('',(0.,0.,-1.));
#1709 = ORIENTED_EDGE('',*,*,#574,.T.);
#1710 = ORIENTED_EDGE('',*,*,#1612,.F.);
#1711 = PLANE('',#1712);
#1712 = AXIS2_PLACEMENT_3D('',#1713,#1714,#1715);
#1713 = CARTESIAN_POINT('',(-3.,1.25,0.));
#1714 = DIRECTION('',(0.,1.,0.));
#1715 = DIRECTION('',(0.,-0.,1.));
#1716 = ADVANCED_FACE('',(#1717),#1728,.F.);
#1717 = FACE_BOUND('',#1718,.F.);
#1718 = EDGE_LOOP('',(#1719,#1720,#1721,#1727));
#1719 = ORIENTED_EDGE('',*,*,#582,.F.);
#1720 = ORIENTED_EDGE('',*,*,#1704,.T.);
#1721 = ORIENTED_EDGE('',*,*,#1722,.T.);
#1722 = EDGE_CURVE('',#1697,#1447,#1723,.T.);
#1723 = LINE('',#1724,#1725);
#1724 = CARTESIAN_POINT('',(1.25,-3.,0.));
#1725 = VECTOR('',#1726,1.);
#1726 = DIRECTION('',(0.,1.,0.));
#1727 = ORIENTED_EDGE('',*,*,#1493,.T.);
#1728 = PLANE('',#1729);
#1729 = AXIS2_PLACEMENT_3D('',#1730,#1731,#1732);
#1730 = CARTESIAN_POINT('',(1.25,-3.,0.));
#1731 = DIRECTION('',(1.,0.,0.));
#1732 = DIRECTION('',(0.,0.,1.));
#1733 = ADVANCED_FACE('',(#1734),#1745,.T.);
#1734 = FACE_BOUND('',#1735,.F.);
#1735 = EDGE_LOOP('',(#1736,#1737,#1738,#1744));
#1736 = ORIENTED_EDGE('',*,*,#1538,.T.);
#1737 = ORIENTED_EDGE('',*,*,#1245,.T.);
#1738 = ORIENTED_EDGE('',*,*,#1739,.F.);
#1739 = EDGE_CURVE('',#614,#1246,#1740,.T.);
#1740 = LINE('',#1741,#1742);
#1741 = CARTESIAN_POINT('',(-2.8,-1.,3.15));
#1742 = VECTOR('',#1743,1.);
#1743 = DIRECTION('',(0.,0.,1.));
#1744 = ORIENTED_EDGE('',*,*,#621,.F.);
#1745 = PLANE('',#1746);
#1746 = AXIS2_PLACEMENT_3D('',#1747,#1748,#1749);
#1747 = CARTESIAN_POINT('',(-2.8,1.,3.15));
#1748 = DIRECTION('',(-1.,-0.,-0.));
#1749 = DIRECTION('',(0.,1.,0.));
#1750 = ADVANCED_FACE('',(#1751),#1757,.T.);
#1751 = FACE_BOUND('',#1752,.F.);
#1752 = EDGE_LOOP('',(#1753,#1754,#1755,#1756));
#1753 = ORIENTED_EDGE('',*,*,#1739,.T.);
#1754 = ORIENTED_EDGE('',*,*,#1253,.T.);
#1755 = ORIENTED_EDGE('',*,*,#644,.F.);
#1756 = ORIENTED_EDGE('',*,*,#613,.F.);
#1757 = PLANE('',#1758);
#1758 = AXIS2_PLACEMENT_3D('',#1759,#1760,#1761);
#1759 = CARTESIAN_POINT('',(-2.8,-1.,3.15));
#1760 = DIRECTION('',(0.,1.,0.));
#1761 = DIRECTION('',(1.,0.,0.));
#1762 = ADVANCED_FACE('',(#1763),#1779,.T.);
#1763 = FACE_BOUND('',#1764,.T.);
#1764 = EDGE_LOOP('',(#1765,#1766,#1772,#1773));
#1765 = ORIENTED_EDGE('',*,*,#667,.T.);
#1766 = ORIENTED_EDGE('',*,*,#1767,.T.);
#1767 = EDGE_CURVE('',#670,#775,#1768,.T.);
#1768 = LINE('',#1769,#1770);
#1769 = CARTESIAN_POINT('',(-3.449217410273,2.6,0.));
#1770 = VECTOR('',#1771,1.);
#1771 = DIRECTION('',(-1.224646799147E-16,-1.,0.));
#1772 = ORIENTED_EDGE('',*,*,#772,.F.);
#1773 = ORIENTED_EDGE('',*,*,#1774,.T.);
#1774 = EDGE_CURVE('',#773,#668,#1775,.T.);
#1775 = LINE('',#1776,#1777);
#1776 = CARTESIAN_POINT('',(-4.5,1.9,0.));
#1777 = VECTOR('',#1778,1.);
#1778 = DIRECTION('',(1.224646799147E-16,1.,0.));
#1779 = PLANE('',#1780);
#1780 = AXIS2_PLACEMENT_3D('',#1781,#1782,#1783);
#1781 = CARTESIAN_POINT('',(-4.5,2.25,0.));
#1782 = DIRECTION('',(0.,0.,-1.));
#1783 = DIRECTION('',(1.,-1.224646799147E-16,0.));
#1784 = ADVANCED_FACE('',(#1785),#1796,.T.);
#1785 = FACE_BOUND('',#1786,.T.);
#1786 = EDGE_LOOP('',(#1787,#1788,#1789,#1795));
#1787 = ORIENTED_EDGE('',*,*,#1767,.F.);
#1788 = ORIENTED_EDGE('',*,*,#677,.T.);
#1789 = ORIENTED_EDGE('',*,*,#1790,.T.);
#1790 = EDGE_CURVE('',#678,#783,#1791,.T.);
#1791 = LINE('',#1792,#1793);
#1792 = CARTESIAN_POINT('',(-3.154303630092,2.6,0.244992161835));
#1793 = VECTOR('',#1794,1.);
#1794 = DIRECTION('',(-1.224646799147E-16,-1.,0.));
#1795 = ORIENTED_EDGE('',*,*,#782,.F.);
#1796 = CYLINDRICAL_SURFACE('',#1797,0.3);
#1797 = AXIS2_PLACEMENT_3D('',#1798,#1799,#1800);
#1798 = CARTESIAN_POINT('',(-3.449217410273,2.25,0.3));
#1799 = DIRECTION('',(-1.224646799147E-16,-1.,0.));
#1800 = DIRECTION('',(-0.,0.,-1.));
#1801 = ADVANCED_FACE('',(#1802),#1808,.T.);
#1802 = FACE_BOUND('',#1803,.T.);
#1803 = EDGE_LOOP('',(#1804,#1805,#1806,#1807));
#1804 = ORIENTED_EDGE('',*,*,#1790,.F.);
#1805 = ORIENTED_EDGE('',*,*,#686,.T.);
#1806 = ORIENTED_EDGE('',*,*,#846,.T.);
#1807 = ORIENTED_EDGE('',*,*,#791,.F.);
#1808 = PLANE('',#1809);
#1809 = AXIS2_PLACEMENT_3D('',#1810,#1811,#1812);
#1810 = CARTESIAN_POINT('',(-3.154303630092,2.25,0.244992161835));
#1811 = DIRECTION('',(0.983045933935,-1.203884056408E-16,-0.183359460551
    ));
#1812 = DIRECTION('',(0.183359460551,-2.245505764576E-17,0.983045933935)
  );
#1813 = ADVANCED_FACE('',(#1814),#1825,.T.);
#1814 = FACE_BOUND('',#1815,.T.);
#1815 = EDGE_LOOP('',(#1816,#1817,#1818,#1824));
#1816 = ORIENTED_EDGE('',*,*,#750,.F.);
#1817 = ORIENTED_EDGE('',*,*,#709,.T.);
#1818 = ORIENTED_EDGE('',*,*,#1819,.T.);
#1819 = EDGE_CURVE('',#710,#808,#1820,.T.);
#1820 = LINE('',#1821,#1822);
#1821 = CARTESIAN_POINT('',(-3.345696369908,2.6,0.855007838165));
#1822 = VECTOR('',#1823,1.);
#1823 = DIRECTION('',(-1.224646799147E-16,-1.,0.));
#1824 = ORIENTED_EDGE('',*,*,#807,.F.);
#1825 = CYLINDRICAL_SURFACE('',#1826,0.3);
#1826 = AXIS2_PLACEMENT_3D('',#1827,#1828,#1829);
#1827 = CARTESIAN_POINT('',(-3.050782589727,2.25,0.8));
#1828 = DIRECTION('',(-1.224646799147E-16,-1.,0.));
#1829 = DIRECTION('',(-7.401486830834E-16,9.06420715631E-32,1.));
#1830 = ADVANCED_FACE('',(#1831),#1842,.T.);
#1831 = FACE_BOUND('',#1832,.T.);
#1832 = EDGE_LOOP('',(#1833,#1834,#1835,#1841));
#1833 = ORIENTED_EDGE('',*,*,#1819,.F.);
#1834 = ORIENTED_EDGE('',*,*,#718,.T.);
#1835 = ORIENTED_EDGE('',*,*,#1836,.F.);
#1836 = EDGE_CURVE('',#817,#719,#1837,.T.);
#1837 = LINE('',#1838,#1839);
#1838 = CARTESIAN_POINT('',(-3.449217410273,1.9,0.3));
#1839 = VECTOR('',#1840,1.);
#1840 = DIRECTION('',(1.224646799147E-16,1.,0.));
#1841 = ORIENTED_EDGE('',*,*,#816,.F.);
#1842 = PLANE('',#1843);
#1843 = AXIS2_PLACEMENT_3D('',#1844,#1845,#1846);
#1844 = CARTESIAN_POINT('',(-3.345696369908,2.25,0.855007838165));
#1845 = DIRECTION('',(-0.983045933935,1.203884056408E-16,0.183359460551)
  );
#1846 = DIRECTION('',(-0.183359460551,2.245505764576E-17,-0.983045933935
    ));
#1847 = ADVANCED_FACE('',(#1848),#1859,.T.);
#1848 = FACE_BOUND('',#1849,.T.);
#1849 = EDGE_LOOP('',(#1850,#1851,#1857,#1858));
#1850 = ORIENTED_EDGE('',*,*,#726,.T.);
#1851 = ORIENTED_EDGE('',*,*,#1852,.F.);
#1852 = EDGE_CURVE('',#825,#727,#1853,.T.);
#1853 = LINE('',#1854,#1855);
#1854 = CARTESIAN_POINT('',(-4.5,1.9,0.3));
#1855 = VECTOR('',#1856,1.);
#1856 = DIRECTION('',(1.224646799147E-16,1.,0.));
#1857 = ORIENTED_EDGE('',*,*,#824,.F.);
#1858 = ORIENTED_EDGE('',*,*,#1836,.T.);
#1859 = PLANE('',#1860);
#1860 = AXIS2_PLACEMENT_3D('',#1861,#1862,#1863);
#1861 = CARTESIAN_POINT('',(-3.449217410273,2.25,0.3));
#1862 = DIRECTION('',(5.28283888351E-17,-6.469611729102E-33,1.));
#1863 = DIRECTION('',(-1.,1.224646799147E-16,5.28283888351E-17));
#1864 = ADVANCED_FACE('',(#1865),#1871,.T.);
#1865 = FACE_BOUND('',#1866,.T.);
#1866 = EDGE_LOOP('',(#1867,#1868,#1869,#1870));
#1867 = ORIENTED_EDGE('',*,*,#734,.T.);
#1868 = ORIENTED_EDGE('',*,*,#1774,.F.);
#1869 = ORIENTED_EDGE('',*,*,#832,.F.);
#1870 = ORIENTED_EDGE('',*,*,#1852,.T.);
#1871 = PLANE('',#1872);
#1872 = AXIS2_PLACEMENT_3D('',#1873,#1874,#1875);
#1873 = CARTESIAN_POINT('',(-4.5,2.25,0.3));
#1874 = DIRECTION('',(-1.,1.224646799147E-16,0.));
#1875 = DIRECTION('',(0.,0.,-1.));
#1876 = ADVANCED_FACE('',(#1877),#1893,.T.);
#1877 = FACE_BOUND('',#1878,.T.);
#1878 = EDGE_LOOP('',(#1879,#1880,#1886,#1887));
#1879 = ORIENTED_EDGE('',*,*,#863,.T.);
#1880 = ORIENTED_EDGE('',*,*,#1881,.T.);
#1881 = EDGE_CURVE('',#866,#971,#1882,.T.);
#1882 = LINE('',#1883,#1884);
#1883 = CARTESIAN_POINT('',(-3.449217410273,-1.9,0.));
#1884 = VECTOR('',#1885,1.);
#1885 = DIRECTION('',(-1.224646799147E-16,-1.,0.));
#1886 = ORIENTED_EDGE('',*,*,#968,.F.);
#1887 = ORIENTED_EDGE('',*,*,#1888,.T.);
#1888 = EDGE_CURVE('',#969,#864,#1889,.T.);
#1889 = LINE('',#1890,#1891);
#1890 = CARTESIAN_POINT('',(-4.5,-2.6,0.));
#1891 = VECTOR('',#1892,1.);
#1892 = DIRECTION('',(1.224646799147E-16,1.,0.));
#1893 = PLANE('',#1894);
#1894 = AXIS2_PLACEMENT_3D('',#1895,#1896,#1897);
#1895 = CARTESIAN_POINT('',(-4.5,-2.25,0.));
#1896 = DIRECTION('',(0.,0.,-1.));
#1897 = DIRECTION('',(1.,-1.224646799147E-16,0.));
#1898 = ADVANCED_FACE('',(#1899),#1910,.T.);
#1899 = FACE_BOUND('',#1900,.T.);
#1900 = EDGE_LOOP('',(#1901,#1902,#1903,#1909));
#1901 = ORIENTED_EDGE('',*,*,#1881,.F.);
#1902 = ORIENTED_EDGE('',*,*,#873,.T.);
#1903 = ORIENTED_EDGE('',*,*,#1904,.T.);
#1904 = EDGE_CURVE('',#874,#979,#1905,.T.);
#1905 = LINE('',#1906,#1907);
#1906 = CARTESIAN_POINT('',(-3.154303630092,-1.9,0.244992161835));
#1907 = VECTOR('',#1908,1.);
#1908 = DIRECTION('',(-1.224646799147E-16,-1.,0.));
#1909 = ORIENTED_EDGE('',*,*,#978,.F.);
#1910 = CYLINDRICAL_SURFACE('',#1911,0.3);
#1911 = AXIS2_PLACEMENT_3D('',#1912,#1913,#1914);
#1912 = CARTESIAN_POINT('',(-3.449217410273,-2.25,0.3));
#1913 = DIRECTION('',(-1.224646799147E-16,-1.,0.));
#1914 = DIRECTION('',(-0.,0.,-1.));
#1915 = ADVANCED_FACE('',(#1916),#1922,.T.);
#1916 = FACE_BOUND('',#1917,.T.);
#1917 = EDGE_LOOP('',(#1918,#1919,#1920,#1921));
#1918 = ORIENTED_EDGE('',*,*,#1904,.F.);
#1919 = ORIENTED_EDGE('',*,*,#882,.T.);
#1920 = ORIENTED_EDGE('',*,*,#1042,.T.);
#1921 = ORIENTED_EDGE('',*,*,#987,.F.);
#1922 = PLANE('',#1923);
#1923 = AXIS2_PLACEMENT_3D('',#1924,#1925,#1926);
#1924 = CARTESIAN_POINT('',(-3.154303630092,-2.25,0.244992161835));
#1925 = DIRECTION('',(0.983045933935,-1.203884056408E-16,-0.183359460551
    ));
#1926 = DIRECTION('',(0.183359460551,-2.245505764576E-17,0.983045933935)
  );
#1927 = ADVANCED_FACE('',(#1928),#1939,.T.);
#1928 = FACE_BOUND('',#1929,.T.);
#1929 = EDGE_LOOP('',(#1930,#1931,#1932,#1938));
#1930 = ORIENTED_EDGE('',*,*,#946,.F.);
#1931 = ORIENTED_EDGE('',*,*,#905,.T.);
#1932 = ORIENTED_EDGE('',*,*,#1933,.T.);
#1933 = EDGE_CURVE('',#906,#1004,#1934,.T.);
#1934 = LINE('',#1935,#1936);
#1935 = CARTESIAN_POINT('',(-3.345696369908,-1.9,0.855007838165));
#1936 = VECTOR('',#1937,1.);
#1937 = DIRECTION('',(-1.224646799147E-16,-1.,0.));
#1938 = ORIENTED_EDGE('',*,*,#1003,.F.);
#1939 = CYLINDRICAL_SURFACE('',#1940,0.3);
#1940 = AXIS2_PLACEMENT_3D('',#1941,#1942,#1943);
#1941 = CARTESIAN_POINT('',(-3.050782589727,-2.25,0.8));
#1942 = DIRECTION('',(-1.224646799147E-16,-1.,0.));
#1943 = DIRECTION('',(-7.401486830834E-16,9.06420715631E-32,1.));
#1944 = ADVANCED_FACE('',(#1945),#1956,.T.);
#1945 = FACE_BOUND('',#1946,.T.);
#1946 = EDGE_LOOP('',(#1947,#1948,#1949,#1955));
#1947 = ORIENTED_EDGE('',*,*,#1933,.F.);
#1948 = ORIENTED_EDGE('',*,*,#914,.T.);
#1949 = ORIENTED_EDGE('',*,*,#1950,.F.);
#1950 = EDGE_CURVE('',#1013,#915,#1951,.T.);
#1951 = LINE('',#1952,#1953);
#1952 = CARTESIAN_POINT('',(-3.449217410273,-2.6,0.3));
#1953 = VECTOR('',#1954,1.);
#1954 = DIRECTION('',(1.224646799147E-16,1.,0.));
#1955 = ORIENTED_EDGE('',*,*,#1012,.F.);
#1956 = PLANE('',#1957);
#1957 = AXIS2_PLACEMENT_3D('',#1958,#1959,#1960);
#1958 = CARTESIAN_POINT('',(-3.345696369908,-2.25,0.855007838165));
#1959 = DIRECTION('',(-0.983045933935,1.203884056408E-16,0.183359460551)
  );
#1960 = DIRECTION('',(-0.183359460551,2.245505764576E-17,-0.983045933935
    ));
#1961 = ADVANCED_FACE('',(#1962),#1973,.T.);
#1962 = FACE_BOUND('',#1963,.T.);
#1963 = EDGE_LOOP('',(#1964,#1965,#1971,#1972));
#1964 = ORIENTED_EDGE('',*,*,#922,.T.);
#1965 = ORIENTED_EDGE('',*,*,#1966,.F.);
#1966 = EDGE_CURVE('',#1021,#923,#1967,.T.);
#1967 = LINE('',#1968,#1969);
#1968 = CARTESIAN_POINT('',(-4.5,-2.6,0.3));
#1969 = VECTOR('',#1970,1.);
#1970 = DIRECTION('',(1.224646799147E-16,1.,0.));
#1971 = ORIENTED_EDGE('',*,*,#1020,.F.);
#1972 = ORIENTED_EDGE('',*,*,#1950,.T.);
#1973 = PLANE('',#1974);
#1974 = AXIS2_PLACEMENT_3D('',#1975,#1976,#1977);
#1975 = CARTESIAN_POINT('',(-3.449217410273,-2.25,0.3));
#1976 = DIRECTION('',(5.28283888351E-17,-6.469611729102E-33,1.));
#1977 = DIRECTION('',(-1.,1.224646799147E-16,5.28283888351E-17));
#1978 = ADVANCED_FACE('',(#1979),#1985,.T.);
#1979 = FACE_BOUND('',#1980,.T.);
#1980 = EDGE_LOOP('',(#1981,#1982,#1983,#1984));
#1981 = ORIENTED_EDGE('',*,*,#930,.T.);
#1982 = ORIENTED_EDGE('',*,*,#1888,.F.);
#1983 = ORIENTED_EDGE('',*,*,#1028,.F.);
#1984 = ORIENTED_EDGE('',*,*,#1966,.T.);
#1985 = PLANE('',#1986);
#1986 = AXIS2_PLACEMENT_3D('',#1987,#1988,#1989);
#1987 = CARTESIAN_POINT('',(-4.5,-2.25,0.3));
#1988 = DIRECTION('',(-1.,1.224646799147E-16,0.));
#1989 = DIRECTION('',(0.,0.,-1.));
#1990 = ADVANCED_FACE('',(#1991),#2002,.T.);
#1991 = FACE_BOUND('',#1992,.T.);
#1992 = EDGE_LOOP('',(#1993,#1994,#2000,#2001));
#1993 = ORIENTED_EDGE('',*,*,#1125,.T.);
#1994 = ORIENTED_EDGE('',*,*,#1995,.T.);
#1995 = EDGE_CURVE('',#1118,#1286,#1996,.T.);
#1996 = LINE('',#1997,#1998);
#1997 = CARTESIAN_POINT('',(3.,-2.7,3.15));
#1998 = VECTOR('',#1999,1.);
#1999 = DIRECTION('',(0.,0.,1.));
#2000 = ORIENTED_EDGE('',*,*,#1285,.F.);
#2001 = ORIENTED_EDGE('',*,*,#1213,.F.);
#2002 = CYLINDRICAL_SURFACE('',#2003,0.3);
#2003 = AXIS2_PLACEMENT_3D('',#2004,#2005,#2006);
#2004 = CARTESIAN_POINT('',(2.7,-2.7,3.15));
#2005 = DIRECTION('',(0.,0.,1.));
#2006 = DIRECTION('',(0.,-1.,0.));
#2007 = ADVANCED_FACE('',(#2008),#2019,.T.);
#2008 = FACE_BOUND('',#2009,.F.);
#2009 = EDGE_LOOP('',(#2010,#2011,#2012,#2018));
#2010 = ORIENTED_EDGE('',*,*,#1151,.T.);
#2011 = ORIENTED_EDGE('',*,*,#1262,.T.);
#2012 = ORIENTED_EDGE('',*,*,#2013,.F.);
#2013 = EDGE_CURVE('',#1166,#1263,#2014,.T.);
#2014 = LINE('',#2015,#2016);
#2015 = CARTESIAN_POINT('',(-1.,-2.8,3.15));
#2016 = VECTOR('',#2017,1.);
#2017 = DIRECTION('',(0.,0.,1.));
#2018 = ORIENTED_EDGE('',*,*,#1165,.F.);
#2019 = PLANE('',#2020);
#2020 = AXIS2_PLACEMENT_3D('',#2021,#2022,#2023);
#2021 = CARTESIAN_POINT('',(-1.,-3.,3.15));
#2022 = DIRECTION('',(1.,1.110223024625E-16,0.));
#2023 = DIRECTION('',(1.110223024625E-16,-1.,0.));
#2024 = ADVANCED_FACE('',(#2025),#2036,.T.);
#2025 = FACE_BOUND('',#2026,.F.);
#2026 = EDGE_LOOP('',(#2027,#2028,#2029,#2035));
#2027 = ORIENTED_EDGE('',*,*,#2013,.T.);
#2028 = ORIENTED_EDGE('',*,*,#1270,.T.);
#2029 = ORIENTED_EDGE('',*,*,#2030,.F.);
#2030 = EDGE_CURVE('',#1175,#1271,#2031,.T.);
#2031 = LINE('',#2032,#2033);
#2032 = CARTESIAN_POINT('',(1.,-2.8,3.15));
#2033 = VECTOR('',#2034,1.);
#2034 = DIRECTION('',(0.,0.,1.));
#2035 = ORIENTED_EDGE('',*,*,#1182,.F.);
#2036 = PLANE('',#2037);
#2037 = AXIS2_PLACEMENT_3D('',#2038,#2039,#2040);
#2038 = CARTESIAN_POINT('',(-1.,-2.8,3.15));
#2039 = DIRECTION('',(1.110223024625E-16,-1.,0.));
#2040 = DIRECTION('',(-1.,-1.110223024625E-16,0.));
#2041 = ADVANCED_FACE('',(#2042),#2048,.T.);
#2042 = FACE_BOUND('',#2043,.F.);
#2043 = EDGE_LOOP('',(#2044,#2045,#2046,#2047));
#2044 = ORIENTED_EDGE('',*,*,#2030,.T.);
#2045 = ORIENTED_EDGE('',*,*,#1278,.T.);
#2046 = ORIENTED_EDGE('',*,*,#1197,.F.);
#2047 = ORIENTED_EDGE('',*,*,#1174,.F.);
#2048 = PLANE('',#2049);
#2049 = AXIS2_PLACEMENT_3D('',#2050,#2051,#2052);
#2050 = CARTESIAN_POINT('',(1.,-2.8,3.15));
#2051 = DIRECTION('',(-1.,-1.110223024625E-16,-0.));
#2052 = DIRECTION('',(-1.110223024625E-16,1.,0.));
#2053 = ADVANCED_FACE('',(#2054),#2065,.F.);
#2054 = FACE_BOUND('',#2055,.F.);
#2055 = EDGE_LOOP('',(#2056,#2057,#2063,#2064));
#2056 = ORIENTED_EDGE('',*,*,#1478,.F.);
#2057 = ORIENTED_EDGE('',*,*,#2058,.T.);
#2058 = EDGE_CURVE('',#1471,#1368,#2059,.T.);
#2059 = LINE('',#2060,#2061);
#2060 = CARTESIAN_POINT('',(-1.,3.,3.15));
#2061 = VECTOR('',#2062,1.);
#2062 = DIRECTION('',(0.,0.,1.));
#2063 = ORIENTED_EDGE('',*,*,#1375,.T.);
#2064 = ORIENTED_EDGE('',*,*,#1522,.F.);
#2065 = PLANE('',#2066);
#2066 = AXIS2_PLACEMENT_3D('',#2067,#2068,#2069);
#2067 = CARTESIAN_POINT('',(3.,3.,3.15));
#2068 = DIRECTION('',(0.,-1.,0.));
#2069 = DIRECTION('',(-1.,0.,0.));
#2070 = ADVANCED_FACE('',(#2071),#2089,.T.);
#2071 = FACE_BOUND('',#2072,.T.);
#2072 = EDGE_LOOP('',(#2073,#2074,#2075,#2083));
#2073 = ORIENTED_EDGE('',*,*,#2058,.T.);
#2074 = ORIENTED_EDGE('',*,*,#1367,.T.);
#2075 = ORIENTED_EDGE('',*,*,#2076,.F.);
#2076 = EDGE_CURVE('',#2077,#1360,#2079,.T.);
#2077 = VERTEX_POINT('',#2078);
#2078 = CARTESIAN_POINT('',(-1.,2.8,3.15));
#2079 = LINE('',#2080,#2081);
#2080 = CARTESIAN_POINT('',(-1.,2.8,3.15));
#2081 = VECTOR('',#2082,1.);
#2082 = DIRECTION('',(0.,0.,1.));
#2083 = ORIENTED_EDGE('',*,*,#2084,.F.);
#2084 = EDGE_CURVE('',#1471,#2077,#2085,.T.);
#2085 = LINE('',#2086,#2087);
#2086 = CARTESIAN_POINT('',(-1.,3.,3.15));
#2087 = VECTOR('',#2088,1.);
#2088 = DIRECTION('',(-1.110223024625E-16,-1.,0.));
#2089 = PLANE('',#2090);
#2090 = AXIS2_PLACEMENT_3D('',#2091,#2092,#2093);
#2091 = CARTESIAN_POINT('',(-1.,3.,3.15));
#2092 = DIRECTION('',(1.,-1.110223024625E-16,0.));
#2093 = DIRECTION('',(-1.110223024625E-16,-1.,0.));
#2094 = ADVANCED_FACE('',(#2095),#2113,.T.);
#2095 = FACE_BOUND('',#2096,.T.);
#2096 = EDGE_LOOP('',(#2097,#2098,#2099,#2107));
#2097 = ORIENTED_EDGE('',*,*,#2076,.T.);
#2098 = ORIENTED_EDGE('',*,*,#1359,.T.);
#2099 = ORIENTED_EDGE('',*,*,#2100,.F.);
#2100 = EDGE_CURVE('',#2101,#1352,#2103,.T.);
#2101 = VERTEX_POINT('',#2102);
#2102 = CARTESIAN_POINT('',(1.,2.8,3.15));
#2103 = LINE('',#2104,#2105);
#2104 = CARTESIAN_POINT('',(1.,2.8,3.15));
#2105 = VECTOR('',#2106,1.);
#2106 = DIRECTION('',(0.,0.,1.));
#2107 = ORIENTED_EDGE('',*,*,#2108,.F.);
#2108 = EDGE_CURVE('',#2077,#2101,#2109,.T.);
#2109 = LINE('',#2110,#2111);
#2110 = CARTESIAN_POINT('',(-1.,2.8,3.15));
#2111 = VECTOR('',#2112,1.);
#2112 = DIRECTION('',(1.,-1.110223024625E-16,0.));
#2113 = PLANE('',#2114);
#2114 = AXIS2_PLACEMENT_3D('',#2115,#2116,#2117);
#2115 = CARTESIAN_POINT('',(-1.,2.8,3.15));
#2116 = DIRECTION('',(1.110223024625E-16,1.,0.));
#2117 = DIRECTION('',(1.,-1.110223024625E-16,0.));
#2118 = ADVANCED_FACE('',(#2119),#2135,.T.);
#2119 = FACE_BOUND('',#2120,.T.);
#2120 = EDGE_LOOP('',(#2121,#2122,#2123,#2129));
#2121 = ORIENTED_EDGE('',*,*,#2100,.T.);
#2122 = ORIENTED_EDGE('',*,*,#1351,.T.);
#2123 = ORIENTED_EDGE('',*,*,#2124,.F.);
#2124 = EDGE_CURVE('',#1463,#1344,#2125,.T.);
#2125 = LINE('',#2126,#2127);
#2126 = CARTESIAN_POINT('',(1.,3.,3.15));
#2127 = VECTOR('',#2128,1.);
#2128 = DIRECTION('',(0.,0.,1.));
#2129 = ORIENTED_EDGE('',*,*,#2130,.F.);
#2130 = EDGE_CURVE('',#2101,#1463,#2131,.T.);
#2131 = LINE('',#2132,#2133);
#2132 = CARTESIAN_POINT('',(1.,2.8,3.15));
#2133 = VECTOR('',#2134,1.);
#2134 = DIRECTION('',(1.110223024625E-16,1.,0.));
#2135 = PLANE('',#2136);
#2136 = AXIS2_PLACEMENT_3D('',#2137,#2138,#2139);
#2137 = CARTESIAN_POINT('',(1.,2.8,3.15));
#2138 = DIRECTION('',(-1.,1.110223024625E-16,0.));
#2139 = DIRECTION('',(1.110223024625E-16,1.,0.));
#2140 = ADVANCED_FACE('',(#2141),#2152,.F.);
#2141 = FACE_BOUND('',#2142,.F.);
#2142 = EDGE_LOOP('',(#2143,#2144,#2150,#2151));
#2143 = ORIENTED_EDGE('',*,*,#1462,.F.);
#2144 = ORIENTED_EDGE('',*,*,#2145,.T.);
#2145 = EDGE_CURVE('',#1455,#1335,#2146,.T.);
#2146 = LINE('',#2147,#2148);
#2147 = CARTESIAN_POINT('',(2.7,3.,3.15));
#2148 = VECTOR('',#2149,1.);
#2149 = DIRECTION('',(0.,0.,1.));
#2150 = ORIENTED_EDGE('',*,*,#1343,.T.);
#2151 = ORIENTED_EDGE('',*,*,#2124,.F.);
#2152 = PLANE('',#2153);
#2153 = AXIS2_PLACEMENT_3D('',#2154,#2155,#2156);
#2154 = CARTESIAN_POINT('',(3.,3.,3.15));
#2155 = DIRECTION('',(0.,-1.,0.));
#2156 = DIRECTION('',(-1.,0.,0.));
#2157 = ADVANCED_FACE('',(#2158),#2175,.T.);
#2158 = FACE_BOUND('',#2159,.T.);
#2159 = EDGE_LOOP('',(#2160,#2167,#2168,#2169));
#2160 = ORIENTED_EDGE('',*,*,#2161,.T.);
#2161 = EDGE_CURVE('',#1589,#1455,#2162,.T.);
#2162 = CIRCLE('',#2163,0.3);
#2163 = AXIS2_PLACEMENT_3D('',#2164,#2165,#2166);
#2164 = CARTESIAN_POINT('',(2.7,2.7,3.15));
#2165 = DIRECTION('',(-0.,0.,1.));
#2166 = DIRECTION('',(0.,-1.,0.));
#2167 = ORIENTED_EDGE('',*,*,#2145,.T.);
#2168 = ORIENTED_EDGE('',*,*,#1334,.F.);
#2169 = ORIENTED_EDGE('',*,*,#2170,.F.);
#2170 = EDGE_CURVE('',#1589,#1327,#2171,.T.);
#2171 = LINE('',#2172,#2173);
#2172 = CARTESIAN_POINT('',(3.,2.7,3.15));
#2173 = VECTOR('',#2174,1.);
#2174 = DIRECTION('',(0.,0.,1.));
#2175 = CYLINDRICAL_SURFACE('',#2176,0.3);
#2176 = AXIS2_PLACEMENT_3D('',#2177,#2178,#2179);
#2177 = CARTESIAN_POINT('',(2.7,2.7,3.15));
#2178 = DIRECTION('',(0.,0.,1.));
#2179 = DIRECTION('',(1.,0.,-0.));
#2180 = ADVANCED_FACE('',(#2181),#2192,.F.);
#2181 = FACE_BOUND('',#2182,.F.);
#2182 = EDGE_LOOP('',(#2183,#2184,#2190,#2191));
#2183 = ORIENTED_EDGE('',*,*,#1588,.F.);
#2184 = ORIENTED_EDGE('',*,*,#2185,.T.);
#2185 = EDGE_CURVE('',#1581,#1319,#2186,.T.);
#2186 = LINE('',#2187,#2188);
#2187 = CARTESIAN_POINT('',(3.,1.,3.15));
#2188 = VECTOR('',#2189,1.);
#2189 = DIRECTION('',(0.,0.,1.));
#2190 = ORIENTED_EDGE('',*,*,#1326,.T.);
#2191 = ORIENTED_EDGE('',*,*,#2170,.F.);
#2192 = PLANE('',#2193);
#2193 = AXIS2_PLACEMENT_3D('',#2194,#2195,#2196);
#2194 = CARTESIAN_POINT('',(3.,-3.,3.15));
#2195 = DIRECTION('',(-1.,0.,0.));
#2196 = DIRECTION('',(0.,1.,0.));
#2197 = ADVANCED_FACE('',(#2198),#2216,.T.);
#2198 = FACE_BOUND('',#2199,.T.);
#2199 = EDGE_LOOP('',(#2200,#2201,#2202,#2210));
#2200 = ORIENTED_EDGE('',*,*,#2185,.T.);
#2201 = ORIENTED_EDGE('',*,*,#1318,.T.);
#2202 = ORIENTED_EDGE('',*,*,#2203,.F.);
#2203 = EDGE_CURVE('',#2204,#1311,#2206,.T.);
#2204 = VERTEX_POINT('',#2205);
#2205 = CARTESIAN_POINT('',(2.8,1.,3.15));
#2206 = LINE('',#2207,#2208);
#2207 = CARTESIAN_POINT('',(2.8,1.,3.15));
#2208 = VECTOR('',#2209,1.);
#2209 = DIRECTION('',(0.,0.,1.));
#2210 = ORIENTED_EDGE('',*,*,#2211,.F.);
#2211 = EDGE_CURVE('',#1581,#2204,#2212,.T.);
#2212 = LINE('',#2213,#2214);
#2213 = CARTESIAN_POINT('',(3.,1.,3.15));
#2214 = VECTOR('',#2215,1.);
#2215 = DIRECTION('',(-1.,0.,0.));
#2216 = PLANE('',#2217);
#2217 = AXIS2_PLACEMENT_3D('',#2218,#2219,#2220);
#2218 = CARTESIAN_POINT('',(3.,1.,3.15));
#2219 = DIRECTION('',(0.,-1.,0.));
#2220 = DIRECTION('',(-1.,0.,0.));
#2221 = ADVANCED_FACE('',(#2222),#2240,.T.);
#2222 = FACE_BOUND('',#2223,.T.);
#2223 = EDGE_LOOP('',(#2224,#2225,#2226,#2234));
#2224 = ORIENTED_EDGE('',*,*,#2203,.T.);
#2225 = ORIENTED_EDGE('',*,*,#1310,.T.);
#2226 = ORIENTED_EDGE('',*,*,#2227,.F.);
#2227 = EDGE_CURVE('',#2228,#1303,#2230,.T.);
#2228 = VERTEX_POINT('',#2229);
#2229 = CARTESIAN_POINT('',(2.8,-1.,3.15));
#2230 = LINE('',#2231,#2232);
#2231 = CARTESIAN_POINT('',(2.8,-1.,3.15));
#2232 = VECTOR('',#2233,1.);
#2233 = DIRECTION('',(0.,0.,1.));
#2234 = ORIENTED_EDGE('',*,*,#2235,.F.);
#2235 = EDGE_CURVE('',#2204,#2228,#2236,.T.);
#2236 = LINE('',#2237,#2238);
#2237 = CARTESIAN_POINT('',(2.8,1.,3.15));
#2238 = VECTOR('',#2239,1.);
#2239 = DIRECTION('',(0.,-1.,0.));
#2240 = PLANE('',#2241);
#2241 = AXIS2_PLACEMENT_3D('',#2242,#2243,#2244);
#2242 = CARTESIAN_POINT('',(2.8,1.,3.15));
#2243 = DIRECTION('',(1.,0.,0.));
#2244 = DIRECTION('',(0.,-1.,0.));
#2245 = ADVANCED_FACE('',(#2246),#2262,.T.);
#2246 = FACE_BOUND('',#2247,.T.);
#2247 = EDGE_LOOP('',(#2248,#2249,#2250,#2256));
#2248 = ORIENTED_EDGE('',*,*,#2227,.T.);
#2249 = ORIENTED_EDGE('',*,*,#1302,.T.);
#2250 = ORIENTED_EDGE('',*,*,#2251,.F.);
#2251 = EDGE_CURVE('',#1573,#1295,#2252,.T.);
#2252 = LINE('',#2253,#2254);
#2253 = CARTESIAN_POINT('',(3.,-1.,3.15));
#2254 = VECTOR('',#2255,1.);
#2255 = DIRECTION('',(0.,0.,1.));
#2256 = ORIENTED_EDGE('',*,*,#2257,.F.);
#2257 = EDGE_CURVE('',#2228,#1573,#2258,.T.);
#2258 = LINE('',#2259,#2260);
#2259 = CARTESIAN_POINT('',(2.8,-1.,3.15));
#2260 = VECTOR('',#2261,1.);
#2261 = DIRECTION('',(1.,0.,0.));
#2262 = PLANE('',#2263);
#2263 = AXIS2_PLACEMENT_3D('',#2264,#2265,#2266);
#2264 = CARTESIAN_POINT('',(2.8,-1.,3.15));
#2265 = DIRECTION('',(0.,1.,0.));
#2266 = DIRECTION('',(1.,0.,0.));
#2267 = ADVANCED_FACE('',(#2268),#2274,.F.);
#2268 = FACE_BOUND('',#2269,.F.);
#2269 = EDGE_LOOP('',(#2270,#2271,#2272,#2273));
#2270 = ORIENTED_EDGE('',*,*,#1572,.F.);
#2271 = ORIENTED_EDGE('',*,*,#1995,.T.);
#2272 = ORIENTED_EDGE('',*,*,#1294,.T.);
#2273 = ORIENTED_EDGE('',*,*,#2251,.F.);
#2274 = PLANE('',#2275);
#2275 = AXIS2_PLACEMENT_3D('',#2276,#2277,#2278);
#2276 = CARTESIAN_POINT('',(3.,-3.,3.15));
#2277 = DIRECTION('',(-1.,0.,0.));
#2278 = DIRECTION('',(0.,1.,0.));
#2279 = ADVANCED_FACE('',(#2280),#2299,.T.);
#2280 = FACE_BOUND('',#2281,.T.);
#2281 = EDGE_LOOP('',(#2282,#2283,#2291,#2298));
#2282 = ORIENTED_EDGE('',*,*,#1383,.T.);
#2283 = ORIENTED_EDGE('',*,*,#2284,.T.);
#2284 = EDGE_CURVE('',#1384,#2285,#2287,.T.);
#2285 = VERTEX_POINT('',#2286);
#2286 = CARTESIAN_POINT('',(-1.3,-1.65,3.5));
#2287 = LINE('',#2288,#2289);
#2288 = CARTESIAN_POINT('',(-1.3,-1.65,3.15));
#2289 = VECTOR('',#2290,1.);
#2290 = DIRECTION('',(0.,0.,1.));
#2291 = ORIENTED_EDGE('',*,*,#2292,.F.);
#2292 = EDGE_CURVE('',#2285,#2285,#2293,.T.);
#2293 = CIRCLE('',#2294,0.35);
#2294 = AXIS2_PLACEMENT_3D('',#2295,#2296,#2297);
#2295 = CARTESIAN_POINT('',(-1.65,-1.65,3.5));
#2296 = DIRECTION('',(0.,0.,1.));
#2297 = DIRECTION('',(1.,0.,-0.));
#2298 = ORIENTED_EDGE('',*,*,#2284,.F.);
#2299 = CYLINDRICAL_SURFACE('',#2300,0.35);
#2300 = AXIS2_PLACEMENT_3D('',#2301,#2302,#2303);
#2301 = CARTESIAN_POINT('',(-1.65,-1.65,3.15));
#2302 = DIRECTION('',(0.,0.,1.));
#2303 = DIRECTION('',(1.,0.,-0.));
#2304 = ADVANCED_FACE('',(#2305),#2324,.T.);
#2305 = FACE_BOUND('',#2306,.T.);
#2306 = EDGE_LOOP('',(#2307,#2308,#2316,#2323));
#2307 = ORIENTED_EDGE('',*,*,#1394,.T.);
#2308 = ORIENTED_EDGE('',*,*,#2309,.T.);
#2309 = EDGE_CURVE('',#1395,#2310,#2312,.T.);
#2310 = VERTEX_POINT('',#2311);
#2311 = CARTESIAN_POINT('',(2.,-1.65,3.5));
#2312 = LINE('',#2313,#2314);
#2313 = CARTESIAN_POINT('',(2.,-1.65,3.15));
#2314 = VECTOR('',#2315,1.);
#2315 = DIRECTION('',(0.,0.,1.));
#2316 = ORIENTED_EDGE('',*,*,#2317,.F.);
#2317 = EDGE_CURVE('',#2310,#2310,#2318,.T.);
#2318 = CIRCLE('',#2319,0.35);
#2319 = AXIS2_PLACEMENT_3D('',#2320,#2321,#2322);
#2320 = CARTESIAN_POINT('',(1.65,-1.65,3.5));
#2321 = DIRECTION('',(0.,0.,1.));
#2322 = DIRECTION('',(1.,0.,-0.));
#2323 = ORIENTED_EDGE('',*,*,#2309,.F.);
#2324 = CYLINDRICAL_SURFACE('',#2325,0.35);
#2325 = AXIS2_PLACEMENT_3D('',#2326,#2327,#2328);
#2326 = CARTESIAN_POINT('',(1.65,-1.65,3.15));
#2327 = DIRECTION('',(0.,0.,1.));
#2328 = DIRECTION('',(1.,0.,-0.));
#2329 = ADVANCED_FACE('',(#2330),#2349,.T.);
#2330 = FACE_BOUND('',#2331,.T.);
#2331 = EDGE_LOOP('',(#2332,#2333,#2341,#2348));
#2332 = ORIENTED_EDGE('',*,*,#1405,.T.);
#2333 = ORIENTED_EDGE('',*,*,#2334,.T.);
#2334 = EDGE_CURVE('',#1406,#2335,#2337,.T.);
#2335 = VERTEX_POINT('',#2336);
#2336 = CARTESIAN_POINT('',(-1.3,1.65,3.5));
#2337 = LINE('',#2338,#2339);
#2338 = CARTESIAN_POINT('',(-1.3,1.65,3.15));
#2339 = VECTOR('',#2340,1.);
#2340 = DIRECTION('',(0.,0.,1.));
#2341 = ORIENTED_EDGE('',*,*,#2342,.F.);
#2342 = EDGE_CURVE('',#2335,#2335,#2343,.T.);
#2343 = CIRCLE('',#2344,0.35);
#2344 = AXIS2_PLACEMENT_3D('',#2345,#2346,#2347);
#2345 = CARTESIAN_POINT('',(-1.65,1.65,3.5));
#2346 = DIRECTION('',(0.,0.,1.));
#2347 = DIRECTION('',(1.,0.,-0.));
#2348 = ORIENTED_EDGE('',*,*,#2334,.F.);
#2349 = CYLINDRICAL_SURFACE('',#2350,0.35);
#2350 = AXIS2_PLACEMENT_3D('',#2351,#2352,#2353);
#2351 = CARTESIAN_POINT('',(-1.65,1.65,3.15));
#2352 = DIRECTION('',(0.,0.,1.));
#2353 = DIRECTION('',(1.,0.,-0.));
#2354 = ADVANCED_FACE('',(#2355),#2374,.F.);
#2355 = FACE_BOUND('',#2356,.F.);
#2356 = EDGE_LOOP('',(#2357,#2365,#2372,#2373));
#2357 = ORIENTED_EDGE('',*,*,#2358,.F.);
#2358 = EDGE_CURVE('',#2359,#1417,#2361,.T.);
#2359 = VERTEX_POINT('',#2360);
#2360 = CARTESIAN_POINT('',(1.8,0.,3.15));
#2361 = LINE('',#2362,#2363);
#2362 = CARTESIAN_POINT('',(1.8,0.,3.15));
#2363 = VECTOR('',#2364,1.);
#2364 = DIRECTION('',(0.,0.,1.));
#2365 = ORIENTED_EDGE('',*,*,#2366,.T.);
#2366 = EDGE_CURVE('',#2359,#2359,#2367,.T.);
#2367 = CIRCLE('',#2368,1.8);
#2368 = AXIS2_PLACEMENT_3D('',#2369,#2370,#2371);
#2369 = CARTESIAN_POINT('',(0.,0.,3.15));
#2370 = DIRECTION('',(0.,0.,1.));
#2371 = DIRECTION('',(1.,0.,-0.));
#2372 = ORIENTED_EDGE('',*,*,#2358,.T.);
#2373 = ORIENTED_EDGE('',*,*,#1416,.F.);
#2374 = CYLINDRICAL_SURFACE('',#2375,1.8);
#2375 = AXIS2_PLACEMENT_3D('',#2376,#2377,#2378);
#2376 = CARTESIAN_POINT('',(0.,0.,3.15));
#2377 = DIRECTION('',(0.,0.,1.));
#2378 = DIRECTION('',(1.,0.,-0.));
#2379 = ADVANCED_FACE('',(#2380),#2399,.T.);
#2380 = FACE_BOUND('',#2381,.T.);
#2381 = EDGE_LOOP('',(#2382,#2383,#2391,#2398));
#2382 = ORIENTED_EDGE('',*,*,#1427,.T.);
#2383 = ORIENTED_EDGE('',*,*,#2384,.T.);
#2384 = EDGE_CURVE('',#1428,#2385,#2387,.T.);
#2385 = VERTEX_POINT('',#2386);
#2386 = CARTESIAN_POINT('',(2.,1.65,3.5));
#2387 = LINE('',#2388,#2389);
#2388 = CARTESIAN_POINT('',(2.,1.65,3.15));
#2389 = VECTOR('',#2390,1.);
#2390 = DIRECTION('',(0.,0.,1.));
#2391 = ORIENTED_EDGE('',*,*,#2392,.F.);
#2392 = EDGE_CURVE('',#2385,#2385,#2393,.T.);
#2393 = CIRCLE('',#2394,0.35);
#2394 = AXIS2_PLACEMENT_3D('',#2395,#2396,#2397);
#2395 = CARTESIAN_POINT('',(1.65,1.65,3.5));
#2396 = DIRECTION('',(0.,0.,1.));
#2397 = DIRECTION('',(1.,0.,-0.));
#2398 = ORIENTED_EDGE('',*,*,#2384,.F.);
#2399 = CYLINDRICAL_SURFACE('',#2400,0.35);
#2400 = AXIS2_PLACEMENT_3D('',#2401,#2402,#2403);
#2401 = CARTESIAN_POINT('',(1.65,1.65,3.15));
#2402 = DIRECTION('',(0.,0.,1.));
#2403 = DIRECTION('',(1.,0.,-0.));
#2404 = ADVANCED_FACE('',(#2405),#2418,.F.);
#2405 = FACE_BOUND('',#2406,.F.);
#2406 = EDGE_LOOP('',(#2407,#2408,#2409,#2410,#2417));
#2407 = ORIENTED_EDGE('',*,*,#1722,.F.);
#2408 = ORIENTED_EDGE('',*,*,#1696,.T.);
#2409 = ORIENTED_EDGE('',*,*,#1604,.T.);
#2410 = ORIENTED_EDGE('',*,*,#2411,.T.);
#2411 = EDGE_CURVE('',#1597,#1445,#2412,.T.);
#2412 = CIRCLE('',#2413,0.3);
#2413 = AXIS2_PLACEMENT_3D('',#2414,#2415,#2416);
#2414 = CARTESIAN_POINT('',(2.7,2.7,0.));
#2415 = DIRECTION('',(-0.,0.,1.));
#2416 = DIRECTION('',(0.,-1.,0.));
#2417 = ORIENTED_EDGE('',*,*,#1444,.T.);
#2418 = PLANE('',#2419);
#2419 = AXIS2_PLACEMENT_3D('',#2420,#2421,#2422);
#2420 = CARTESIAN_POINT('',(0.,0.,0.));
#2421 = DIRECTION('',(0.,0.,1.));
#2422 = DIRECTION('',(1.,0.,-0.));
#2423 = ADVANCED_FACE('',(#2424),#2430,.T.);
#2424 = FACE_BOUND('',#2425,.T.);
#2425 = EDGE_LOOP('',(#2426,#2427,#2428,#2429));
#2426 = ORIENTED_EDGE('',*,*,#1470,.T.);
#2427 = ORIENTED_EDGE('',*,*,#2084,.T.);
#2428 = ORIENTED_EDGE('',*,*,#2108,.T.);
#2429 = ORIENTED_EDGE('',*,*,#2130,.T.);
#2430 = PLANE('',#2431);
#2431 = AXIS2_PLACEMENT_3D('',#2432,#2433,#2434);
#2432 = CARTESIAN_POINT('',(0.,0.,3.15));
#2433 = DIRECTION('',(0.,0.,1.));
#2434 = DIRECTION('',(1.,0.,-0.));
#2435 = ADVANCED_FACE('',(#2436),#2442,.T.);
#2436 = FACE_BOUND('',#2437,.T.);
#2437 = EDGE_LOOP('',(#2438,#2439,#2440,#2441));
#2438 = ORIENTED_EDGE('',*,*,#2411,.T.);
#2439 = ORIENTED_EDGE('',*,*,#1454,.T.);
#2440 = ORIENTED_EDGE('',*,*,#2161,.F.);
#2441 = ORIENTED_EDGE('',*,*,#1596,.F.);
#2442 = CYLINDRICAL_SURFACE('',#2443,0.3);
#2443 = AXIS2_PLACEMENT_3D('',#2444,#2445,#2446);
#2444 = CARTESIAN_POINT('',(2.7,2.7,0.));
#2445 = DIRECTION('',(0.,0.,1.));
#2446 = DIRECTION('',(1.,0.,-0.));
#2447 = ADVANCED_FACE('',(#2448),#2454,.T.);
#2448 = FACE_BOUND('',#2449,.T.);
#2449 = EDGE_LOOP('',(#2450,#2451,#2452,#2453));
#2450 = ORIENTED_EDGE('',*,*,#2257,.T.);
#2451 = ORIENTED_EDGE('',*,*,#1580,.T.);
#2452 = ORIENTED_EDGE('',*,*,#2211,.T.);
#2453 = ORIENTED_EDGE('',*,*,#2235,.T.);
#2454 = PLANE('',#2455);
#2455 = AXIS2_PLACEMENT_3D('',#2456,#2457,#2458);
#2456 = CARTESIAN_POINT('',(0.,0.,3.15));
#2457 = DIRECTION('',(0.,0.,1.));
#2458 = DIRECTION('',(1.,0.,-0.));
#2459 = ADVANCED_FACE('',(#2460),#2535,.F.);
#2460 = FACE_BOUND('',#2461,.F.);
#2461 = EDGE_LOOP('',(#2462,#2472,#2481,#2489,#2495,#2496,#2504,#2513,
    #2521,#2529));
#2462 = ORIENTED_EDGE('',*,*,#2463,.T.);
#2463 = EDGE_CURVE('',#2464,#2466,#2468,.T.);
#2464 = VERTEX_POINT('',#2465);
#2465 = CARTESIAN_POINT('',(4.5,-2.6,0.));
#2466 = VERTEX_POINT('',#2467);
#2467 = CARTESIAN_POINT('',(3.449217410273,-2.6,5.551115123126E-17));
#2468 = LINE('',#2469,#2470);
#2469 = CARTESIAN_POINT('',(4.5,-2.6,0.));
#2470 = VECTOR('',#2471,1.);
#2471 = DIRECTION('',(-1.,0.,0.));
#2472 = ORIENTED_EDGE('',*,*,#2473,.T.);
#2473 = EDGE_CURVE('',#2466,#2474,#2476,.T.);
#2474 = VERTEX_POINT('',#2475);
#2475 = CARTESIAN_POINT('',(3.154303630092,-2.6,0.244992161835));
#2476 = CIRCLE('',#2477,0.3);
#2477 = AXIS2_PLACEMENT_3D('',#2478,#2479,#2480);
#2478 = CARTESIAN_POINT('',(3.449217410273,-2.6,0.3));
#2479 = DIRECTION('',(0.,1.,0.));
#2480 = DIRECTION('',(0.,0.,-1.));
#2481 = ORIENTED_EDGE('',*,*,#2482,.T.);
#2482 = EDGE_CURVE('',#2474,#2483,#2485,.T.);
#2483 = VERTEX_POINT('',#2484);
#2484 = CARTESIAN_POINT('',(3.050782589727,-2.6,0.8));
#2485 = LINE('',#2486,#2487);
#2486 = CARTESIAN_POINT('',(3.154303630092,-2.6,0.244992161835));
#2487 = VECTOR('',#2488,1.);
#2488 = DIRECTION('',(-0.183359460551,0.,0.983045933935));
#2489 = ORIENTED_EDGE('',*,*,#2490,.T.);
#2490 = EDGE_CURVE('',#2483,#1623,#2491,.T.);
#2491 = LINE('',#2492,#2493);
#2492 = CARTESIAN_POINT('',(3.050782589727,-2.6,0.8));
#2493 = VECTOR('',#2494,1.);
#2494 = DIRECTION('',(-1.,0.,0.));
#2495 = ORIENTED_EDGE('',*,*,#1622,.T.);
#2496 = ORIENTED_EDGE('',*,*,#2497,.T.);
#2497 = EDGE_CURVE('',#1625,#2498,#2500,.T.);
#2498 = VERTEX_POINT('',#2499);
#2499 = CARTESIAN_POINT('',(3.050782589727,-2.6,1.1));
#2500 = LINE('',#2501,#2502);
#2501 = CARTESIAN_POINT('',(3.,-2.6,1.1));
#2502 = VECTOR('',#2503,1.);
#2503 = DIRECTION('',(1.,0.,0.));
#2504 = ORIENTED_EDGE('',*,*,#2505,.T.);
#2505 = EDGE_CURVE('',#2498,#2506,#2508,.T.);
#2506 = VERTEX_POINT('',#2507);
#2507 = CARTESIAN_POINT('',(3.345696369908,-2.6,0.855007838165));
#2508 = CIRCLE('',#2509,0.3);
#2509 = AXIS2_PLACEMENT_3D('',#2510,#2511,#2512);
#2510 = CARTESIAN_POINT('',(3.050782589727,-2.6,0.8));
#2511 = DIRECTION('',(-0.,1.,0.));
#2512 = DIRECTION('',(7.401486830834E-16,0.,1.));
#2513 = ORIENTED_EDGE('',*,*,#2514,.T.);
#2514 = EDGE_CURVE('',#2506,#2515,#2517,.T.);
#2515 = VERTEX_POINT('',#2516);
#2516 = CARTESIAN_POINT('',(3.449217410273,-2.6,0.3));
#2517 = LINE('',#2518,#2519);
#2518 = CARTESIAN_POINT('',(3.345696369908,-2.6,0.855007838165));
#2519 = VECTOR('',#2520,1.);
#2520 = DIRECTION('',(0.183359460551,0.,-0.983045933935));
#2521 = ORIENTED_EDGE('',*,*,#2522,.T.);
#2522 = EDGE_CURVE('',#2515,#2523,#2525,.T.);
#2523 = VERTEX_POINT('',#2524);
#2524 = CARTESIAN_POINT('',(4.5,-2.6,0.3));
#2525 = LINE('',#2526,#2527);
#2526 = CARTESIAN_POINT('',(3.449217410273,-2.6,0.3));
#2527 = VECTOR('',#2528,1.);
#2528 = DIRECTION('',(1.,0.,5.28283888351E-17));
#2529 = ORIENTED_EDGE('',*,*,#2530,.T.);
#2530 = EDGE_CURVE('',#2523,#2464,#2531,.T.);
#2531 = LINE('',#2532,#2533);
#2532 = CARTESIAN_POINT('',(4.5,-2.6,0.3));
#2533 = VECTOR('',#2534,1.);
#2534 = DIRECTION('',(0.,0.,-1.));
#2535 = PLANE('',#2536);
#2536 = AXIS2_PLACEMENT_3D('',#2537,#2538,#2539);
#2537 = CARTESIAN_POINT('',(3.628410136446,-2.6,0.381817717135));
#2538 = DIRECTION('',(0.,1.,0.));
#2539 = DIRECTION('',(0.,-0.,1.));
#2540 = ADVANCED_FACE('',(#2541),#2559,.T.);
#2541 = FACE_BOUND('',#2542,.T.);
#2542 = EDGE_LOOP('',(#2543,#2544,#2545,#2553));
#2543 = ORIENTED_EDGE('',*,*,#1648,.F.);
#2544 = ORIENTED_EDGE('',*,*,#2497,.T.);
#2545 = ORIENTED_EDGE('',*,*,#2546,.T.);
#2546 = EDGE_CURVE('',#2498,#2547,#2549,.T.);
#2547 = VERTEX_POINT('',#2548);
#2548 = CARTESIAN_POINT('',(3.050782589727,-1.9,1.1));
#2549 = LINE('',#2550,#2551);
#2550 = CARTESIAN_POINT('',(3.050782589727,-2.6,1.1));
#2551 = VECTOR('',#2552,1.);
#2552 = DIRECTION('',(0.,1.,0.));
#2553 = ORIENTED_EDGE('',*,*,#2554,.F.);
#2554 = EDGE_CURVE('',#1641,#2547,#2555,.T.);
#2555 = LINE('',#2556,#2557);
#2556 = CARTESIAN_POINT('',(3.,-1.9,1.1));
#2557 = VECTOR('',#2558,1.);
#2558 = DIRECTION('',(1.,0.,0.));
#2559 = PLANE('',#2560);
#2560 = AXIS2_PLACEMENT_3D('',#2561,#2562,#2563);
#2561 = CARTESIAN_POINT('',(3.,-2.25,1.1));
#2562 = DIRECTION('',(0.,0.,1.));
#2563 = DIRECTION('',(1.,0.,-0.));
#2564 = ADVANCED_FACE('',(#2565),#2633,.T.);
#2565 = FACE_BOUND('',#2566,.T.);
#2566 = EDGE_LOOP('',(#2567,#2577,#2586,#2594,#2600,#2601,#2602,#2611,
    #2619,#2627));
#2567 = ORIENTED_EDGE('',*,*,#2568,.T.);
#2568 = EDGE_CURVE('',#2569,#2571,#2573,.T.);
#2569 = VERTEX_POINT('',#2570);
#2570 = CARTESIAN_POINT('',(4.5,-1.9,0.));
#2571 = VERTEX_POINT('',#2572);
#2572 = CARTESIAN_POINT('',(3.449217410273,-1.9,5.551115123126E-17));
#2573 = LINE('',#2574,#2575);
#2574 = CARTESIAN_POINT('',(4.5,-1.9,0.));
#2575 = VECTOR('',#2576,1.);
#2576 = DIRECTION('',(-1.,0.,0.));
#2577 = ORIENTED_EDGE('',*,*,#2578,.T.);
#2578 = EDGE_CURVE('',#2571,#2579,#2581,.T.);
#2579 = VERTEX_POINT('',#2580);
#2580 = CARTESIAN_POINT('',(3.154303630092,-1.9,0.244992161835));
#2581 = CIRCLE('',#2582,0.3);
#2582 = AXIS2_PLACEMENT_3D('',#2583,#2584,#2585);
#2583 = CARTESIAN_POINT('',(3.449217410273,-1.9,0.3));
#2584 = DIRECTION('',(0.,1.,0.));
#2585 = DIRECTION('',(0.,0.,-1.));
#2586 = ORIENTED_EDGE('',*,*,#2587,.T.);
#2587 = EDGE_CURVE('',#2579,#2588,#2590,.T.);
#2588 = VERTEX_POINT('',#2589);
#2589 = CARTESIAN_POINT('',(3.050782589727,-1.9,0.8));
#2590 = LINE('',#2591,#2592);
#2591 = CARTESIAN_POINT('',(3.154303630092,-1.9,0.244992161835));
#2592 = VECTOR('',#2593,1.);
#2593 = DIRECTION('',(-0.183359460551,0.,0.983045933935));
#2594 = ORIENTED_EDGE('',*,*,#2595,.T.);
#2595 = EDGE_CURVE('',#2588,#1633,#2596,.T.);
#2596 = LINE('',#2597,#2598);
#2597 = CARTESIAN_POINT('',(3.050782589727,-1.9,0.8));
#2598 = VECTOR('',#2599,1.);
#2599 = DIRECTION('',(-1.,0.,0.));
#2600 = ORIENTED_EDGE('',*,*,#1640,.T.);
#2601 = ORIENTED_EDGE('',*,*,#2554,.T.);
#2602 = ORIENTED_EDGE('',*,*,#2603,.T.);
#2603 = EDGE_CURVE('',#2547,#2604,#2606,.T.);
#2604 = VERTEX_POINT('',#2605);
#2605 = CARTESIAN_POINT('',(3.345696369908,-1.9,0.855007838165));
#2606 = CIRCLE('',#2607,0.3);
#2607 = AXIS2_PLACEMENT_3D('',#2608,#2609,#2610);
#2608 = CARTESIAN_POINT('',(3.050782589727,-1.9,0.8));
#2609 = DIRECTION('',(-0.,1.,0.));
#2610 = DIRECTION('',(7.401486830834E-16,0.,1.));
#2611 = ORIENTED_EDGE('',*,*,#2612,.T.);
#2612 = EDGE_CURVE('',#2604,#2613,#2615,.T.);
#2613 = VERTEX_POINT('',#2614);
#2614 = CARTESIAN_POINT('',(3.449217410273,-1.9,0.3));
#2615 = LINE('',#2616,#2617);
#2616 = CARTESIAN_POINT('',(3.345696369908,-1.9,0.855007838165));
#2617 = VECTOR('',#2618,1.);
#2618 = DIRECTION('',(0.183359460551,0.,-0.983045933935));
#2619 = ORIENTED_EDGE('',*,*,#2620,.T.);
#2620 = EDGE_CURVE('',#2613,#2621,#2623,.T.);
#2621 = VERTEX_POINT('',#2622);
#2622 = CARTESIAN_POINT('',(4.5,-1.9,0.3));
#2623 = LINE('',#2624,#2625);
#2624 = CARTESIAN_POINT('',(3.449217410273,-1.9,0.3));
#2625 = VECTOR('',#2626,1.);
#2626 = DIRECTION('',(1.,0.,5.28283888351E-17));
#2627 = ORIENTED_EDGE('',*,*,#2628,.T.);
#2628 = EDGE_CURVE('',#2621,#2569,#2629,.T.);
#2629 = LINE('',#2630,#2631);
#2630 = CARTESIAN_POINT('',(4.5,-1.9,0.3));
#2631 = VECTOR('',#2632,1.);
#2632 = DIRECTION('',(0.,0.,-1.));
#2633 = PLANE('',#2634);
#2634 = AXIS2_PLACEMENT_3D('',#2635,#2636,#2637);
#2635 = CARTESIAN_POINT('',(3.628410136446,-1.9,0.381817717135));
#2636 = DIRECTION('',(0.,1.,0.));
#2637 = DIRECTION('',(0.,-0.,1.));
#2638 = ADVANCED_FACE('',(#2639),#2650,.T.);
#2639 = FACE_BOUND('',#2640,.T.);
#2640 = EDGE_LOOP('',(#2641,#2647,#2648,#2649));
#2641 = ORIENTED_EDGE('',*,*,#2642,.F.);
#2642 = EDGE_CURVE('',#2483,#2588,#2643,.T.);
#2643 = LINE('',#2644,#2645);
#2644 = CARTESIAN_POINT('',(3.050782589727,-2.6,0.8));
#2645 = VECTOR('',#2646,1.);
#2646 = DIRECTION('',(0.,1.,0.));
#2647 = ORIENTED_EDGE('',*,*,#2490,.T.);
#2648 = ORIENTED_EDGE('',*,*,#1632,.T.);
#2649 = ORIENTED_EDGE('',*,*,#2595,.F.);
#2650 = PLANE('',#2651);
#2651 = AXIS2_PLACEMENT_3D('',#2652,#2653,#2654);
#2652 = CARTESIAN_POINT('',(3.050782589727,-2.25,0.8));
#2653 = DIRECTION('',(-0.,-0.,-1.));
#2654 = DIRECTION('',(-1.,0.,0.));
#2655 = ADVANCED_FACE('',(#2656),#2731,.F.);
#2656 = FACE_BOUND('',#2657,.F.);
#2657 = EDGE_LOOP('',(#2658,#2668,#2677,#2685,#2691,#2692,#2700,#2709,
    #2717,#2725));
#2658 = ORIENTED_EDGE('',*,*,#2659,.T.);
#2659 = EDGE_CURVE('',#2660,#2662,#2664,.T.);
#2660 = VERTEX_POINT('',#2661);
#2661 = CARTESIAN_POINT('',(4.5,1.9,0.));
#2662 = VERTEX_POINT('',#2663);
#2663 = CARTESIAN_POINT('',(3.449217410273,1.9,5.551115123126E-17));
#2664 = LINE('',#2665,#2666);
#2665 = CARTESIAN_POINT('',(4.5,1.9,0.));
#2666 = VECTOR('',#2667,1.);
#2667 = DIRECTION('',(-1.,0.,0.));
#2668 = ORIENTED_EDGE('',*,*,#2669,.T.);
#2669 = EDGE_CURVE('',#2662,#2670,#2672,.T.);
#2670 = VERTEX_POINT('',#2671);
#2671 = CARTESIAN_POINT('',(3.154303630092,1.9,0.244992161835));
#2672 = CIRCLE('',#2673,0.3);
#2673 = AXIS2_PLACEMENT_3D('',#2674,#2675,#2676);
#2674 = CARTESIAN_POINT('',(3.449217410273,1.9,0.3));
#2675 = DIRECTION('',(0.,1.,0.));
#2676 = DIRECTION('',(0.,0.,-1.));
#2677 = ORIENTED_EDGE('',*,*,#2678,.T.);
#2678 = EDGE_CURVE('',#2670,#2679,#2681,.T.);
#2679 = VERTEX_POINT('',#2680);
#2680 = CARTESIAN_POINT('',(3.050782589727,1.9,0.8));
#2681 = LINE('',#2682,#2683);
#2682 = CARTESIAN_POINT('',(3.154303630092,1.9,0.244992161835));
#2683 = VECTOR('',#2684,1.);
#2684 = DIRECTION('',(-0.183359460551,0.,0.983045933935));
#2685 = ORIENTED_EDGE('',*,*,#2686,.T.);
#2686 = EDGE_CURVE('',#2679,#1657,#2687,.T.);
#2687 = LINE('',#2688,#2689);
#2688 = CARTESIAN_POINT('',(3.050782589727,1.9,0.8));
#2689 = VECTOR('',#2690,1.);
#2690 = DIRECTION('',(-1.,0.,0.));
#2691 = ORIENTED_EDGE('',*,*,#1656,.T.);
#2692 = ORIENTED_EDGE('',*,*,#2693,.T.);
#2693 = EDGE_CURVE('',#1659,#2694,#2696,.T.);
#2694 = VERTEX_POINT('',#2695);
#2695 = CARTESIAN_POINT('',(3.050782589727,1.9,1.1));
#2696 = LINE('',#2697,#2698);
#2697 = CARTESIAN_POINT('',(3.,1.9,1.1));
#2698 = VECTOR('',#2699,1.);
#2699 = DIRECTION('',(1.,0.,0.));
#2700 = ORIENTED_EDGE('',*,*,#2701,.T.);
#2701 = EDGE_CURVE('',#2694,#2702,#2704,.T.);
#2702 = VERTEX_POINT('',#2703);
#2703 = CARTESIAN_POINT('',(3.345696369908,1.9,0.855007838165));
#2704 = CIRCLE('',#2705,0.3);
#2705 = AXIS2_PLACEMENT_3D('',#2706,#2707,#2708);
#2706 = CARTESIAN_POINT('',(3.050782589727,1.9,0.8));
#2707 = DIRECTION('',(-0.,1.,0.));
#2708 = DIRECTION('',(7.401486830834E-16,0.,1.));
#2709 = ORIENTED_EDGE('',*,*,#2710,.T.);
#2710 = EDGE_CURVE('',#2702,#2711,#2713,.T.);
#2711 = VERTEX_POINT('',#2712);
#2712 = CARTESIAN_POINT('',(3.449217410273,1.9,0.3));
#2713 = LINE('',#2714,#2715);
#2714 = CARTESIAN_POINT('',(3.345696369908,1.9,0.855007838165));
#2715 = VECTOR('',#2716,1.);
#2716 = DIRECTION('',(0.183359460551,0.,-0.983045933935));
#2717 = ORIENTED_EDGE('',*,*,#2718,.T.);
#2718 = EDGE_CURVE('',#2711,#2719,#2721,.T.);
#2719 = VERTEX_POINT('',#2720);
#2720 = CARTESIAN_POINT('',(4.5,1.9,0.3));
#2721 = LINE('',#2722,#2723);
#2722 = CARTESIAN_POINT('',(3.449217410273,1.9,0.3));
#2723 = VECTOR('',#2724,1.);
#2724 = DIRECTION('',(1.,0.,5.28283888351E-17));
#2725 = ORIENTED_EDGE('',*,*,#2726,.T.);
#2726 = EDGE_CURVE('',#2719,#2660,#2727,.T.);
#2727 = LINE('',#2728,#2729);
#2728 = CARTESIAN_POINT('',(4.5,1.9,0.3));
#2729 = VECTOR('',#2730,1.);
#2730 = DIRECTION('',(0.,0.,-1.));
#2731 = PLANE('',#2732);
#2732 = AXIS2_PLACEMENT_3D('',#2733,#2734,#2735);
#2733 = CARTESIAN_POINT('',(3.628410136446,1.9,0.381817717135));
#2734 = DIRECTION('',(0.,1.,0.));
#2735 = DIRECTION('',(0.,-0.,1.));
#2736 = ADVANCED_FACE('',(#2737),#2755,.T.);
#2737 = FACE_BOUND('',#2738,.T.);
#2738 = EDGE_LOOP('',(#2739,#2740,#2741,#2749));
#2739 = ORIENTED_EDGE('',*,*,#1682,.F.);
#2740 = ORIENTED_EDGE('',*,*,#2693,.T.);
#2741 = ORIENTED_EDGE('',*,*,#2742,.T.);
#2742 = EDGE_CURVE('',#2694,#2743,#2745,.T.);
#2743 = VERTEX_POINT('',#2744);
#2744 = CARTESIAN_POINT('',(3.050782589727,2.6,1.1));
#2745 = LINE('',#2746,#2747);
#2746 = CARTESIAN_POINT('',(3.050782589727,1.9,1.1));
#2747 = VECTOR('',#2748,1.);
#2748 = DIRECTION('',(0.,1.,0.));
#2749 = ORIENTED_EDGE('',*,*,#2750,.F.);
#2750 = EDGE_CURVE('',#1675,#2743,#2751,.T.);
#2751 = LINE('',#2752,#2753);
#2752 = CARTESIAN_POINT('',(3.,2.6,1.1));
#2753 = VECTOR('',#2754,1.);
#2754 = DIRECTION('',(1.,0.,0.));
#2755 = PLANE('',#2756);
#2756 = AXIS2_PLACEMENT_3D('',#2757,#2758,#2759);
#2757 = CARTESIAN_POINT('',(3.,2.25,1.1));
#2758 = DIRECTION('',(0.,0.,1.));
#2759 = DIRECTION('',(1.,0.,-0.));
#2760 = ADVANCED_FACE('',(#2761),#2829,.T.);
#2761 = FACE_BOUND('',#2762,.T.);
#2762 = EDGE_LOOP('',(#2763,#2773,#2782,#2790,#2796,#2797,#2798,#2807,
    #2815,#2823));
#2763 = ORIENTED_EDGE('',*,*,#2764,.T.);
#2764 = EDGE_CURVE('',#2765,#2767,#2769,.T.);
#2765 = VERTEX_POINT('',#2766);
#2766 = CARTESIAN_POINT('',(4.5,2.6,0.));
#2767 = VERTEX_POINT('',#2768);
#2768 = CARTESIAN_POINT('',(3.449217410273,2.6,5.551115123126E-17));
#2769 = LINE('',#2770,#2771);
#2770 = CARTESIAN_POINT('',(4.5,2.6,0.));
#2771 = VECTOR('',#2772,1.);
#2772 = DIRECTION('',(-1.,0.,0.));
#2773 = ORIENTED_EDGE('',*,*,#2774,.T.);
#2774 = EDGE_CURVE('',#2767,#2775,#2777,.T.);
#2775 = VERTEX_POINT('',#2776);
#2776 = CARTESIAN_POINT('',(3.154303630092,2.6,0.244992161835));
#2777 = CIRCLE('',#2778,0.3);
#2778 = AXIS2_PLACEMENT_3D('',#2779,#2780,#2781);
#2779 = CARTESIAN_POINT('',(3.449217410273,2.6,0.3));
#2780 = DIRECTION('',(0.,1.,0.));
#2781 = DIRECTION('',(0.,0.,-1.));
#2782 = ORIENTED_EDGE('',*,*,#2783,.T.);
#2783 = EDGE_CURVE('',#2775,#2784,#2786,.T.);
#2784 = VERTEX_POINT('',#2785);
#2785 = CARTESIAN_POINT('',(3.050782589727,2.6,0.8));
#2786 = LINE('',#2787,#2788);
#2787 = CARTESIAN_POINT('',(3.154303630092,2.6,0.244992161835));
#2788 = VECTOR('',#2789,1.);
#2789 = DIRECTION('',(-0.183359460551,0.,0.983045933935));
#2790 = ORIENTED_EDGE('',*,*,#2791,.T.);
#2791 = EDGE_CURVE('',#2784,#1667,#2792,.T.);
#2792 = LINE('',#2793,#2794);
#2793 = CARTESIAN_POINT('',(3.050782589727,2.6,0.8));
#2794 = VECTOR('',#2795,1.);
#2795 = DIRECTION('',(-1.,0.,0.));
#2796 = ORIENTED_EDGE('',*,*,#1674,.T.);
#2797 = ORIENTED_EDGE('',*,*,#2750,.T.);
#2798 = ORIENTED_EDGE('',*,*,#2799,.T.);
#2799 = EDGE_CURVE('',#2743,#2800,#2802,.T.);
#2800 = VERTEX_POINT('',#2801);
#2801 = CARTESIAN_POINT('',(3.345696369908,2.6,0.855007838165));
#2802 = CIRCLE('',#2803,0.3);
#2803 = AXIS2_PLACEMENT_3D('',#2804,#2805,#2806);
#2804 = CARTESIAN_POINT('',(3.050782589727,2.6,0.8));
#2805 = DIRECTION('',(-0.,1.,0.));
#2806 = DIRECTION('',(7.401486830834E-16,0.,1.));
#2807 = ORIENTED_EDGE('',*,*,#2808,.T.);
#2808 = EDGE_CURVE('',#2800,#2809,#2811,.T.);
#2809 = VERTEX_POINT('',#2810);
#2810 = CARTESIAN_POINT('',(3.449217410273,2.6,0.3));
#2811 = LINE('',#2812,#2813);
#2812 = CARTESIAN_POINT('',(3.345696369908,2.6,0.855007838165));
#2813 = VECTOR('',#2814,1.);
#2814 = DIRECTION('',(0.183359460551,0.,-0.983045933935));
#2815 = ORIENTED_EDGE('',*,*,#2816,.T.);
#2816 = EDGE_CURVE('',#2809,#2817,#2819,.T.);
#2817 = VERTEX_POINT('',#2818);
#2818 = CARTESIAN_POINT('',(4.5,2.6,0.3));
#2819 = LINE('',#2820,#2821);
#2820 = CARTESIAN_POINT('',(3.449217410273,2.6,0.3));
#2821 = VECTOR('',#2822,1.);
#2822 = DIRECTION('',(1.,0.,5.28283888351E-17));
#2823 = ORIENTED_EDGE('',*,*,#2824,.T.);
#2824 = EDGE_CURVE('',#2817,#2765,#2825,.T.);
#2825 = LINE('',#2826,#2827);
#2826 = CARTESIAN_POINT('',(4.5,2.6,0.3));
#2827 = VECTOR('',#2828,1.);
#2828 = DIRECTION('',(0.,0.,-1.));
#2829 = PLANE('',#2830);
#2830 = AXIS2_PLACEMENT_3D('',#2831,#2832,#2833);
#2831 = CARTESIAN_POINT('',(3.628410136446,2.6,0.381817717135));
#2832 = DIRECTION('',(0.,1.,0.));
#2833 = DIRECTION('',(0.,-0.,1.));
#2834 = ADVANCED_FACE('',(#2835),#2846,.T.);
#2835 = FACE_BOUND('',#2836,.T.);
#2836 = EDGE_LOOP('',(#2837,#2843,#2844,#2845));
#2837 = ORIENTED_EDGE('',*,*,#2838,.F.);
#2838 = EDGE_CURVE('',#2679,#2784,#2839,.T.);
#2839 = LINE('',#2840,#2841);
#2840 = CARTESIAN_POINT('',(3.050782589727,1.9,0.8));
#2841 = VECTOR('',#2842,1.);
#2842 = DIRECTION('',(0.,1.,0.));
#2843 = ORIENTED_EDGE('',*,*,#2686,.T.);
#2844 = ORIENTED_EDGE('',*,*,#1666,.T.);
#2845 = ORIENTED_EDGE('',*,*,#2791,.F.);
#2846 = PLANE('',#2847);
#2847 = AXIS2_PLACEMENT_3D('',#2848,#2849,#2850);
#2848 = CARTESIAN_POINT('',(3.050782589727,2.25,0.8));
#2849 = DIRECTION('',(-0.,-0.,-1.));
#2850 = DIRECTION('',(-1.,0.,0.));
#2851 = ADVANCED_FACE('',(#2852),#2872,.T.);
#2852 = FACE_BOUND('',#2853,.T.);
#2853 = EDGE_LOOP('',(#2854,#2863,#2864,#2865));
#2854 = ORIENTED_EDGE('',*,*,#2855,.F.);
#2855 = EDGE_CURVE('',#2285,#2856,#2858,.T.);
#2856 = VERTEX_POINT('',#2857);
#2857 = CARTESIAN_POINT('',(-1.55,-1.65,3.75));
#2858 = CIRCLE('',#2859,0.25);
#2859 = AXIS2_PLACEMENT_3D('',#2860,#2861,#2862);
#2860 = CARTESIAN_POINT('',(-1.55,-1.65,3.5));
#2861 = DIRECTION('',(0.,-1.,0.));
#2862 = DIRECTION('',(1.,0.,0.));
#2863 = ORIENTED_EDGE('',*,*,#2292,.T.);
#2864 = ORIENTED_EDGE('',*,*,#2855,.T.);
#2865 = ORIENTED_EDGE('',*,*,#2866,.F.);
#2866 = EDGE_CURVE('',#2856,#2856,#2867,.T.);
#2867 = CIRCLE('',#2868,0.1);
#2868 = AXIS2_PLACEMENT_3D('',#2869,#2870,#2871);
#2869 = CARTESIAN_POINT('',(-1.65,-1.65,3.75));
#2870 = DIRECTION('',(0.,0.,1.));
#2871 = DIRECTION('',(1.,0.,-0.));
#2872 = SURFACE_OF_REVOLUTION('',#2873,#2881);
#2873 = B_SPLINE_CURVE_WITH_KNOTS('',6,(#2874,#2875,#2876,#2877,#2878,
    #2879,#2880),.UNSPECIFIED.,.F.,.F.,(7,7),(0.,1.570796326795),
  .PIECEWISE_BEZIER_KNOTS.);
#2874 = CARTESIAN_POINT('',(-1.3,-1.65,3.5));
#2875 = CARTESIAN_POINT('',(-1.3,-1.65,3.56544984695));
#2876 = CARTESIAN_POINT('',(-1.320556921505,-1.65,3.630894125176));
#2877 = CARTESIAN_POINT('',(-1.36170246259,-1.65,3.68829753741));
#2878 = CARTESIAN_POINT('',(-1.419105874824,-1.65,3.729443078495));
#2879 = CARTESIAN_POINT('',(-1.48455015305,-1.65,3.75));
#2880 = CARTESIAN_POINT('',(-1.55,-1.65,3.75));
#2881 = AXIS1_PLACEMENT('',#2882,#2883);
#2882 = CARTESIAN_POINT('',(-1.65,-1.65,3.5));
#2883 = DIRECTION('',(0.,0.,1.));
#2884 = ADVANCED_FACE('',(#2885),#2905,.T.);
#2885 = FACE_BOUND('',#2886,.T.);
#2886 = EDGE_LOOP('',(#2887,#2896,#2897,#2898));
#2887 = ORIENTED_EDGE('',*,*,#2888,.F.);
#2888 = EDGE_CURVE('',#2310,#2889,#2891,.T.);
#2889 = VERTEX_POINT('',#2890);
#2890 = CARTESIAN_POINT('',(1.75,-1.65,3.75));
#2891 = CIRCLE('',#2892,0.25);
#2892 = AXIS2_PLACEMENT_3D('',#2893,#2894,#2895);
#2893 = CARTESIAN_POINT('',(1.75,-1.65,3.5));
#2894 = DIRECTION('',(0.,-1.,0.));
#2895 = DIRECTION('',(1.,0.,0.));
#2896 = ORIENTED_EDGE('',*,*,#2317,.T.);
#2897 = ORIENTED_EDGE('',*,*,#2888,.T.);
#2898 = ORIENTED_EDGE('',*,*,#2899,.F.);
#2899 = EDGE_CURVE('',#2889,#2889,#2900,.T.);
#2900 = CIRCLE('',#2901,0.1);
#2901 = AXIS2_PLACEMENT_3D('',#2902,#2903,#2904);
#2902 = CARTESIAN_POINT('',(1.65,-1.65,3.75));
#2903 = DIRECTION('',(0.,0.,1.));
#2904 = DIRECTION('',(1.,0.,-0.));
#2905 = SURFACE_OF_REVOLUTION('',#2906,#2914);
#2906 = B_SPLINE_CURVE_WITH_KNOTS('',6,(#2907,#2908,#2909,#2910,#2911,
    #2912,#2913),.UNSPECIFIED.,.F.,.F.,(7,7),(0.,1.570796326795),
  .PIECEWISE_BEZIER_KNOTS.);
#2907 = CARTESIAN_POINT('',(2.,-1.65,3.5));
#2908 = CARTESIAN_POINT('',(2.,-1.65,3.56544984695));
#2909 = CARTESIAN_POINT('',(1.979443078495,-1.65,3.630894125176));
#2910 = CARTESIAN_POINT('',(1.93829753741,-1.65,3.68829753741));
#2911 = CARTESIAN_POINT('',(1.880894125176,-1.65,3.729443078495));
#2912 = CARTESIAN_POINT('',(1.81544984695,-1.65,3.75));
#2913 = CARTESIAN_POINT('',(1.75,-1.65,3.75));
#2914 = AXIS1_PLACEMENT('',#2915,#2916);
#2915 = CARTESIAN_POINT('',(1.65,-1.65,3.5));
#2916 = DIRECTION('',(0.,0.,1.));
#2917 = ADVANCED_FACE('',(#2918),#2938,.T.);
#2918 = FACE_BOUND('',#2919,.T.);
#2919 = EDGE_LOOP('',(#2920,#2929,#2930,#2931));
#2920 = ORIENTED_EDGE('',*,*,#2921,.F.);
#2921 = EDGE_CURVE('',#2335,#2922,#2924,.T.);
#2922 = VERTEX_POINT('',#2923);
#2923 = CARTESIAN_POINT('',(-1.55,1.65,3.75));
#2924 = CIRCLE('',#2925,0.25);
#2925 = AXIS2_PLACEMENT_3D('',#2926,#2927,#2928);
#2926 = CARTESIAN_POINT('',(-1.55,1.65,3.5));
#2927 = DIRECTION('',(0.,-1.,0.));
#2928 = DIRECTION('',(1.,0.,0.));
#2929 = ORIENTED_EDGE('',*,*,#2342,.T.);
#2930 = ORIENTED_EDGE('',*,*,#2921,.T.);
#2931 = ORIENTED_EDGE('',*,*,#2932,.F.);
#2932 = EDGE_CURVE('',#2922,#2922,#2933,.T.);
#2933 = CIRCLE('',#2934,0.1);
#2934 = AXIS2_PLACEMENT_3D('',#2935,#2936,#2937);
#2935 = CARTESIAN_POINT('',(-1.65,1.65,3.75));
#2936 = DIRECTION('',(0.,0.,1.));
#2937 = DIRECTION('',(1.,0.,-0.));
#2938 = SURFACE_OF_REVOLUTION('',#2939,#2947);
#2939 = B_SPLINE_CURVE_WITH_KNOTS('',6,(#2940,#2941,#2942,#2943,#2944,
    #2945,#2946),.UNSPECIFIED.,.F.,.F.,(7,7),(0.,1.570796326795),
  .PIECEWISE_BEZIER_KNOTS.);
#2940 = CARTESIAN_POINT('',(-1.3,1.65,3.5));
#2941 = CARTESIAN_POINT('',(-1.3,1.65,3.56544984695));
#2942 = CARTESIAN_POINT('',(-1.320556921505,1.65,3.630894125176));
#2943 = CARTESIAN_POINT('',(-1.36170246259,1.65,3.68829753741));
#2944 = CARTESIAN_POINT('',(-1.419105874824,1.65,3.729443078495));
#2945 = CARTESIAN_POINT('',(-1.48455015305,1.65,3.75));
#2946 = CARTESIAN_POINT('',(-1.55,1.65,3.75));
#2947 = AXIS1_PLACEMENT('',#2948,#2949);
#2948 = CARTESIAN_POINT('',(-1.65,1.65,3.5));
#2949 = DIRECTION('',(0.,0.,1.));
#2950 = ADVANCED_FACE('',(#2951,#2954),#2965,.T.);
#2951 = FACE_BOUND('',#2952,.T.);
#2952 = EDGE_LOOP('',(#2953));
#2953 = ORIENTED_EDGE('',*,*,#2366,.T.);
#2954 = FACE_BOUND('',#2955,.T.);
#2955 = EDGE_LOOP('',(#2956));
#2956 = ORIENTED_EDGE('',*,*,#2957,.F.);
#2957 = EDGE_CURVE('',#2958,#2958,#2960,.T.);
#2958 = VERTEX_POINT('',#2959);
#2959 = CARTESIAN_POINT('',(1.75,0.,3.15));
#2960 = CIRCLE('',#2961,1.75);
#2961 = AXIS2_PLACEMENT_3D('',#2962,#2963,#2964);
#2962 = CARTESIAN_POINT('',(0.,0.,3.15));
#2963 = DIRECTION('',(0.,0.,1.));
#2964 = DIRECTION('',(1.,0.,-0.));
#2965 = PLANE('',#2966);
#2966 = AXIS2_PLACEMENT_3D('',#2967,#2968,#2969);
#2967 = CARTESIAN_POINT('',(0.,0.,3.15));
#2968 = DIRECTION('',(0.,0.,1.));
#2969 = DIRECTION('',(1.,0.,-0.));
#2970 = ADVANCED_FACE('',(#2971),#2991,.T.);
#2971 = FACE_BOUND('',#2972,.T.);
#2972 = EDGE_LOOP('',(#2973,#2982,#2983,#2984));
#2973 = ORIENTED_EDGE('',*,*,#2974,.F.);
#2974 = EDGE_CURVE('',#2385,#2975,#2977,.T.);
#2975 = VERTEX_POINT('',#2976);
#2976 = CARTESIAN_POINT('',(1.75,1.65,3.75));
#2977 = CIRCLE('',#2978,0.25);
#2978 = AXIS2_PLACEMENT_3D('',#2979,#2980,#2981);
#2979 = CARTESIAN_POINT('',(1.75,1.65,3.5));
#2980 = DIRECTION('',(0.,-1.,0.));
#2981 = DIRECTION('',(1.,0.,0.));
#2982 = ORIENTED_EDGE('',*,*,#2392,.T.);
#2983 = ORIENTED_EDGE('',*,*,#2974,.T.);
#2984 = ORIENTED_EDGE('',*,*,#2985,.F.);
#2985 = EDGE_CURVE('',#2975,#2975,#2986,.T.);
#2986 = CIRCLE('',#2987,0.1);
#2987 = AXIS2_PLACEMENT_3D('',#2988,#2989,#2990);
#2988 = CARTESIAN_POINT('',(1.65,1.65,3.75));
#2989 = DIRECTION('',(0.,0.,1.));
#2990 = DIRECTION('',(1.,0.,-0.));
#2991 = SURFACE_OF_REVOLUTION('',#2992,#3000);
#2992 = B_SPLINE_CURVE_WITH_KNOTS('',6,(#2993,#2994,#2995,#2996,#2997,
    #2998,#2999),.UNSPECIFIED.,.F.,.F.,(7,7),(0.,1.570796326795),
  .PIECEWISE_BEZIER_KNOTS.);
#2993 = CARTESIAN_POINT('',(2.,1.65,3.5));
#2994 = CARTESIAN_POINT('',(2.,1.65,3.56544984695));
#2995 = CARTESIAN_POINT('',(1.979443078495,1.65,3.630894125176));
#2996 = CARTESIAN_POINT('',(1.93829753741,1.65,3.68829753741));
#2997 = CARTESIAN_POINT('',(1.880894125176,1.65,3.729443078495));
#2998 = CARTESIAN_POINT('',(1.81544984695,1.65,3.75));
#2999 = CARTESIAN_POINT('',(1.75,1.65,3.75));
#3000 = AXIS1_PLACEMENT('',#3001,#3002);
#3001 = CARTESIAN_POINT('',(1.65,1.65,3.5));
#3002 = DIRECTION('',(0.,0.,1.));
#3003 = ADVANCED_FACE('',(#3004),#3020,.T.);
#3004 = FACE_BOUND('',#3005,.T.);
#3005 = EDGE_LOOP('',(#3006,#3007,#3013,#3014));
#3006 = ORIENTED_EDGE('',*,*,#2463,.T.);
#3007 = ORIENTED_EDGE('',*,*,#3008,.T.);
#3008 = EDGE_CURVE('',#2466,#2571,#3009,.T.);
#3009 = LINE('',#3010,#3011);
#3010 = CARTESIAN_POINT('',(3.449217410273,-2.6,5.551115123126E-17));
#3011 = VECTOR('',#3012,1.);
#3012 = DIRECTION('',(0.,1.,0.));
#3013 = ORIENTED_EDGE('',*,*,#2568,.F.);
#3014 = ORIENTED_EDGE('',*,*,#3015,.T.);
#3015 = EDGE_CURVE('',#2569,#2464,#3016,.T.);
#3016 = LINE('',#3017,#3018);
#3017 = CARTESIAN_POINT('',(4.5,-1.9,0.));
#3018 = VECTOR('',#3019,1.);
#3019 = DIRECTION('',(0.,-1.,0.));
#3020 = PLANE('',#3021);
#3021 = AXIS2_PLACEMENT_3D('',#3022,#3023,#3024);
#3022 = CARTESIAN_POINT('',(4.5,-2.25,0.));
#3023 = DIRECTION('',(-0.,-0.,-1.));
#3024 = DIRECTION('',(-1.,0.,0.));
#3025 = ADVANCED_FACE('',(#3026),#3037,.T.);
#3026 = FACE_BOUND('',#3027,.T.);
#3027 = EDGE_LOOP('',(#3028,#3029,#3030,#3036));
#3028 = ORIENTED_EDGE('',*,*,#3008,.F.);
#3029 = ORIENTED_EDGE('',*,*,#2473,.T.);
#3030 = ORIENTED_EDGE('',*,*,#3031,.T.);
#3031 = EDGE_CURVE('',#2474,#2579,#3032,.T.);
#3032 = LINE('',#3033,#3034);
#3033 = CARTESIAN_POINT('',(3.154303630092,-2.6,0.244992161835));
#3034 = VECTOR('',#3035,1.);
#3035 = DIRECTION('',(0.,1.,0.));
#3036 = ORIENTED_EDGE('',*,*,#2578,.F.);
#3037 = CYLINDRICAL_SURFACE('',#3038,0.3);
#3038 = AXIS2_PLACEMENT_3D('',#3039,#3040,#3041);
#3039 = CARTESIAN_POINT('',(3.449217410273,-2.25,0.3));
#3040 = DIRECTION('',(0.,1.,0.));
#3041 = DIRECTION('',(0.,0.,-1.));
#3042 = ADVANCED_FACE('',(#3043),#3049,.T.);
#3043 = FACE_BOUND('',#3044,.T.);
#3044 = EDGE_LOOP('',(#3045,#3046,#3047,#3048));
#3045 = ORIENTED_EDGE('',*,*,#3031,.F.);
#3046 = ORIENTED_EDGE('',*,*,#2482,.T.);
#3047 = ORIENTED_EDGE('',*,*,#2642,.T.);
#3048 = ORIENTED_EDGE('',*,*,#2587,.F.);
#3049 = PLANE('',#3050);
#3050 = AXIS2_PLACEMENT_3D('',#3051,#3052,#3053);
#3051 = CARTESIAN_POINT('',(3.154303630092,-2.25,0.244992161835));
#3052 = DIRECTION('',(-0.983045933935,-0.,-0.183359460551));
#3053 = DIRECTION('',(-0.183359460551,0.,0.983045933935));
#3054 = ADVANCED_FACE('',(#3055),#3066,.T.);
#3055 = FACE_BOUND('',#3056,.T.);
#3056 = EDGE_LOOP('',(#3057,#3058,#3059,#3065));
#3057 = ORIENTED_EDGE('',*,*,#2546,.F.);
#3058 = ORIENTED_EDGE('',*,*,#2505,.T.);
#3059 = ORIENTED_EDGE('',*,*,#3060,.T.);
#3060 = EDGE_CURVE('',#2506,#2604,#3061,.T.);
#3061 = LINE('',#3062,#3063);
#3062 = CARTESIAN_POINT('',(3.345696369908,-2.6,0.855007838165));
#3063 = VECTOR('',#3064,1.);
#3064 = DIRECTION('',(0.,1.,0.));
#3065 = ORIENTED_EDGE('',*,*,#2603,.F.);
#3066 = CYLINDRICAL_SURFACE('',#3067,0.3);
#3067 = AXIS2_PLACEMENT_3D('',#3068,#3069,#3070);
#3068 = CARTESIAN_POINT('',(3.050782589727,-2.25,0.8));
#3069 = DIRECTION('',(0.,1.,0.));
#3070 = DIRECTION('',(7.401486830834E-16,-0.,1.));
#3071 = ADVANCED_FACE('',(#3072),#3083,.T.);
#3072 = FACE_BOUND('',#3073,.T.);
#3073 = EDGE_LOOP('',(#3074,#3075,#3076,#3082));
#3074 = ORIENTED_EDGE('',*,*,#3060,.F.);
#3075 = ORIENTED_EDGE('',*,*,#2514,.T.);
#3076 = ORIENTED_EDGE('',*,*,#3077,.F.);
#3077 = EDGE_CURVE('',#2613,#2515,#3078,.T.);
#3078 = LINE('',#3079,#3080);
#3079 = CARTESIAN_POINT('',(3.449217410273,-1.9,0.3));
#3080 = VECTOR('',#3081,1.);
#3081 = DIRECTION('',(0.,-1.,0.));
#3082 = ORIENTED_EDGE('',*,*,#2612,.F.);
#3083 = PLANE('',#3084);
#3084 = AXIS2_PLACEMENT_3D('',#3085,#3086,#3087);
#3085 = CARTESIAN_POINT('',(3.345696369908,-2.25,0.855007838165));
#3086 = DIRECTION('',(0.983045933935,0.,0.183359460551));
#3087 = DIRECTION('',(0.183359460551,0.,-0.983045933935));
#3088 = ADVANCED_FACE('',(#3089),#3100,.T.);
#3089 = FACE_BOUND('',#3090,.T.);
#3090 = EDGE_LOOP('',(#3091,#3092,#3098,#3099));
#3091 = ORIENTED_EDGE('',*,*,#2522,.T.);
#3092 = ORIENTED_EDGE('',*,*,#3093,.F.);
#3093 = EDGE_CURVE('',#2621,#2523,#3094,.T.);
#3094 = LINE('',#3095,#3096);
#3095 = CARTESIAN_POINT('',(4.5,-1.9,0.3));
#3096 = VECTOR('',#3097,1.);
#3097 = DIRECTION('',(0.,-1.,0.));
#3098 = ORIENTED_EDGE('',*,*,#2620,.F.);
#3099 = ORIENTED_EDGE('',*,*,#3077,.T.);
#3100 = PLANE('',#3101);
#3101 = AXIS2_PLACEMENT_3D('',#3102,#3103,#3104);
#3102 = CARTESIAN_POINT('',(3.449217410273,-2.25,0.3));
#3103 = DIRECTION('',(-5.28283888351E-17,0.,1.));
#3104 = DIRECTION('',(1.,0.,5.28283888351E-17));
#3105 = ADVANCED_FACE('',(#3106),#3112,.T.);
#3106 = FACE_BOUND('',#3107,.T.);
#3107 = EDGE_LOOP('',(#3108,#3109,#3110,#3111));
#3108 = ORIENTED_EDGE('',*,*,#2530,.T.);
#3109 = ORIENTED_EDGE('',*,*,#3015,.F.);
#3110 = ORIENTED_EDGE('',*,*,#2628,.F.);
#3111 = ORIENTED_EDGE('',*,*,#3093,.T.);
#3112 = PLANE('',#3113);
#3113 = AXIS2_PLACEMENT_3D('',#3114,#3115,#3116);
#3114 = CARTESIAN_POINT('',(4.5,-2.25,0.3));
#3115 = DIRECTION('',(1.,0.,0.));
#3116 = DIRECTION('',(0.,0.,-1.));
#3117 = ADVANCED_FACE('',(#3118),#3134,.T.);
#3118 = FACE_BOUND('',#3119,.T.);
#3119 = EDGE_LOOP('',(#3120,#3121,#3127,#3128));
#3120 = ORIENTED_EDGE('',*,*,#2659,.T.);
#3121 = ORIENTED_EDGE('',*,*,#3122,.T.);
#3122 = EDGE_CURVE('',#2662,#2767,#3123,.T.);
#3123 = LINE('',#3124,#3125);
#3124 = CARTESIAN_POINT('',(3.449217410273,1.9,5.551115123126E-17));
#3125 = VECTOR('',#3126,1.);
#3126 = DIRECTION('',(0.,1.,0.));
#3127 = ORIENTED_EDGE('',*,*,#2764,.F.);
#3128 = ORIENTED_EDGE('',*,*,#3129,.T.);
#3129 = EDGE_CURVE('',#2765,#2660,#3130,.T.);
#3130 = LINE('',#3131,#3132);
#3131 = CARTESIAN_POINT('',(4.5,2.6,0.));
#3132 = VECTOR('',#3133,1.);
#3133 = DIRECTION('',(0.,-1.,0.));
#3134 = PLANE('',#3135);
#3135 = AXIS2_PLACEMENT_3D('',#3136,#3137,#3138);
#3136 = CARTESIAN_POINT('',(4.5,2.25,0.));
#3137 = DIRECTION('',(-0.,-0.,-1.));
#3138 = DIRECTION('',(-1.,0.,0.));
#3139 = ADVANCED_FACE('',(#3140),#3151,.T.);
#3140 = FACE_BOUND('',#3141,.T.);
#3141 = EDGE_LOOP('',(#3142,#3143,#3144,#3150));
#3142 = ORIENTED_EDGE('',*,*,#3122,.F.);
#3143 = ORIENTED_EDGE('',*,*,#2669,.T.);
#3144 = ORIENTED_EDGE('',*,*,#3145,.T.);
#3145 = EDGE_CURVE('',#2670,#2775,#3146,.T.);
#3146 = LINE('',#3147,#3148);
#3147 = CARTESIAN_POINT('',(3.154303630092,1.9,0.244992161835));
#3148 = VECTOR('',#3149,1.);
#3149 = DIRECTION('',(0.,1.,0.));
#3150 = ORIENTED_EDGE('',*,*,#2774,.F.);
#3151 = CYLINDRICAL_SURFACE('',#3152,0.3);
#3152 = AXIS2_PLACEMENT_3D('',#3153,#3154,#3155);
#3153 = CARTESIAN_POINT('',(3.449217410273,2.25,0.3));
#3154 = DIRECTION('',(0.,1.,0.));
#3155 = DIRECTION('',(0.,0.,-1.));
#3156 = ADVANCED_FACE('',(#3157),#3163,.T.);
#3157 = FACE_BOUND('',#3158,.T.);
#3158 = EDGE_LOOP('',(#3159,#3160,#3161,#3162));
#3159 = ORIENTED_EDGE('',*,*,#3145,.F.);
#3160 = ORIENTED_EDGE('',*,*,#2678,.T.);
#3161 = ORIENTED_EDGE('',*,*,#2838,.T.);
#3162 = ORIENTED_EDGE('',*,*,#2783,.F.);
#3163 = PLANE('',#3164);
#3164 = AXIS2_PLACEMENT_3D('',#3165,#3166,#3167);
#3165 = CARTESIAN_POINT('',(3.154303630092,2.25,0.244992161835));
#3166 = DIRECTION('',(-0.983045933935,-0.,-0.183359460551));
#3167 = DIRECTION('',(-0.183359460551,0.,0.983045933935));
#3168 = ADVANCED_FACE('',(#3169),#3180,.T.);
#3169 = FACE_BOUND('',#3170,.T.);
#3170 = EDGE_LOOP('',(#3171,#3172,#3173,#3179));
#3171 = ORIENTED_EDGE('',*,*,#2742,.F.);
#3172 = ORIENTED_EDGE('',*,*,#2701,.T.);
#3173 = ORIENTED_EDGE('',*,*,#3174,.T.);
#3174 = EDGE_CURVE('',#2702,#2800,#3175,.T.);
#3175 = LINE('',#3176,#3177);
#3176 = CARTESIAN_POINT('',(3.345696369908,1.9,0.855007838165));
#3177 = VECTOR('',#3178,1.);
#3178 = DIRECTION('',(0.,1.,0.));
#3179 = ORIENTED_EDGE('',*,*,#2799,.F.);
#3180 = CYLINDRICAL_SURFACE('',#3181,0.3);
#3181 = AXIS2_PLACEMENT_3D('',#3182,#3183,#3184);
#3182 = CARTESIAN_POINT('',(3.050782589727,2.25,0.8));
#3183 = DIRECTION('',(0.,1.,0.));
#3184 = DIRECTION('',(7.401486830834E-16,-0.,1.));
#3185 = ADVANCED_FACE('',(#3186),#3197,.T.);
#3186 = FACE_BOUND('',#3187,.T.);
#3187 = EDGE_LOOP('',(#3188,#3189,#3190,#3196));
#3188 = ORIENTED_EDGE('',*,*,#3174,.F.);
#3189 = ORIENTED_EDGE('',*,*,#2710,.T.);
#3190 = ORIENTED_EDGE('',*,*,#3191,.F.);
#3191 = EDGE_CURVE('',#2809,#2711,#3192,.T.);
#3192 = LINE('',#3193,#3194);
#3193 = CARTESIAN_POINT('',(3.449217410273,2.6,0.3));
#3194 = VECTOR('',#3195,1.);
#3195 = DIRECTION('',(0.,-1.,0.));
#3196 = ORIENTED_EDGE('',*,*,#2808,.F.);
#3197 = PLANE('',#3198);
#3198 = AXIS2_PLACEMENT_3D('',#3199,#3200,#3201);
#3199 = CARTESIAN_POINT('',(3.345696369908,2.25,0.855007838165));
#3200 = DIRECTION('',(0.983045933935,0.,0.183359460551));
#3201 = DIRECTION('',(0.183359460551,0.,-0.983045933935));
#3202 = ADVANCED_FACE('',(#3203),#3214,.T.);
#3203 = FACE_BOUND('',#3204,.T.);
#3204 = EDGE_LOOP('',(#3205,#3206,#3212,#3213));
#3205 = ORIENTED_EDGE('',*,*,#2718,.T.);
#3206 = ORIENTED_EDGE('',*,*,#3207,.F.);
#3207 = EDGE_CURVE('',#2817,#2719,#3208,.T.);
#3208 = LINE('',#3209,#3210);
#3209 = CARTESIAN_POINT('',(4.5,2.6,0.3));
#3210 = VECTOR('',#3211,1.);
#3211 = DIRECTION('',(0.,-1.,0.));
#3212 = ORIENTED_EDGE('',*,*,#2816,.F.);
#3213 = ORIENTED_EDGE('',*,*,#3191,.T.);
#3214 = PLANE('',#3215);
#3215 = AXIS2_PLACEMENT_3D('',#3216,#3217,#3218);
#3216 = CARTESIAN_POINT('',(3.449217410273,2.25,0.3));
#3217 = DIRECTION('',(-5.28283888351E-17,0.,1.));
#3218 = DIRECTION('',(1.,0.,5.28283888351E-17));
#3219 = ADVANCED_FACE('',(#3220),#3226,.T.);
#3220 = FACE_BOUND('',#3221,.T.);
#3221 = EDGE_LOOP('',(#3222,#3223,#3224,#3225));
#3222 = ORIENTED_EDGE('',*,*,#2726,.T.);
#3223 = ORIENTED_EDGE('',*,*,#3129,.F.);
#3224 = ORIENTED_EDGE('',*,*,#2824,.F.);
#3225 = ORIENTED_EDGE('',*,*,#3207,.T.);
#3226 = PLANE('',#3227);
#3227 = AXIS2_PLACEMENT_3D('',#3228,#3229,#3230);
#3228 = CARTESIAN_POINT('',(4.5,2.25,0.3));
#3229 = DIRECTION('',(1.,0.,0.));
#3230 = DIRECTION('',(0.,0.,-1.));
#3231 = ADVANCED_FACE('',(#3232),#3235,.T.);
#3232 = FACE_BOUND('',#3233,.T.);
#3233 = EDGE_LOOP('',(#3234));
#3234 = ORIENTED_EDGE('',*,*,#2866,.T.);
#3235 = PLANE('',#3236);
#3236 = AXIS2_PLACEMENT_3D('',#3237,#3238,#3239);
#3237 = CARTESIAN_POINT('',(-1.65,-1.65,3.75));
#3238 = DIRECTION('',(0.,0.,1.));
#3239 = DIRECTION('',(1.,0.,-0.));
#3240 = ADVANCED_FACE('',(#3241),#3244,.T.);
#3241 = FACE_BOUND('',#3242,.T.);
#3242 = EDGE_LOOP('',(#3243));
#3243 = ORIENTED_EDGE('',*,*,#2899,.T.);
#3244 = PLANE('',#3245);
#3245 = AXIS2_PLACEMENT_3D('',#3246,#3247,#3248);
#3246 = CARTESIAN_POINT('',(1.65,-1.65,3.75));
#3247 = DIRECTION('',(0.,0.,1.));
#3248 = DIRECTION('',(1.,0.,-0.));
#3249 = ADVANCED_FACE('',(#3250),#3253,.T.);
#3250 = FACE_BOUND('',#3251,.T.);
#3251 = EDGE_LOOP('',(#3252));
#3252 = ORIENTED_EDGE('',*,*,#2932,.T.);
#3253 = PLANE('',#3254);
#3254 = AXIS2_PLACEMENT_3D('',#3255,#3256,#3257);
#3255 = CARTESIAN_POINT('',(-1.65,1.65,3.75));
#3256 = DIRECTION('',(0.,0.,1.));
#3257 = DIRECTION('',(1.,0.,-0.));
#3258 = ADVANCED_FACE('',(#3259),#3278,.T.);
#3259 = FACE_BOUND('',#3260,.T.);
#3260 = EDGE_LOOP('',(#3261,#3269,#3270,#3271));
#3261 = ORIENTED_EDGE('',*,*,#3262,.F.);
#3262 = EDGE_CURVE('',#2958,#3263,#3265,.T.);
#3263 = VERTEX_POINT('',#3264);
#3264 = CARTESIAN_POINT('',(1.75,0.,4.1));
#3265 = LINE('',#3266,#3267);
#3266 = CARTESIAN_POINT('',(1.75,0.,3.15));
#3267 = VECTOR('',#3268,1.);
#3268 = DIRECTION('',(0.,0.,1.));
#3269 = ORIENTED_EDGE('',*,*,#2957,.T.);
#3270 = ORIENTED_EDGE('',*,*,#3262,.T.);
#3271 = ORIENTED_EDGE('',*,*,#3272,.F.);
#3272 = EDGE_CURVE('',#3263,#3263,#3273,.T.);
#3273 = CIRCLE('',#3274,1.75);
#3274 = AXIS2_PLACEMENT_3D('',#3275,#3276,#3277);
#3275 = CARTESIAN_POINT('',(0.,0.,4.1));
#3276 = DIRECTION('',(0.,0.,1.));
#3277 = DIRECTION('',(1.,0.,-0.));
#3278 = CYLINDRICAL_SURFACE('',#3279,1.75);
#3279 = AXIS2_PLACEMENT_3D('',#3280,#3281,#3282);
#3280 = CARTESIAN_POINT('',(0.,0.,3.15));
#3281 = DIRECTION('',(0.,0.,1.));
#3282 = DIRECTION('',(1.,0.,-0.));
#3283 = ADVANCED_FACE('',(#3284),#3287,.T.);
#3284 = FACE_BOUND('',#3285,.T.);
#3285 = EDGE_LOOP('',(#3286));
#3286 = ORIENTED_EDGE('',*,*,#2985,.T.);
#3287 = PLANE('',#3288);
#3288 = AXIS2_PLACEMENT_3D('',#3289,#3290,#3291);
#3289 = CARTESIAN_POINT('',(1.65,1.65,3.75));
#3290 = DIRECTION('',(0.,0.,1.));
#3291 = DIRECTION('',(1.,0.,-0.));
#3292 = ADVANCED_FACE('',(#3293),#3313,.T.);
#3293 = FACE_BOUND('',#3294,.T.);
#3294 = EDGE_LOOP('',(#3295,#3304,#3305,#3306));
#3295 = ORIENTED_EDGE('',*,*,#3296,.F.);
#3296 = EDGE_CURVE('',#3263,#3297,#3299,.T.);
#3297 = VERTEX_POINT('',#3298);
#3298 = CARTESIAN_POINT('',(1.55,0.,4.3));
#3299 = CIRCLE('',#3300,0.2);
#3300 = AXIS2_PLACEMENT_3D('',#3301,#3302,#3303);
#3301 = CARTESIAN_POINT('',(1.55,0.,4.1));
#3302 = DIRECTION('',(0.,-1.,0.));
#3303 = DIRECTION('',(1.,0.,0.));
#3304 = ORIENTED_EDGE('',*,*,#3272,.T.);
#3305 = ORIENTED_EDGE('',*,*,#3296,.T.);
#3306 = ORIENTED_EDGE('',*,*,#3307,.F.);
#3307 = EDGE_CURVE('',#3297,#3297,#3308,.T.);
#3308 = CIRCLE('',#3309,1.55);
#3309 = AXIS2_PLACEMENT_3D('',#3310,#3311,#3312);
#3310 = CARTESIAN_POINT('',(0.,0.,4.3));
#3311 = DIRECTION('',(0.,0.,1.));
#3312 = DIRECTION('',(1.,0.,-0.));
#3313 = TOROIDAL_SURFACE('',#3314,1.55,0.2);
#3314 = AXIS2_PLACEMENT_3D('',#3315,#3316,#3317);
#3315 = CARTESIAN_POINT('',(0.,0.,4.1));
#3316 = DIRECTION('',(0.,0.,1.));
#3317 = DIRECTION('',(1.,0.,-0.));
#3318 = ADVANCED_FACE('',(#3319),#3322,.T.);
#3319 = FACE_BOUND('',#3320,.T.);
#3320 = EDGE_LOOP('',(#3321));
#3321 = ORIENTED_EDGE('',*,*,#3307,.T.);
#3322 = PLANE('',#3323);
#3323 = AXIS2_PLACEMENT_3D('',#3324,#3325,#3326);
#3324 = CARTESIAN_POINT('',(0.,0.,4.3));
#3325 = DIRECTION('',(0.,0.,1.));
#3326 = DIRECTION('',(1.,0.,-0.));
#3327 = ( GEOMETRIC_REPRESENTATION_CONTEXT(3) 
GLOBAL_UNCERTAINTY_ASSIGNED_CONTEXT((#3331)) 
GLOBAL_UNIT_ASSIGNED_CONTEXT((#3328,#3329,#3330)) REPRESENTATION_CONTEXT
('Context #1','3D Context with UNIT and UNCERTAINTY') );
#3328 = ( LENGTH_UNIT() NAMED_UNIT(*) SI_UNIT(.MILLI.,.METRE.) );
#3329 = ( NAMED_UNIT(*) PLANE_ANGLE_UNIT() SI_UNIT($,.RADIAN.) );
#3330 = ( NAMED_UNIT(*) SI_UNIT($,.STERADIAN.) SOLID_ANGLE_UNIT() );
#3331 = UNCERTAINTY_MEASURE_WITH_UNIT(LENGTH_MEASURE(1.E-07),#3328,
  'distance_accuracy_value','confusion accuracy');
#3332 = CONTEXT_DEPENDENT_SHAPE_REPRESENTATION(#3333,#3335);
#3333 = ( REPRESENTATION_RELATIONSHIP('','',#52,#10) 
REPRESENTATION_RELATIONSHIP_WITH_TRANSFORMATION(#3334) 
SHAPE_REPRESENTATION_RELATIONSHIP() );
#3334 = ITEM_DEFINED_TRANSFORMATION('','',#11,#15);
#3335 = PRODUCT_DEFINITION_SHAPE('Placement','Placement of an item',
  #3336);
#3336 = NEXT_ASSEMBLY_USAGE_OCCURRENCE('1','SW1','',#5,#47,$);
#3337 = PRODUCT_RELATED_PRODUCT_CATEGORY('part',$,(#49));
#3338 = SHAPE_DEFINITION_REPRESENTATION(#3339,#3345);
#3339 = PRODUCT_DEFINITION_SHAPE('','',#3340);
#3340 = PRODUCT_DEFINITION('design','',#3341,#3344);
#3341 = PRODUCT_DEFINITION_FORMATION('','',#3342);
#3342 = PRODUCT(
  'TerminalBlock_Phoenix_MKDS-1,5-2-5.08_1x02_P5.08mm_Horizontal',
  'TerminalBlock_Phoenix_MKDS-1,5-2-5.08_1x02_P5.08mm_Horizontal','',(
    #3343));
#3343 = PRODUCT_CONTEXT('',#2,'mechanical');
#3344 = PRODUCT_DEFINITION_CONTEXT('part definition',#2,'design');
#3345 = ADVANCED_BREP_SHAPE_REPRESENTATION('',(#11,#3346),#5967);
#3346 = MANIFOLD_SOLID_BREP('',#3347);
#3347 = CLOSED_SHELL('',(#3348,#3444,#3475,#3521,#3545,#3569,#3716,#3740
    ,#3764,#3781,#3873,#3890,#3928,#4039,#4150,#4162,#4186,#4210,#4227,
    #4258,#4282,#4306,#4323,#4354,#4378,#4402,#4419,#4448,#4471,#4494,
    #4511,#4540,#4563,#4586,#4603,#4615,#4631,#4664,#4689,#4727,#4759,
    #4790,#4800,#4818,#4834,#4867,#4892,#4930,#4962,#4993,#5003,#5021,
    #5033,#5045,#5076,#5093,#5110,#5141,#5158,#5175,#5200,#5311,#5366,
    #5376,#5401,#5512,#5567,#5577,#5593,#5610,#5627,#5644,#5654,#5664,
    #5695,#5719,#5743,#5760,#5776,#5793,#5810,#5827,#5837,#5847,#5878,
    #5902,#5926,#5943,#5955));
#3348 = ADVANCED_FACE('',(#3349),#3439,.F.);
#3349 = FACE_BOUND('',#3350,.F.);
#3350 = EDGE_LOOP('',(#3351,#3361,#3369,#3377,#3385,#3393,#3401,#3409,
    #3417,#3425,#3433));
#3351 = ORIENTED_EDGE('',*,*,#3352,.T.);
#3352 = EDGE_CURVE('',#3353,#3355,#3357,.T.);
#3353 = VERTEX_POINT('',#3354);
#3354 = CARTESIAN_POINT('',(-2.54,-2.6,13.8));
#3355 = VERTEX_POINT('',#3356);
#3356 = CARTESIAN_POINT('',(-2.54,-4.1,7.4));
#3357 = LINE('',#3358,#3359);
#3358 = CARTESIAN_POINT('',(-2.54,-2.6,13.8));
#3359 = VECTOR('',#3360,1.);
#3360 = DIRECTION('',(0.,-0.228191322789,-0.973616310568));
#3361 = ORIENTED_EDGE('',*,*,#3362,.T.);
#3362 = EDGE_CURVE('',#3355,#3363,#3365,.T.);
#3363 = VERTEX_POINT('',#3364);
#3364 = CARTESIAN_POINT('',(-2.54,-4.6,7.4));
#3365 = LINE('',#3366,#3367);
#3366 = CARTESIAN_POINT('',(-2.54,-4.1,7.4));
#3367 = VECTOR('',#3368,1.);
#3368 = DIRECTION('',(0.,-1.,0.));
#3369 = ORIENTED_EDGE('',*,*,#3370,.T.);
#3370 = EDGE_CURVE('',#3363,#3371,#3373,.T.);
#3371 = VERTEX_POINT('',#3372);
#3372 = CARTESIAN_POINT('',(-2.54,-4.6,0.));
#3373 = LINE('',#3374,#3375);
#3374 = CARTESIAN_POINT('',(-2.54,-4.6,13.8));
#3375 = VECTOR('',#3376,1.);
#3376 = DIRECTION('',(0.,0.,-1.));
#3377 = ORIENTED_EDGE('',*,*,#3378,.T.);
#3378 = EDGE_CURVE('',#3371,#3379,#3381,.T.);
#3379 = VERTEX_POINT('',#3380);
#3380 = CARTESIAN_POINT('',(-2.54,-3.83,0.));
#3381 = LINE('',#3382,#3383);
#3382 = CARTESIAN_POINT('',(-2.54,-4.6,0.));
#3383 = VECTOR('',#3384,1.);
#3384 = DIRECTION('',(0.,1.,0.));
#3385 = ORIENTED_EDGE('',*,*,#3386,.T.);
#3386 = EDGE_CURVE('',#3379,#3387,#3389,.T.);
#3387 = VERTEX_POINT('',#3388);
#3388 = CARTESIAN_POINT('',(-2.54,-3.83,7.));
#3389 = LINE('',#3390,#3391);
#3390 = CARTESIAN_POINT('',(-2.54,-3.83,0.));
#3391 = VECTOR('',#3392,1.);
#3392 = DIRECTION('',(0.,0.,1.));
#3393 = ORIENTED_EDGE('',*,*,#3394,.T.);
#3394 = EDGE_CURVE('',#3387,#3395,#3397,.T.);
#3395 = VERTEX_POINT('',#3396);
#3396 = CARTESIAN_POINT('',(-2.54,-3.37,7.));
#3397 = LINE('',#3398,#3399);
#3398 = CARTESIAN_POINT('',(-2.54,-3.83,7.));
#3399 = VECTOR('',#3400,1.);
#3400 = DIRECTION('',(0.,1.,0.));
#3401 = ORIENTED_EDGE('',*,*,#3402,.F.);
#3402 = EDGE_CURVE('',#3403,#3395,#3405,.T.);
#3403 = VERTEX_POINT('',#3404);
#3404 = CARTESIAN_POINT('',(-2.54,-3.37,0.));
#3405 = LINE('',#3406,#3407);
#3406 = CARTESIAN_POINT('',(-2.54,-3.37,0.));
#3407 = VECTOR('',#3408,1.);
#3408 = DIRECTION('',(0.,0.,1.));
#3409 = ORIENTED_EDGE('',*,*,#3410,.T.);
#3410 = EDGE_CURVE('',#3403,#3411,#3413,.T.);
#3411 = VERTEX_POINT('',#3412);
#3412 = CARTESIAN_POINT('',(-2.54,5.2,0.));
#3413 = LINE('',#3414,#3415);
#3414 = CARTESIAN_POINT('',(-2.54,-4.6,0.));
#3415 = VECTOR('',#3416,1.);
#3416 = DIRECTION('',(0.,1.,0.));
#3417 = ORIENTED_EDGE('',*,*,#3418,.T.);
#3418 = EDGE_CURVE('',#3411,#3419,#3421,.T.);
#3419 = VERTEX_POINT('',#3420);
#3420 = CARTESIAN_POINT('',(-2.54,5.2,4.57));
#3421 = LINE('',#3422,#3423);
#3422 = CARTESIAN_POINT('',(-2.54,5.2,0.));
#3423 = VECTOR('',#3424,1.);
#3424 = DIRECTION('',(0.,0.,1.));
#3425 = ORIENTED_EDGE('',*,*,#3426,.F.);
#3426 = EDGE_CURVE('',#3427,#3419,#3429,.T.);
#3427 = VERTEX_POINT('',#3428);
#3428 = CARTESIAN_POINT('',(-2.54,2.2,13.8));
#3429 = LINE('',#3430,#3431);
#3430 = CARTESIAN_POINT('',(-2.54,2.2,13.8));
#3431 = VECTOR('',#3432,1.);
#3432 = DIRECTION('',(0.,0.309109370483,-0.951026496518));
#3433 = ORIENTED_EDGE('',*,*,#3434,.T.);
#3434 = EDGE_CURVE('',#3427,#3353,#3435,.T.);
#3435 = LINE('',#3436,#3437);
#3436 = CARTESIAN_POINT('',(-2.54,5.2,13.8));
#3437 = VECTOR('',#3438,1.);
#3438 = DIRECTION('',(0.,-1.,0.));
#3439 = PLANE('',#3440);
#3440 = AXIS2_PLACEMENT_3D('',#3441,#3442,#3443);
#3441 = CARTESIAN_POINT('',(-2.54,0.3,6.9));
#3442 = DIRECTION('',(1.,0.,0.));
#3443 = DIRECTION('',(0.,0.,1.));
#3444 = ADVANCED_FACE('',(#3445),#3470,.F.);
#3445 = FACE_BOUND('',#3446,.F.);
#3446 = EDGE_LOOP('',(#3447,#3455,#3463,#3469));
#3447 = ORIENTED_EDGE('',*,*,#3448,.T.);
#3448 = EDGE_CURVE('',#3353,#3449,#3451,.T.);
#3449 = VERTEX_POINT('',#3450);
#3450 = CARTESIAN_POINT('',(7.62,-2.6,13.8));
#3451 = LINE('',#3452,#3453);
#3452 = CARTESIAN_POINT('',(-2.54,-2.6,13.8));
#3453 = VECTOR('',#3454,1.);
#3454 = DIRECTION('',(1.,0.,0.));
#3455 = ORIENTED_EDGE('',*,*,#3456,.T.);
#3456 = EDGE_CURVE('',#3449,#3457,#3459,.T.);
#3457 = VERTEX_POINT('',#3458);
#3458 = CARTESIAN_POINT('',(7.62,-4.1,7.4));
#3459 = LINE('',#3460,#3461);
#3460 = CARTESIAN_POINT('',(7.62,-2.6,13.8));
#3461 = VECTOR('',#3462,1.);
#3462 = DIRECTION('',(0.,-0.228191322789,-0.973616310568));
#3463 = ORIENTED_EDGE('',*,*,#3464,.F.);
#3464 = EDGE_CURVE('',#3355,#3457,#3465,.T.);
#3465 = LINE('',#3466,#3467);
#3466 = CARTESIAN_POINT('',(-2.54,-4.1,7.4));
#3467 = VECTOR('',#3468,1.);
#3468 = DIRECTION('',(1.,0.,0.));
#3469 = ORIENTED_EDGE('',*,*,#3352,.F.);
#3470 = PLANE('',#3471);
#3471 = AXIS2_PLACEMENT_3D('',#3472,#3473,#3474);
#3472 = CARTESIAN_POINT('',(-2.54,-2.6,13.8));
#3473 = DIRECTION('',(0.,0.973616310568,-0.228191322789));
#3474 = DIRECTION('',(0.,-0.228191322789,-0.973616310568));
#3475 = ADVANCED_FACE('',(#3476,#3494,#3505),#3516,.F.);
#3476 = FACE_BOUND('',#3477,.F.);
#3477 = EDGE_LOOP('',(#3478,#3479,#3487,#3493));
#3478 = ORIENTED_EDGE('',*,*,#3434,.F.);
#3479 = ORIENTED_EDGE('',*,*,#3480,.T.);
#3480 = EDGE_CURVE('',#3427,#3481,#3483,.T.);
#3481 = VERTEX_POINT('',#3482);
#3482 = CARTESIAN_POINT('',(7.62,2.2,13.8));
#3483 = LINE('',#3484,#3485);
#3484 = CARTESIAN_POINT('',(-2.54,2.2,13.8));
#3485 = VECTOR('',#3486,1.);
#3486 = DIRECTION('',(1.,0.,0.));
#3487 = ORIENTED_EDGE('',*,*,#3488,.T.);
#3488 = EDGE_CURVE('',#3481,#3449,#3489,.T.);
#3489 = LINE('',#3490,#3491);
#3490 = CARTESIAN_POINT('',(7.62,5.2,13.8));
#3491 = VECTOR('',#3492,1.);
#3492 = DIRECTION('',(0.,-1.,0.));
#3493 = ORIENTED_EDGE('',*,*,#3448,.F.);
#3494 = FACE_BOUND('',#3495,.F.);
#3495 = EDGE_LOOP('',(#3496));
#3496 = ORIENTED_EDGE('',*,*,#3497,.T.);
#3497 = EDGE_CURVE('',#3498,#3498,#3500,.T.);
#3498 = VERTEX_POINT('',#3499);
#3499 = CARTESIAN_POINT('',(2.,-0.2,13.8));
#3500 = CIRCLE('',#3501,2.);
#3501 = AXIS2_PLACEMENT_3D('',#3502,#3503,#3504);
#3502 = CARTESIAN_POINT('',(0.,-0.2,13.8));
#3503 = DIRECTION('',(0.,0.,1.));
#3504 = DIRECTION('',(1.,0.,-0.));
#3505 = FACE_BOUND('',#3506,.F.);
#3506 = EDGE_LOOP('',(#3507));
#3507 = ORIENTED_EDGE('',*,*,#3508,.T.);
#3508 = EDGE_CURVE('',#3509,#3509,#3511,.T.);
#3509 = VERTEX_POINT('',#3510);
#3510 = CARTESIAN_POINT('',(7.08,-0.2,13.8));
#3511 = CIRCLE('',#3512,2.);
#3512 = AXIS2_PLACEMENT_3D('',#3513,#3514,#3515);
#3513 = CARTESIAN_POINT('',(5.08,-0.2,13.8));
#3514 = DIRECTION('',(0.,0.,1.));
#3515 = DIRECTION('',(1.,0.,-0.));
#3516 = PLANE('',#3517);
#3517 = AXIS2_PLACEMENT_3D('',#3518,#3519,#3520);
#3518 = CARTESIAN_POINT('',(-2.54,5.2,13.8));
#3519 = DIRECTION('',(0.,0.,-1.));
#3520 = DIRECTION('',(0.,-1.,0.));
#3521 = ADVANCED_FACE('',(#3522),#3540,.T.);
#3522 = FACE_BOUND('',#3523,.T.);
#3523 = EDGE_LOOP('',(#3524,#3525,#3533,#3539));
#3524 = ORIENTED_EDGE('',*,*,#3480,.T.);
#3525 = ORIENTED_EDGE('',*,*,#3526,.T.);
#3526 = EDGE_CURVE('',#3481,#3527,#3529,.T.);
#3527 = VERTEX_POINT('',#3528);
#3528 = CARTESIAN_POINT('',(7.62,5.2,4.57));
#3529 = LINE('',#3530,#3531);
#3530 = CARTESIAN_POINT('',(7.62,2.2,13.8));
#3531 = VECTOR('',#3532,1.);
#3532 = DIRECTION('',(0.,0.309109370483,-0.951026496518));
#3533 = ORIENTED_EDGE('',*,*,#3534,.F.);
#3534 = EDGE_CURVE('',#3419,#3527,#3535,.T.);
#3535 = LINE('',#3536,#3537);
#3536 = CARTESIAN_POINT('',(-2.54,5.2,4.57));
#3537 = VECTOR('',#3538,1.);
#3538 = DIRECTION('',(1.,0.,0.));
#3539 = ORIENTED_EDGE('',*,*,#3426,.F.);
#3540 = PLANE('',#3541);
#3541 = AXIS2_PLACEMENT_3D('',#3542,#3543,#3544);
#3542 = CARTESIAN_POINT('',(-2.54,2.2,13.8));
#3543 = DIRECTION('',(0.,0.951026496518,0.309109370483));
#3544 = DIRECTION('',(0.,0.309109370483,-0.951026496518));
#3545 = ADVANCED_FACE('',(#3546),#3564,.F.);
#3546 = FACE_BOUND('',#3547,.F.);
#3547 = EDGE_LOOP('',(#3548,#3549,#3557,#3563));
#3548 = ORIENTED_EDGE('',*,*,#3418,.F.);
#3549 = ORIENTED_EDGE('',*,*,#3550,.T.);
#3550 = EDGE_CURVE('',#3411,#3551,#3553,.T.);
#3551 = VERTEX_POINT('',#3552);
#3552 = CARTESIAN_POINT('',(7.62,5.2,0.));
#3553 = LINE('',#3554,#3555);
#3554 = CARTESIAN_POINT('',(-2.54,5.2,0.));
#3555 = VECTOR('',#3556,1.);
#3556 = DIRECTION('',(1.,0.,0.));
#3557 = ORIENTED_EDGE('',*,*,#3558,.T.);
#3558 = EDGE_CURVE('',#3551,#3527,#3559,.T.);
#3559 = LINE('',#3560,#3561);
#3560 = CARTESIAN_POINT('',(7.62,5.2,0.));
#3561 = VECTOR('',#3562,1.);
#3562 = DIRECTION('',(0.,0.,1.));
#3563 = ORIENTED_EDGE('',*,*,#3534,.F.);
#3564 = PLANE('',#3565);
#3565 = AXIS2_PLACEMENT_3D('',#3566,#3567,#3568);
#3566 = CARTESIAN_POINT('',(-2.54,5.2,0.));
#3567 = DIRECTION('',(0.,-1.,0.));
#3568 = DIRECTION('',(0.,0.,1.));
#3569 = ADVANCED_FACE('',(#3570,#3643,#3677),#3711,.T.);
#3570 = FACE_BOUND('',#3571,.T.);
#3571 = EDGE_LOOP('',(#3572,#3573,#3581,#3589,#3595,#3596,#3597,#3605,
    #3613,#3621,#3629,#3637));
#3572 = ORIENTED_EDGE('',*,*,#3378,.T.);
#3573 = ORIENTED_EDGE('',*,*,#3574,.F.);
#3574 = EDGE_CURVE('',#3575,#3379,#3577,.T.);
#3575 = VERTEX_POINT('',#3576);
#3576 = CARTESIAN_POINT('',(-3.28,-4.06,0.));
#3577 = LINE('',#3578,#3579);
#3578 = CARTESIAN_POINT('',(-3.28,-4.06,0.));
#3579 = VECTOR('',#3580,1.);
#3580 = DIRECTION('',(0.954938084056,0.296805080179,0.));
#3581 = ORIENTED_EDGE('',*,*,#3582,.F.);
#3582 = EDGE_CURVE('',#3583,#3575,#3585,.T.);
#3583 = VERTEX_POINT('',#3584);
#3584 = CARTESIAN_POINT('',(-3.28,-3.14,0.));
#3585 = LINE('',#3586,#3587);
#3586 = CARTESIAN_POINT('',(-3.28,-3.14,0.));
#3587 = VECTOR('',#3588,1.);
#3588 = DIRECTION('',(0.,-1.,0.));
#3589 = ORIENTED_EDGE('',*,*,#3590,.F.);
#3590 = EDGE_CURVE('',#3403,#3583,#3591,.T.);
#3591 = LINE('',#3592,#3593);
#3592 = CARTESIAN_POINT('',(-2.54,-3.37,0.));
#3593 = VECTOR('',#3594,1.);
#3594 = DIRECTION('',(-0.954938084056,0.296805080179,0.));
#3595 = ORIENTED_EDGE('',*,*,#3410,.T.);
#3596 = ORIENTED_EDGE('',*,*,#3550,.T.);
#3597 = ORIENTED_EDGE('',*,*,#3598,.F.);
#3598 = EDGE_CURVE('',#3599,#3551,#3601,.T.);
#3599 = VERTEX_POINT('',#3600);
#3600 = CARTESIAN_POINT('',(7.62,-3.37,0.));
#3601 = LINE('',#3602,#3603);
#3602 = CARTESIAN_POINT('',(7.62,-4.6,0.));
#3603 = VECTOR('',#3604,1.);
#3604 = DIRECTION('',(0.,1.,0.));
#3605 = ORIENTED_EDGE('',*,*,#3606,.T.);
#3606 = EDGE_CURVE('',#3599,#3607,#3609,.T.);
#3607 = VERTEX_POINT('',#3608);
#3608 = CARTESIAN_POINT('',(6.88,-3.14,0.));
#3609 = LINE('',#3610,#3611);
#3610 = CARTESIAN_POINT('',(7.62,-3.37,0.));
#3611 = VECTOR('',#3612,1.);
#3612 = DIRECTION('',(-0.954938084056,0.296805080179,0.));
#3613 = ORIENTED_EDGE('',*,*,#3614,.T.);
#3614 = EDGE_CURVE('',#3607,#3615,#3617,.T.);
#3615 = VERTEX_POINT('',#3616);
#3616 = CARTESIAN_POINT('',(6.88,-4.06,0.));
#3617 = LINE('',#3618,#3619);
#3618 = CARTESIAN_POINT('',(6.88,-3.14,0.));
#3619 = VECTOR('',#3620,1.);
#3620 = DIRECTION('',(0.,-1.,0.));
#3621 = ORIENTED_EDGE('',*,*,#3622,.T.);
#3622 = EDGE_CURVE('',#3615,#3623,#3625,.T.);
#3623 = VERTEX_POINT('',#3624);
#3624 = CARTESIAN_POINT('',(7.62,-3.83,0.));
#3625 = LINE('',#3626,#3627);
#3626 = CARTESIAN_POINT('',(6.88,-4.06,0.));
#3627 = VECTOR('',#3628,1.);
#3628 = DIRECTION('',(0.954938084056,0.296805080179,0.));
#3629 = ORIENTED_EDGE('',*,*,#3630,.F.);
#3630 = EDGE_CURVE('',#3631,#3623,#3633,.T.);
#3631 = VERTEX_POINT('',#3632);
#3632 = CARTESIAN_POINT('',(7.62,-4.6,0.));
#3633 = LINE('',#3634,#3635);
#3634 = CARTESIAN_POINT('',(7.62,-4.6,0.));
#3635 = VECTOR('',#3636,1.);
#3636 = DIRECTION('',(0.,1.,0.));
#3637 = ORIENTED_EDGE('',*,*,#3638,.F.);
#3638 = EDGE_CURVE('',#3371,#3631,#3639,.T.);
#3639 = LINE('',#3640,#3641);
#3640 = CARTESIAN_POINT('',(-2.54,-4.6,0.));
#3641 = VECTOR('',#3642,1.);
#3642 = DIRECTION('',(1.,0.,0.));
#3643 = FACE_BOUND('',#3644,.T.);
#3644 = EDGE_LOOP('',(#3645,#3655,#3663,#3671));
#3645 = ORIENTED_EDGE('',*,*,#3646,.F.);
#3646 = EDGE_CURVE('',#3647,#3649,#3651,.T.);
#3647 = VERTEX_POINT('',#3648);
#3648 = CARTESIAN_POINT('',(0.45,-0.5,0.));
#3649 = VERTEX_POINT('',#3650);
#3650 = CARTESIAN_POINT('',(-0.45,-0.5,0.));
#3651 = LINE('',#3652,#3653);
#3652 = CARTESIAN_POINT('',(1.016455404463,-0.5,0.));
#3653 = VECTOR('',#3654,1.);
#3654 = DIRECTION('',(-1.,0.,0.));
#3655 = ORIENTED_EDGE('',*,*,#3656,.F.);
#3656 = EDGE_CURVE('',#3657,#3647,#3659,.T.);
#3657 = VERTEX_POINT('',#3658);
#3658 = CARTESIAN_POINT('',(0.45,0.5,0.));
#3659 = LINE('',#3660,#3661);
#3660 = CARTESIAN_POINT('',(0.45,-0.278389360104,0.));
#3661 = VECTOR('',#3662,1.);
#3662 = DIRECTION('',(0.,-1.,0.));
#3663 = ORIENTED_EDGE('',*,*,#3664,.F.);
#3664 = EDGE_CURVE('',#3665,#3657,#3667,.T.);
#3665 = VERTEX_POINT('',#3666);
#3666 = CARTESIAN_POINT('',(-0.45,0.5,0.));
#3667 = LINE('',#3668,#3669);
#3668 = CARTESIAN_POINT('',(1.466455404463,0.5,0.));
#3669 = VECTOR('',#3670,1.);
#3670 = DIRECTION('',(1.,0.,0.));
#3671 = ORIENTED_EDGE('',*,*,#3672,.F.);
#3672 = EDGE_CURVE('',#3649,#3665,#3673,.T.);
#3673 = LINE('',#3674,#3675);
#3674 = CARTESIAN_POINT('',(-0.45,0.221610639896,0.));
#3675 = VECTOR('',#3676,1.);
#3676 = DIRECTION('',(0.,1.,0.));
#3677 = FACE_BOUND('',#3678,.T.);
#3678 = EDGE_LOOP('',(#3679,#3689,#3697,#3705));
#3679 = ORIENTED_EDGE('',*,*,#3680,.F.);
#3680 = EDGE_CURVE('',#3681,#3683,#3685,.T.);
#3681 = VERTEX_POINT('',#3682);
#3682 = CARTESIAN_POINT('',(5.53,-0.5,0.));
#3683 = VERTEX_POINT('',#3684);
#3684 = CARTESIAN_POINT('',(4.63,-0.5,0.));
#3685 = LINE('',#3686,#3687);
#3686 = CARTESIAN_POINT('',(3.556455404463,-0.5,0.));
#3687 = VECTOR('',#3688,1.);
#3688 = DIRECTION('',(-1.,0.,0.));
#3689 = ORIENTED_EDGE('',*,*,#3690,.F.);
#3690 = EDGE_CURVE('',#3691,#3681,#3693,.T.);
#3691 = VERTEX_POINT('',#3692);
#3692 = CARTESIAN_POINT('',(5.53,0.5,0.));
#3693 = LINE('',#3694,#3695);
#3694 = CARTESIAN_POINT('',(5.53,-0.278389360104,0.));
#3695 = VECTOR('',#3696,1.);
#3696 = DIRECTION('',(0.,-1.,0.));
#3697 = ORIENTED_EDGE('',*,*,#3698,.F.);
#3698 = EDGE_CURVE('',#3699,#3691,#3701,.T.);
#3699 = VERTEX_POINT('',#3700);
#3700 = CARTESIAN_POINT('',(4.63,0.5,0.));
#3701 = LINE('',#3702,#3703);
#3702 = CARTESIAN_POINT('',(4.006455404463,0.5,0.));
#3703 = VECTOR('',#3704,1.);
#3704 = DIRECTION('',(1.,0.,0.));
#3705 = ORIENTED_EDGE('',*,*,#3706,.F.);
#3706 = EDGE_CURVE('',#3683,#3699,#3707,.T.);
#3707 = LINE('',#3708,#3709);
#3708 = CARTESIAN_POINT('',(4.63,0.221610639896,0.));
#3709 = VECTOR('',#3710,1.);
#3710 = DIRECTION('',(0.,1.,0.));
#3711 = PLANE('',#3712);
#3712 = AXIS2_PLACEMENT_3D('',#3713,#3714,#3715);
#3713 = CARTESIAN_POINT('',(2.482910808926,-5.677872020754E-02,0.));
#3714 = DIRECTION('',(-0.,-0.,-1.));
#3715 = DIRECTION('',(-1.,0.,0.));
#3716 = ADVANCED_FACE('',(#3717),#3735,.F.);
#3717 = FACE_BOUND('',#3718,.F.);
#3718 = EDGE_LOOP('',(#3719,#3720,#3728,#3734));
#3719 = ORIENTED_EDGE('',*,*,#3402,.T.);
#3720 = ORIENTED_EDGE('',*,*,#3721,.T.);
#3721 = EDGE_CURVE('',#3395,#3722,#3724,.T.);
#3722 = VERTEX_POINT('',#3723);
#3723 = CARTESIAN_POINT('',(-3.28,-3.14,7.));
#3724 = LINE('',#3725,#3726);
#3725 = CARTESIAN_POINT('',(-2.54,-3.37,7.));
#3726 = VECTOR('',#3727,1.);
#3727 = DIRECTION('',(-0.954938084056,0.296805080179,0.));
#3728 = ORIENTED_EDGE('',*,*,#3729,.F.);
#3729 = EDGE_CURVE('',#3583,#3722,#3730,.T.);
#3730 = LINE('',#3731,#3732);
#3731 = CARTESIAN_POINT('',(-3.28,-3.14,0.));
#3732 = VECTOR('',#3733,1.);
#3733 = DIRECTION('',(0.,0.,1.));
#3734 = ORIENTED_EDGE('',*,*,#3590,.F.);
#3735 = PLANE('',#3736);
#3736 = AXIS2_PLACEMENT_3D('',#3737,#3738,#3739);
#3737 = CARTESIAN_POINT('',(-2.54,-3.37,0.));
#3738 = DIRECTION('',(-0.296805080179,-0.954938084056,0.));
#3739 = DIRECTION('',(-0.954938084056,0.296805080179,0.));
#3740 = ADVANCED_FACE('',(#3741),#3759,.T.);
#3741 = FACE_BOUND('',#3742,.T.);
#3742 = EDGE_LOOP('',(#3743,#3744,#3752,#3758));
#3743 = ORIENTED_EDGE('',*,*,#3721,.T.);
#3744 = ORIENTED_EDGE('',*,*,#3745,.T.);
#3745 = EDGE_CURVE('',#3722,#3746,#3748,.T.);
#3746 = VERTEX_POINT('',#3747);
#3747 = CARTESIAN_POINT('',(-3.28,-4.06,7.));
#3748 = LINE('',#3749,#3750);
#3749 = CARTESIAN_POINT('',(-3.28,-3.14,7.));
#3750 = VECTOR('',#3751,1.);
#3751 = DIRECTION('',(0.,-1.,0.));
#3752 = ORIENTED_EDGE('',*,*,#3753,.T.);
#3753 = EDGE_CURVE('',#3746,#3387,#3754,.T.);
#3754 = LINE('',#3755,#3756);
#3755 = CARTESIAN_POINT('',(-3.28,-4.06,7.));
#3756 = VECTOR('',#3757,1.);
#3757 = DIRECTION('',(0.954938084056,0.296805080179,0.));
#3758 = ORIENTED_EDGE('',*,*,#3394,.T.);
#3759 = PLANE('',#3760);
#3760 = AXIS2_PLACEMENT_3D('',#3761,#3762,#3763);
#3761 = CARTESIAN_POINT('',(-2.968091935206,-3.6,7.));
#3762 = DIRECTION('',(0.,0.,1.));
#3763 = DIRECTION('',(1.,0.,-0.));
#3764 = ADVANCED_FACE('',(#3765),#3776,.F.);
#3765 = FACE_BOUND('',#3766,.F.);
#3766 = EDGE_LOOP('',(#3767,#3773,#3774,#3775));
#3767 = ORIENTED_EDGE('',*,*,#3768,.T.);
#3768 = EDGE_CURVE('',#3575,#3746,#3769,.T.);
#3769 = LINE('',#3770,#3771);
#3770 = CARTESIAN_POINT('',(-3.28,-4.06,0.));
#3771 = VECTOR('',#3772,1.);
#3772 = DIRECTION('',(0.,0.,1.));
#3773 = ORIENTED_EDGE('',*,*,#3753,.T.);
#3774 = ORIENTED_EDGE('',*,*,#3386,.F.);
#3775 = ORIENTED_EDGE('',*,*,#3574,.F.);
#3776 = PLANE('',#3777);
#3777 = AXIS2_PLACEMENT_3D('',#3778,#3779,#3780);
#3778 = CARTESIAN_POINT('',(-3.28,-4.06,0.));
#3779 = DIRECTION('',(-0.296805080179,0.954938084056,0.));
#3780 = DIRECTION('',(0.954938084056,0.296805080179,0.));
#3781 = ADVANCED_FACE('',(#3782,#3800,#3834),#3868,.F.);
#3782 = FACE_BOUND('',#3783,.F.);
#3783 = EDGE_LOOP('',(#3784,#3785,#3793,#3799));
#3784 = ORIENTED_EDGE('',*,*,#3370,.F.);
#3785 = ORIENTED_EDGE('',*,*,#3786,.T.);
#3786 = EDGE_CURVE('',#3363,#3787,#3789,.T.);
#3787 = VERTEX_POINT('',#3788);
#3788 = CARTESIAN_POINT('',(7.62,-4.6,7.4));
#3789 = LINE('',#3790,#3791);
#3790 = CARTESIAN_POINT('',(-2.54,-4.6,7.4));
#3791 = VECTOR('',#3792,1.);
#3792 = DIRECTION('',(1.,0.,0.));
#3793 = ORIENTED_EDGE('',*,*,#3794,.T.);
#3794 = EDGE_CURVE('',#3787,#3631,#3795,.T.);
#3795 = LINE('',#3796,#3797);
#3796 = CARTESIAN_POINT('',(7.62,-4.6,13.8));
#3797 = VECTOR('',#3798,1.);
#3798 = DIRECTION('',(0.,0.,-1.));
#3799 = ORIENTED_EDGE('',*,*,#3638,.F.);
#3800 = FACE_BOUND('',#3801,.F.);
#3801 = EDGE_LOOP('',(#3802,#3812,#3820,#3828));
#3802 = ORIENTED_EDGE('',*,*,#3803,.F.);
#3803 = EDGE_CURVE('',#3804,#3806,#3808,.T.);
#3804 = VERTEX_POINT('',#3805);
#3805 = CARTESIAN_POINT('',(6.88,-4.6,1.6));
#3806 = VERTEX_POINT('',#3807);
#3807 = CARTESIAN_POINT('',(3.28,-4.6,1.6));
#3808 = LINE('',#3809,#3810);
#3809 = CARTESIAN_POINT('',(6.88,-4.6,1.6));
#3810 = VECTOR('',#3811,1.);
#3811 = DIRECTION('',(-1.,0.,-1.233581138472E-16));
#3812 = ORIENTED_EDGE('',*,*,#3813,.F.);
#3813 = EDGE_CURVE('',#3814,#3804,#3816,.T.);
#3814 = VERTEX_POINT('',#3815);
#3815 = CARTESIAN_POINT('',(6.88,-4.6,6.8));
#3816 = LINE('',#3817,#3818);
#3817 = CARTESIAN_POINT('',(6.88,-4.6,6.8));
#3818 = VECTOR('',#3819,1.);
#3819 = DIRECTION('',(0.,0.,-1.));
#3820 = ORIENTED_EDGE('',*,*,#3821,.F.);
#3821 = EDGE_CURVE('',#3822,#3814,#3824,.T.);
#3822 = VERTEX_POINT('',#3823);
#3823 = CARTESIAN_POINT('',(3.28,-4.6,6.8));
#3824 = LINE('',#3825,#3826);
#3825 = CARTESIAN_POINT('',(3.28,-4.6,6.8));
#3826 = VECTOR('',#3827,1.);
#3827 = DIRECTION('',(1.,0.,2.467162276945E-16));
#3828 = ORIENTED_EDGE('',*,*,#3829,.F.);
#3829 = EDGE_CURVE('',#3806,#3822,#3830,.T.);
#3830 = LINE('',#3831,#3832);
#3831 = CARTESIAN_POINT('',(3.28,-4.6,1.6));
#3832 = VECTOR('',#3833,1.);
#3833 = DIRECTION('',(0.,0.,1.));
#3834 = FACE_BOUND('',#3835,.F.);
#3835 = EDGE_LOOP('',(#3836,#3846,#3854,#3862));
#3836 = ORIENTED_EDGE('',*,*,#3837,.F.);
#3837 = EDGE_CURVE('',#3838,#3840,#3842,.T.);
#3838 = VERTEX_POINT('',#3839);
#3839 = CARTESIAN_POINT('',(1.8,-4.6,1.6));
#3840 = VERTEX_POINT('',#3841);
#3841 = CARTESIAN_POINT('',(-1.8,-4.6,1.6));
#3842 = LINE('',#3843,#3844);
#3843 = CARTESIAN_POINT('',(1.8,-4.6,1.6));
#3844 = VECTOR('',#3845,1.);
#3845 = DIRECTION('',(-1.,0.,-1.233581138472E-16));
#3846 = ORIENTED_EDGE('',*,*,#3847,.F.);
#3847 = EDGE_CURVE('',#3848,#3838,#3850,.T.);
#3848 = VERTEX_POINT('',#3849);
#3849 = CARTESIAN_POINT('',(1.8,-4.6,6.8));
#3850 = LINE('',#3851,#3852);
#3851 = CARTESIAN_POINT('',(1.8,-4.6,6.8));
#3852 = VECTOR('',#3853,1.);
#3853 = DIRECTION('',(0.,0.,-1.));
#3854 = ORIENTED_EDGE('',*,*,#3855,.F.);
#3855 = EDGE_CURVE('',#3856,#3848,#3858,.T.);
#3856 = VERTEX_POINT('',#3857);
#3857 = CARTESIAN_POINT('',(-1.8,-4.6,6.8));
#3858 = LINE('',#3859,#3860);
#3859 = CARTESIAN_POINT('',(-1.8,-4.6,6.8));
#3860 = VECTOR('',#3861,1.);
#3861 = DIRECTION('',(1.,0.,2.467162276945E-16));
#3862 = ORIENTED_EDGE('',*,*,#3863,.F.);
#3863 = EDGE_CURVE('',#3840,#3856,#3864,.T.);
#3864 = LINE('',#3865,#3866);
#3865 = CARTESIAN_POINT('',(-1.8,-4.6,1.6));
#3866 = VECTOR('',#3867,1.);
#3867 = DIRECTION('',(0.,0.,1.));
#3868 = PLANE('',#3869);
#3869 = AXIS2_PLACEMENT_3D('',#3870,#3871,#3872);
#3870 = CARTESIAN_POINT('',(-2.54,-4.6,13.8));
#3871 = DIRECTION('',(0.,1.,0.));
#3872 = DIRECTION('',(0.,0.,-1.));
#3873 = ADVANCED_FACE('',(#3874),#3885,.F.);
#3874 = FACE_BOUND('',#3875,.F.);
#3875 = EDGE_LOOP('',(#3876,#3877,#3883,#3884));
#3876 = ORIENTED_EDGE('',*,*,#3464,.T.);
#3877 = ORIENTED_EDGE('',*,*,#3878,.T.);
#3878 = EDGE_CURVE('',#3457,#3787,#3879,.T.);
#3879 = LINE('',#3880,#3881);
#3880 = CARTESIAN_POINT('',(7.62,-4.1,7.4));
#3881 = VECTOR('',#3882,1.);
#3882 = DIRECTION('',(0.,-1.,0.));
#3883 = ORIENTED_EDGE('',*,*,#3786,.F.);
#3884 = ORIENTED_EDGE('',*,*,#3362,.F.);
#3885 = PLANE('',#3886);
#3886 = AXIS2_PLACEMENT_3D('',#3887,#3888,#3889);
#3887 = CARTESIAN_POINT('',(-2.54,-4.1,7.4));
#3888 = DIRECTION('',(0.,0.,-1.));
#3889 = DIRECTION('',(0.,-1.,0.));
#3890 = ADVANCED_FACE('',(#3891),#3923,.T.);
#3891 = FACE_BOUND('',#3892,.T.);
#3892 = EDGE_LOOP('',(#3893,#3894,#3895,#3896,#3897,#3905,#3913,#3919,
    #3920,#3921,#3922));
#3893 = ORIENTED_EDGE('',*,*,#3456,.T.);
#3894 = ORIENTED_EDGE('',*,*,#3878,.T.);
#3895 = ORIENTED_EDGE('',*,*,#3794,.T.);
#3896 = ORIENTED_EDGE('',*,*,#3630,.T.);
#3897 = ORIENTED_EDGE('',*,*,#3898,.T.);
#3898 = EDGE_CURVE('',#3623,#3899,#3901,.T.);
#3899 = VERTEX_POINT('',#3900);
#3900 = CARTESIAN_POINT('',(7.62,-3.83,7.));
#3901 = LINE('',#3902,#3903);
#3902 = CARTESIAN_POINT('',(7.62,-3.83,0.));
#3903 = VECTOR('',#3904,1.);
#3904 = DIRECTION('',(0.,0.,1.));
#3905 = ORIENTED_EDGE('',*,*,#3906,.T.);
#3906 = EDGE_CURVE('',#3899,#3907,#3909,.T.);
#3907 = VERTEX_POINT('',#3908);
#3908 = CARTESIAN_POINT('',(7.62,-3.37,7.));
#3909 = LINE('',#3910,#3911);
#3910 = CARTESIAN_POINT('',(7.62,-3.83,7.));
#3911 = VECTOR('',#3912,1.);
#3912 = DIRECTION('',(-3.861645303044E-15,1.,0.));
#3913 = ORIENTED_EDGE('',*,*,#3914,.F.);
#3914 = EDGE_CURVE('',#3599,#3907,#3915,.T.);
#3915 = LINE('',#3916,#3917);
#3916 = CARTESIAN_POINT('',(7.62,-3.37,0.));
#3917 = VECTOR('',#3918,1.);
#3918 = DIRECTION('',(0.,0.,1.));
#3919 = ORIENTED_EDGE('',*,*,#3598,.T.);
#3920 = ORIENTED_EDGE('',*,*,#3558,.T.);
#3921 = ORIENTED_EDGE('',*,*,#3526,.F.);
#3922 = ORIENTED_EDGE('',*,*,#3488,.T.);
#3923 = PLANE('',#3924);
#3924 = AXIS2_PLACEMENT_3D('',#3925,#3926,#3927);
#3925 = CARTESIAN_POINT('',(7.62,0.3,6.9));
#3926 = DIRECTION('',(1.,0.,0.));
#3927 = DIRECTION('',(0.,0.,1.));
#3928 = ADVANCED_FACE('',(#3929),#4034,.F.);
#3929 = FACE_BOUND('',#3930,.F.);
#3930 = EDGE_LOOP('',(#3931,#3939,#3940,#3941,#3950,#3958,#3967,#3975,
    #3984,#3992,#4001,#4010,#4019,#4027));
#3931 = ORIENTED_EDGE('',*,*,#3932,.F.);
#3932 = EDGE_CURVE('',#3498,#3933,#3935,.T.);
#3933 = VERTEX_POINT('',#3934);
#3934 = CARTESIAN_POINT('',(2.,-0.2,2.4));
#3935 = LINE('',#3936,#3937);
#3936 = CARTESIAN_POINT('',(2.,-0.2,13.8));
#3937 = VECTOR('',#3938,1.);
#3938 = DIRECTION('',(-0.,-0.,-1.));
#3939 = ORIENTED_EDGE('',*,*,#3497,.F.);
#3940 = ORIENTED_EDGE('',*,*,#3932,.T.);
#3941 = ORIENTED_EDGE('',*,*,#3942,.T.);
#3942 = EDGE_CURVE('',#3933,#3943,#3945,.T.);
#3943 = VERTEX_POINT('',#3944);
#3944 = CARTESIAN_POINT('',(1.4,1.228285685709,2.4));
#3945 = CIRCLE('',#3946,2.);
#3946 = AXIS2_PLACEMENT_3D('',#3947,#3948,#3949);
#3947 = CARTESIAN_POINT('',(0.,-0.2,2.4));
#3948 = DIRECTION('',(0.,0.,1.));
#3949 = DIRECTION('',(1.,0.,-0.));
#3950 = ORIENTED_EDGE('',*,*,#3951,.T.);
#3951 = EDGE_CURVE('',#3943,#3952,#3954,.T.);
#3952 = VERTEX_POINT('',#3953);
#3953 = CARTESIAN_POINT('',(1.4,1.228285685709,5.1));
#3954 = LINE('',#3955,#3956);
#3955 = CARTESIAN_POINT('',(1.4,1.228285685709,13.8));
#3956 = VECTOR('',#3957,1.);
#3957 = DIRECTION('',(0.,0.,1.));
#3958 = ORIENTED_EDGE('',*,*,#3959,.T.);
#3959 = EDGE_CURVE('',#3952,#3960,#3962,.T.);
#3960 = VERTEX_POINT('',#3961);
#3961 = CARTESIAN_POINT('',(-1.4,1.228285685709,5.1));
#3962 = CIRCLE('',#3963,2.);
#3963 = AXIS2_PLACEMENT_3D('',#3964,#3965,#3966);
#3964 = CARTESIAN_POINT('',(0.,-0.2,5.1));
#3965 = DIRECTION('',(0.,0.,1.));
#3966 = DIRECTION('',(1.,0.,-0.));
#3967 = ORIENTED_EDGE('',*,*,#3968,.F.);
#3968 = EDGE_CURVE('',#3969,#3960,#3971,.T.);
#3969 = VERTEX_POINT('',#3970);
#3970 = CARTESIAN_POINT('',(-1.4,1.228285685709,2.4));
#3971 = LINE('',#3972,#3973);
#3972 = CARTESIAN_POINT('',(-1.4,1.228285685709,13.8));
#3973 = VECTOR('',#3974,1.);
#3974 = DIRECTION('',(0.,0.,1.));
#3975 = ORIENTED_EDGE('',*,*,#3976,.T.);
#3976 = EDGE_CURVE('',#3969,#3977,#3979,.T.);
#3977 = VERTEX_POINT('',#3978);
#3978 = CARTESIAN_POINT('',(-1.4,-1.628285685709,2.4));
#3979 = CIRCLE('',#3980,2.);
#3980 = AXIS2_PLACEMENT_3D('',#3981,#3982,#3983);
#3981 = CARTESIAN_POINT('',(0.,-0.2,2.4));
#3982 = DIRECTION('',(0.,0.,1.));
#3983 = DIRECTION('',(1.,0.,-0.));
#3984 = ORIENTED_EDGE('',*,*,#3985,.T.);
#3985 = EDGE_CURVE('',#3977,#3986,#3988,.T.);
#3986 = VERTEX_POINT('',#3987);
#3987 = CARTESIAN_POINT('',(-1.4,-1.628285685709,5.1));
#3988 = LINE('',#3989,#3990);
#3989 = CARTESIAN_POINT('',(-1.4,-1.628285685709,13.8));
#3990 = VECTOR('',#3991,1.);
#3991 = DIRECTION('',(0.,0.,1.));
#3992 = ORIENTED_EDGE('',*,*,#3993,.T.);
#3993 = EDGE_CURVE('',#3986,#3994,#3996,.T.);
#3994 = VERTEX_POINT('',#3995);
#3995 = CARTESIAN_POINT('',(-0.871779788708,-2.,5.1));
#3996 = CIRCLE('',#3997,2.);
#3997 = AXIS2_PLACEMENT_3D('',#3998,#3999,#4000);
#3998 = CARTESIAN_POINT('',(0.,-0.2,5.1));
#3999 = DIRECTION('',(0.,0.,1.));
#4000 = DIRECTION('',(1.,0.,-0.));
#4001 = ORIENTED_EDGE('',*,*,#4002,.T.);
#4002 = EDGE_CURVE('',#3994,#4003,#4005,.T.);
#4003 = VERTEX_POINT('',#4004);
#4004 = CARTESIAN_POINT('',(0.871779788708,-2.,5.1));
#4005 = CIRCLE('',#4006,2.);
#4006 = AXIS2_PLACEMENT_3D('',#4007,#4008,#4009);
#4007 = CARTESIAN_POINT('',(0.,-0.2,5.1));
#4008 = DIRECTION('',(0.,0.,1.));
#4009 = DIRECTION('',(1.,0.,-0.));
#4010 = ORIENTED_EDGE('',*,*,#4011,.T.);
#4011 = EDGE_CURVE('',#4003,#4012,#4014,.T.);
#4012 = VERTEX_POINT('',#4013);
#4013 = CARTESIAN_POINT('',(1.4,-1.628285685709,5.1));
#4014 = CIRCLE('',#4015,2.);
#4015 = AXIS2_PLACEMENT_3D('',#4016,#4017,#4018);
#4016 = CARTESIAN_POINT('',(0.,-0.2,5.1));
#4017 = DIRECTION('',(0.,0.,1.));
#4018 = DIRECTION('',(1.,0.,-0.));
#4019 = ORIENTED_EDGE('',*,*,#4020,.F.);
#4020 = EDGE_CURVE('',#4021,#4012,#4023,.T.);
#4021 = VERTEX_POINT('',#4022);
#4022 = CARTESIAN_POINT('',(1.4,-1.628285685709,2.4));
#4023 = LINE('',#4024,#4025);
#4024 = CARTESIAN_POINT('',(1.4,-1.628285685709,13.8));
#4025 = VECTOR('',#4026,1.);
#4026 = DIRECTION('',(0.,0.,1.));
#4027 = ORIENTED_EDGE('',*,*,#4028,.T.);
#4028 = EDGE_CURVE('',#4021,#3933,#4029,.T.);
#4029 = CIRCLE('',#4030,2.);
#4030 = AXIS2_PLACEMENT_3D('',#4031,#4032,#4033);
#4031 = CARTESIAN_POINT('',(0.,-0.2,2.4));
#4032 = DIRECTION('',(0.,0.,1.));
#4033 = DIRECTION('',(1.,0.,-0.));
#4034 = CYLINDRICAL_SURFACE('',#4035,2.);
#4035 = AXIS2_PLACEMENT_3D('',#4036,#4037,#4038);
#4036 = CARTESIAN_POINT('',(0.,-0.2,13.8));
#4037 = DIRECTION('',(0.,0.,1.));
#4038 = DIRECTION('',(1.,0.,-0.));
#4039 = ADVANCED_FACE('',(#4040),#4145,.F.);
#4040 = FACE_BOUND('',#4041,.F.);
#4041 = EDGE_LOOP('',(#4042,#4050,#4051,#4052,#4061,#4069,#4078,#4086,
    #4095,#4103,#4112,#4121,#4130,#4138));
#4042 = ORIENTED_EDGE('',*,*,#4043,.F.);
#4043 = EDGE_CURVE('',#3509,#4044,#4046,.T.);
#4044 = VERTEX_POINT('',#4045);
#4045 = CARTESIAN_POINT('',(7.08,-0.2,2.4));
#4046 = LINE('',#4047,#4048);
#4047 = CARTESIAN_POINT('',(7.08,-0.2,13.8));
#4048 = VECTOR('',#4049,1.);
#4049 = DIRECTION('',(-0.,-0.,-1.));
#4050 = ORIENTED_EDGE('',*,*,#3508,.F.);
#4051 = ORIENTED_EDGE('',*,*,#4043,.T.);
#4052 = ORIENTED_EDGE('',*,*,#4053,.T.);
#4053 = EDGE_CURVE('',#4044,#4054,#4056,.T.);
#4054 = VERTEX_POINT('',#4055);
#4055 = CARTESIAN_POINT('',(6.48,1.228285685709,2.4));
#4056 = CIRCLE('',#4057,2.);
#4057 = AXIS2_PLACEMENT_3D('',#4058,#4059,#4060);
#4058 = CARTESIAN_POINT('',(5.08,-0.2,2.4));
#4059 = DIRECTION('',(0.,0.,1.));
#4060 = DIRECTION('',(1.,0.,-0.));
#4061 = ORIENTED_EDGE('',*,*,#4062,.T.);
#4062 = EDGE_CURVE('',#4054,#4063,#4065,.T.);
#4063 = VERTEX_POINT('',#4064);
#4064 = CARTESIAN_POINT('',(6.48,1.228285685709,5.1));
#4065 = LINE('',#4066,#4067);
#4066 = CARTESIAN_POINT('',(6.48,1.228285685709,13.8));
#4067 = VECTOR('',#4068,1.);
#4068 = DIRECTION('',(0.,0.,1.));
#4069 = ORIENTED_EDGE('',*,*,#4070,.T.);
#4070 = EDGE_CURVE('',#4063,#4071,#4073,.T.);
#4071 = VERTEX_POINT('',#4072);
#4072 = CARTESIAN_POINT('',(3.68,1.228285685708,5.1));
#4073 = CIRCLE('',#4074,2.);
#4074 = AXIS2_PLACEMENT_3D('',#4075,#4076,#4077);
#4075 = CARTESIAN_POINT('',(5.08,-0.2,5.1));
#4076 = DIRECTION('',(0.,0.,1.));
#4077 = DIRECTION('',(1.,0.,-0.));
#4078 = ORIENTED_EDGE('',*,*,#4079,.F.);
#4079 = EDGE_CURVE('',#4080,#4071,#4082,.T.);
#4080 = VERTEX_POINT('',#4081);
#4081 = CARTESIAN_POINT('',(3.68,1.228285685709,2.4));
#4082 = LINE('',#4083,#4084);
#4083 = CARTESIAN_POINT('',(3.68,1.228285685709,13.8));
#4084 = VECTOR('',#4085,1.);
#4085 = DIRECTION('',(0.,0.,1.));
#4086 = ORIENTED_EDGE('',*,*,#4087,.T.);
#4087 = EDGE_CURVE('',#4080,#4088,#4090,.T.);
#4088 = VERTEX_POINT('',#4089);
#4089 = CARTESIAN_POINT('',(3.68,-1.628285685709,2.4));
#4090 = CIRCLE('',#4091,2.);
#4091 = AXIS2_PLACEMENT_3D('',#4092,#4093,#4094);
#4092 = CARTESIAN_POINT('',(5.08,-0.2,2.4));
#4093 = DIRECTION('',(0.,0.,1.));
#4094 = DIRECTION('',(1.,0.,-0.));
#4095 = ORIENTED_EDGE('',*,*,#4096,.T.);
#4096 = EDGE_CURVE('',#4088,#4097,#4099,.T.);
#4097 = VERTEX_POINT('',#4098);
#4098 = CARTESIAN_POINT('',(3.68,-1.628285685708,5.1));
#4099 = LINE('',#4100,#4101);
#4100 = CARTESIAN_POINT('',(3.68,-1.628285685709,13.8));
#4101 = VECTOR('',#4102,1.);
#4102 = DIRECTION('',(0.,0.,1.));
#4103 = ORIENTED_EDGE('',*,*,#4104,.T.);
#4104 = EDGE_CURVE('',#4097,#4105,#4107,.T.);
#4105 = VERTEX_POINT('',#4106);
#4106 = CARTESIAN_POINT('',(4.208220211292,-2.,5.1));
#4107 = CIRCLE('',#4108,2.);
#4108 = AXIS2_PLACEMENT_3D('',#4109,#4110,#4111);
#4109 = CARTESIAN_POINT('',(5.08,-0.2,5.1));
#4110 = DIRECTION('',(0.,0.,1.));
#4111 = DIRECTION('',(1.,0.,-0.));
#4112 = ORIENTED_EDGE('',*,*,#4113,.T.);
#4113 = EDGE_CURVE('',#4105,#4114,#4116,.T.);
#4114 = VERTEX_POINT('',#4115);
#4115 = CARTESIAN_POINT('',(5.951779788708,-2.,5.1));
#4116 = CIRCLE('',#4117,2.);
#4117 = AXIS2_PLACEMENT_3D('',#4118,#4119,#4120);
#4118 = CARTESIAN_POINT('',(5.08,-0.2,5.1));
#4119 = DIRECTION('',(0.,0.,1.));
#4120 = DIRECTION('',(1.,0.,-0.));
#4121 = ORIENTED_EDGE('',*,*,#4122,.T.);
#4122 = EDGE_CURVE('',#4114,#4123,#4125,.T.);
#4123 = VERTEX_POINT('',#4124);
#4124 = CARTESIAN_POINT('',(6.48,-1.628285685709,5.1));
#4125 = CIRCLE('',#4126,2.);
#4126 = AXIS2_PLACEMENT_3D('',#4127,#4128,#4129);
#4127 = CARTESIAN_POINT('',(5.08,-0.2,5.1));
#4128 = DIRECTION('',(0.,0.,1.));
#4129 = DIRECTION('',(1.,0.,-0.));
#4130 = ORIENTED_EDGE('',*,*,#4131,.F.);
#4131 = EDGE_CURVE('',#4132,#4123,#4134,.T.);
#4132 = VERTEX_POINT('',#4133);
#4133 = CARTESIAN_POINT('',(6.48,-1.628285685709,2.4));
#4134 = LINE('',#4135,#4136);
#4135 = CARTESIAN_POINT('',(6.48,-1.628285685709,13.8));
#4136 = VECTOR('',#4137,1.);
#4137 = DIRECTION('',(0.,0.,1.));
#4138 = ORIENTED_EDGE('',*,*,#4139,.T.);
#4139 = EDGE_CURVE('',#4132,#4044,#4140,.T.);
#4140 = CIRCLE('',#4141,2.);
#4141 = AXIS2_PLACEMENT_3D('',#4142,#4143,#4144);
#4142 = CARTESIAN_POINT('',(5.08,-0.2,2.4));
#4143 = DIRECTION('',(0.,0.,1.));
#4144 = DIRECTION('',(1.,0.,-0.));
#4145 = CYLINDRICAL_SURFACE('',#4146,2.);
#4146 = AXIS2_PLACEMENT_3D('',#4147,#4148,#4149);
#4147 = CARTESIAN_POINT('',(5.08,-0.2,13.8));
#4148 = DIRECTION('',(0.,0.,1.));
#4149 = DIRECTION('',(1.,0.,-0.));
#4150 = ADVANCED_FACE('',(#4151),#4157,.F.);
#4151 = FACE_BOUND('',#4152,.F.);
#4152 = EDGE_LOOP('',(#4153,#4154,#4155,#4156));
#4153 = ORIENTED_EDGE('',*,*,#3729,.T.);
#4154 = ORIENTED_EDGE('',*,*,#3745,.T.);
#4155 = ORIENTED_EDGE('',*,*,#3768,.F.);
#4156 = ORIENTED_EDGE('',*,*,#3582,.F.);
#4157 = PLANE('',#4158);
#4158 = AXIS2_PLACEMENT_3D('',#4159,#4160,#4161);
#4159 = CARTESIAN_POINT('',(-3.28,-3.14,0.));
#4160 = DIRECTION('',(1.,0.,0.));
#4161 = DIRECTION('',(0.,-1.,0.));
#4162 = ADVANCED_FACE('',(#4163),#4181,.T.);
#4163 = FACE_BOUND('',#4164,.T.);
#4164 = EDGE_LOOP('',(#4165,#4173,#4179,#4180));
#4165 = ORIENTED_EDGE('',*,*,#4166,.T.);
#4166 = EDGE_CURVE('',#3615,#4167,#4169,.T.);
#4167 = VERTEX_POINT('',#4168);
#4168 = CARTESIAN_POINT('',(6.88,-4.06,7.));
#4169 = LINE('',#4170,#4171);
#4170 = CARTESIAN_POINT('',(6.88,-4.06,0.));
#4171 = VECTOR('',#4172,1.);
#4172 = DIRECTION('',(0.,0.,1.));
#4173 = ORIENTED_EDGE('',*,*,#4174,.T.);
#4174 = EDGE_CURVE('',#4167,#3899,#4175,.T.);
#4175 = LINE('',#4176,#4177);
#4176 = CARTESIAN_POINT('',(6.88,-4.06,7.));
#4177 = VECTOR('',#4178,1.);
#4178 = DIRECTION('',(0.954938084056,0.296805080179,0.));
#4179 = ORIENTED_EDGE('',*,*,#3898,.F.);
#4180 = ORIENTED_EDGE('',*,*,#3622,.F.);
#4181 = PLANE('',#4182);
#4182 = AXIS2_PLACEMENT_3D('',#4183,#4184,#4185);
#4183 = CARTESIAN_POINT('',(6.88,-4.06,0.));
#4184 = DIRECTION('',(-0.296805080179,0.954938084056,0.));
#4185 = DIRECTION('',(0.954938084056,0.296805080179,0.));
#4186 = ADVANCED_FACE('',(#4187),#4205,.T.);
#4187 = FACE_BOUND('',#4188,.T.);
#4188 = EDGE_LOOP('',(#4189,#4197,#4203,#4204));
#4189 = ORIENTED_EDGE('',*,*,#4190,.T.);
#4190 = EDGE_CURVE('',#3607,#4191,#4193,.T.);
#4191 = VERTEX_POINT('',#4192);
#4192 = CARTESIAN_POINT('',(6.88,-3.14,7.));
#4193 = LINE('',#4194,#4195);
#4194 = CARTESIAN_POINT('',(6.88,-3.14,0.));
#4195 = VECTOR('',#4196,1.);
#4196 = DIRECTION('',(0.,0.,1.));
#4197 = ORIENTED_EDGE('',*,*,#4198,.T.);
#4198 = EDGE_CURVE('',#4191,#4167,#4199,.T.);
#4199 = LINE('',#4200,#4201);
#4200 = CARTESIAN_POINT('',(6.88,-3.14,7.));
#4201 = VECTOR('',#4202,1.);
#4202 = DIRECTION('',(0.,-1.,0.));
#4203 = ORIENTED_EDGE('',*,*,#4166,.F.);
#4204 = ORIENTED_EDGE('',*,*,#3614,.F.);
#4205 = PLANE('',#4206);
#4206 = AXIS2_PLACEMENT_3D('',#4207,#4208,#4209);
#4207 = CARTESIAN_POINT('',(6.88,-3.14,0.));
#4208 = DIRECTION('',(1.,0.,0.));
#4209 = DIRECTION('',(0.,-1.,0.));
#4210 = ADVANCED_FACE('',(#4211),#4222,.T.);
#4211 = FACE_BOUND('',#4212,.T.);
#4212 = EDGE_LOOP('',(#4213,#4214,#4220,#4221));
#4213 = ORIENTED_EDGE('',*,*,#3914,.T.);
#4214 = ORIENTED_EDGE('',*,*,#4215,.T.);
#4215 = EDGE_CURVE('',#3907,#4191,#4216,.T.);
#4216 = LINE('',#4217,#4218);
#4217 = CARTESIAN_POINT('',(7.62,-3.37,7.));
#4218 = VECTOR('',#4219,1.);
#4219 = DIRECTION('',(-0.954938084056,0.296805080179,0.));
#4220 = ORIENTED_EDGE('',*,*,#4190,.F.);
#4221 = ORIENTED_EDGE('',*,*,#3606,.F.);
#4222 = PLANE('',#4223);
#4223 = AXIS2_PLACEMENT_3D('',#4224,#4225,#4226);
#4224 = CARTESIAN_POINT('',(7.62,-3.37,0.));
#4225 = DIRECTION('',(-0.296805080179,-0.954938084056,0.));
#4226 = DIRECTION('',(-0.954938084056,0.296805080179,0.));
#4227 = ADVANCED_FACE('',(#4228),#4253,.T.);
#4228 = FACE_BOUND('',#4229,.T.);
#4229 = EDGE_LOOP('',(#4230,#4231,#4239,#4247));
#4230 = ORIENTED_EDGE('',*,*,#3646,.T.);
#4231 = ORIENTED_EDGE('',*,*,#4232,.T.);
#4232 = EDGE_CURVE('',#3649,#4233,#4235,.T.);
#4233 = VERTEX_POINT('',#4234);
#4234 = CARTESIAN_POINT('',(-0.45,-0.5,-3.5));
#4235 = LINE('',#4236,#4237);
#4236 = CARTESIAN_POINT('',(-0.45,-0.5,2.4));
#4237 = VECTOR('',#4238,1.);
#4238 = DIRECTION('',(-0.,-0.,-1.));
#4239 = ORIENTED_EDGE('',*,*,#4240,.T.);
#4240 = EDGE_CURVE('',#4233,#4241,#4243,.T.);
#4241 = VERTEX_POINT('',#4242);
#4242 = CARTESIAN_POINT('',(0.45,-0.5,-3.5));
#4243 = LINE('',#4244,#4245);
#4244 = CARTESIAN_POINT('',(-0.45,-0.5,-3.5));
#4245 = VECTOR('',#4246,1.);
#4246 = DIRECTION('',(1.,0.,0.));
#4247 = ORIENTED_EDGE('',*,*,#4248,.F.);
#4248 = EDGE_CURVE('',#3647,#4241,#4249,.T.);
#4249 = LINE('',#4250,#4251);
#4250 = CARTESIAN_POINT('',(0.45,-0.5,2.4));
#4251 = VECTOR('',#4252,1.);
#4252 = DIRECTION('',(-0.,-0.,-1.));
#4253 = PLANE('',#4254);
#4254 = AXIS2_PLACEMENT_3D('',#4255,#4256,#4257);
#4255 = CARTESIAN_POINT('',(-0.45,-0.5,2.4));
#4256 = DIRECTION('',(0.,-1.,0.));
#4257 = DIRECTION('',(1.,0.,0.));
#4258 = ADVANCED_FACE('',(#4259),#4277,.T.);
#4259 = FACE_BOUND('',#4260,.T.);
#4260 = EDGE_LOOP('',(#4261,#4262,#4270,#4276));
#4261 = ORIENTED_EDGE('',*,*,#3672,.T.);
#4262 = ORIENTED_EDGE('',*,*,#4263,.T.);
#4263 = EDGE_CURVE('',#3665,#4264,#4266,.T.);
#4264 = VERTEX_POINT('',#4265);
#4265 = CARTESIAN_POINT('',(-0.45,0.5,-3.5));
#4266 = LINE('',#4267,#4268);
#4267 = CARTESIAN_POINT('',(-0.45,0.5,2.4));
#4268 = VECTOR('',#4269,1.);
#4269 = DIRECTION('',(-0.,-0.,-1.));
#4270 = ORIENTED_EDGE('',*,*,#4271,.T.);
#4271 = EDGE_CURVE('',#4264,#4233,#4272,.T.);
#4272 = LINE('',#4273,#4274);
#4273 = CARTESIAN_POINT('',(-0.45,0.5,-3.5));
#4274 = VECTOR('',#4275,1.);
#4275 = DIRECTION('',(0.,-1.,0.));
#4276 = ORIENTED_EDGE('',*,*,#4232,.F.);
#4277 = PLANE('',#4278);
#4278 = AXIS2_PLACEMENT_3D('',#4279,#4280,#4281);
#4279 = CARTESIAN_POINT('',(-0.45,0.5,2.4));
#4280 = DIRECTION('',(-1.,0.,0.));
#4281 = DIRECTION('',(0.,-1.,0.));
#4282 = ADVANCED_FACE('',(#4283),#4301,.T.);
#4283 = FACE_BOUND('',#4284,.T.);
#4284 = EDGE_LOOP('',(#4285,#4286,#4294,#4300));
#4285 = ORIENTED_EDGE('',*,*,#3664,.T.);
#4286 = ORIENTED_EDGE('',*,*,#4287,.T.);
#4287 = EDGE_CURVE('',#3657,#4288,#4290,.T.);
#4288 = VERTEX_POINT('',#4289);
#4289 = CARTESIAN_POINT('',(0.45,0.5,-3.5));
#4290 = LINE('',#4291,#4292);
#4291 = CARTESIAN_POINT('',(0.45,0.5,2.4));
#4292 = VECTOR('',#4293,1.);
#4293 = DIRECTION('',(-0.,-0.,-1.));
#4294 = ORIENTED_EDGE('',*,*,#4295,.T.);
#4295 = EDGE_CURVE('',#4288,#4264,#4296,.T.);
#4296 = LINE('',#4297,#4298);
#4297 = CARTESIAN_POINT('',(0.45,0.5,-3.5));
#4298 = VECTOR('',#4299,1.);
#4299 = DIRECTION('',(-1.,0.,0.));
#4300 = ORIENTED_EDGE('',*,*,#4263,.F.);
#4301 = PLANE('',#4302);
#4302 = AXIS2_PLACEMENT_3D('',#4303,#4304,#4305);
#4303 = CARTESIAN_POINT('',(0.45,0.5,2.4));
#4304 = DIRECTION('',(0.,1.,0.));
#4305 = DIRECTION('',(-1.,0.,0.));
#4306 = ADVANCED_FACE('',(#4307),#4318,.T.);
#4307 = FACE_BOUND('',#4308,.T.);
#4308 = EDGE_LOOP('',(#4309,#4310,#4311,#4317));
#4309 = ORIENTED_EDGE('',*,*,#3656,.T.);
#4310 = ORIENTED_EDGE('',*,*,#4248,.T.);
#4311 = ORIENTED_EDGE('',*,*,#4312,.T.);
#4312 = EDGE_CURVE('',#4241,#4288,#4313,.T.);
#4313 = LINE('',#4314,#4315);
#4314 = CARTESIAN_POINT('',(0.45,-0.5,-3.5));
#4315 = VECTOR('',#4316,1.);
#4316 = DIRECTION('',(0.,1.,0.));
#4317 = ORIENTED_EDGE('',*,*,#4287,.F.);
#4318 = PLANE('',#4319);
#4319 = AXIS2_PLACEMENT_3D('',#4320,#4321,#4322);
#4320 = CARTESIAN_POINT('',(0.45,-0.5,2.4));
#4321 = DIRECTION('',(1.,0.,0.));
#4322 = DIRECTION('',(-0.,1.,0.));
#4323 = ADVANCED_FACE('',(#4324),#4349,.T.);
#4324 = FACE_BOUND('',#4325,.T.);
#4325 = EDGE_LOOP('',(#4326,#4327,#4335,#4343));
#4326 = ORIENTED_EDGE('',*,*,#3680,.T.);
#4327 = ORIENTED_EDGE('',*,*,#4328,.T.);
#4328 = EDGE_CURVE('',#3683,#4329,#4331,.T.);
#4329 = VERTEX_POINT('',#4330);
#4330 = CARTESIAN_POINT('',(4.63,-0.5,-3.5));
#4331 = LINE('',#4332,#4333);
#4332 = CARTESIAN_POINT('',(4.63,-0.5,2.4));
#4333 = VECTOR('',#4334,1.);
#4334 = DIRECTION('',(-0.,-0.,-1.));
#4335 = ORIENTED_EDGE('',*,*,#4336,.T.);
#4336 = EDGE_CURVE('',#4329,#4337,#4339,.T.);
#4337 = VERTEX_POINT('',#4338);
#4338 = CARTESIAN_POINT('',(5.53,-0.5,-3.5));
#4339 = LINE('',#4340,#4341);
#4340 = CARTESIAN_POINT('',(4.63,-0.5,-3.5));
#4341 = VECTOR('',#4342,1.);
#4342 = DIRECTION('',(1.,0.,0.));
#4343 = ORIENTED_EDGE('',*,*,#4344,.F.);
#4344 = EDGE_CURVE('',#3681,#4337,#4345,.T.);
#4345 = LINE('',#4346,#4347);
#4346 = CARTESIAN_POINT('',(5.53,-0.5,2.4));
#4347 = VECTOR('',#4348,1.);
#4348 = DIRECTION('',(-0.,-0.,-1.));
#4349 = PLANE('',#4350);
#4350 = AXIS2_PLACEMENT_3D('',#4351,#4352,#4353);
#4351 = CARTESIAN_POINT('',(4.63,-0.5,2.4));
#4352 = DIRECTION('',(0.,-1.,0.));
#4353 = DIRECTION('',(1.,0.,0.));
#4354 = ADVANCED_FACE('',(#4355),#4373,.T.);
#4355 = FACE_BOUND('',#4356,.T.);
#4356 = EDGE_LOOP('',(#4357,#4358,#4366,#4372));
#4357 = ORIENTED_EDGE('',*,*,#3706,.T.);
#4358 = ORIENTED_EDGE('',*,*,#4359,.T.);
#4359 = EDGE_CURVE('',#3699,#4360,#4362,.T.);
#4360 = VERTEX_POINT('',#4361);
#4361 = CARTESIAN_POINT('',(4.63,0.5,-3.5));
#4362 = LINE('',#4363,#4364);
#4363 = CARTESIAN_POINT('',(4.63,0.5,2.4));
#4364 = VECTOR('',#4365,1.);
#4365 = DIRECTION('',(-0.,-0.,-1.));
#4366 = ORIENTED_EDGE('',*,*,#4367,.T.);
#4367 = EDGE_CURVE('',#4360,#4329,#4368,.T.);
#4368 = LINE('',#4369,#4370);
#4369 = CARTESIAN_POINT('',(4.63,0.5,-3.5));
#4370 = VECTOR('',#4371,1.);
#4371 = DIRECTION('',(0.,-1.,0.));
#4372 = ORIENTED_EDGE('',*,*,#4328,.F.);
#4373 = PLANE('',#4374);
#4374 = AXIS2_PLACEMENT_3D('',#4375,#4376,#4377);
#4375 = CARTESIAN_POINT('',(4.63,0.5,2.4));
#4376 = DIRECTION('',(-1.,0.,0.));
#4377 = DIRECTION('',(0.,-1.,0.));
#4378 = ADVANCED_FACE('',(#4379),#4397,.T.);
#4379 = FACE_BOUND('',#4380,.T.);
#4380 = EDGE_LOOP('',(#4381,#4382,#4390,#4396));
#4381 = ORIENTED_EDGE('',*,*,#3698,.T.);
#4382 = ORIENTED_EDGE('',*,*,#4383,.T.);
#4383 = EDGE_CURVE('',#3691,#4384,#4386,.T.);
#4384 = VERTEX_POINT('',#4385);
#4385 = CARTESIAN_POINT('',(5.53,0.5,-3.5));
#4386 = LINE('',#4387,#4388);
#4387 = CARTESIAN_POINT('',(5.53,0.5,2.4));
#4388 = VECTOR('',#4389,1.);
#4389 = DIRECTION('',(-0.,-0.,-1.));
#4390 = ORIENTED_EDGE('',*,*,#4391,.T.);
#4391 = EDGE_CURVE('',#4384,#4360,#4392,.T.);
#4392 = LINE('',#4393,#4394);
#4393 = CARTESIAN_POINT('',(5.53,0.5,-3.5));
#4394 = VECTOR('',#4395,1.);
#4395 = DIRECTION('',(-1.,0.,0.));
#4396 = ORIENTED_EDGE('',*,*,#4359,.F.);
#4397 = PLANE('',#4398);
#4398 = AXIS2_PLACEMENT_3D('',#4399,#4400,#4401);
#4399 = CARTESIAN_POINT('',(5.53,0.5,2.4));
#4400 = DIRECTION('',(0.,1.,0.));
#4401 = DIRECTION('',(-1.,0.,0.));
#4402 = ADVANCED_FACE('',(#4403),#4414,.T.);
#4403 = FACE_BOUND('',#4404,.T.);
#4404 = EDGE_LOOP('',(#4405,#4406,#4407,#4413));
#4405 = ORIENTED_EDGE('',*,*,#3690,.T.);
#4406 = ORIENTED_EDGE('',*,*,#4344,.T.);
#4407 = ORIENTED_EDGE('',*,*,#4408,.T.);
#4408 = EDGE_CURVE('',#4337,#4384,#4409,.T.);
#4409 = LINE('',#4410,#4411);
#4410 = CARTESIAN_POINT('',(5.53,-0.5,-3.5));
#4411 = VECTOR('',#4412,1.);
#4412 = DIRECTION('',(0.,1.,0.));
#4413 = ORIENTED_EDGE('',*,*,#4383,.F.);
#4414 = PLANE('',#4415);
#4415 = AXIS2_PLACEMENT_3D('',#4416,#4417,#4418);
#4416 = CARTESIAN_POINT('',(5.53,-0.5,2.4));
#4417 = DIRECTION('',(1.,0.,0.));
#4418 = DIRECTION('',(-0.,1.,0.));
#4419 = ADVANCED_FACE('',(#4420),#4443,.F.);
#4420 = FACE_BOUND('',#4421,.F.);
#4421 = EDGE_LOOP('',(#4422,#4432,#4437,#4438));
#4422 = ORIENTED_EDGE('',*,*,#4423,.T.);
#4423 = EDGE_CURVE('',#4424,#4426,#4428,.T.);
#4424 = VERTEX_POINT('',#4425);
#4425 = CARTESIAN_POINT('',(3.68,-3.8,2.4));
#4426 = VERTEX_POINT('',#4427);
#4427 = CARTESIAN_POINT('',(6.48,-3.8,2.4));
#4428 = LINE('',#4429,#4430);
#4429 = CARTESIAN_POINT('',(3.68,-3.8,2.4));
#4430 = VECTOR('',#4431,1.);
#4431 = DIRECTION('',(1.,0.,0.));
#4432 = ORIENTED_EDGE('',*,*,#4433,.T.);
#4433 = EDGE_CURVE('',#4426,#3804,#4434,.T.);
#4434 = B_SPLINE_CURVE_WITH_KNOTS('',1,(#4435,#4436),.UNSPECIFIED.,.F.,
  .F.,(2,2),(0.,1.),.PIECEWISE_BEZIER_KNOTS.);
#4435 = CARTESIAN_POINT('',(6.48,-3.8,2.4));
#4436 = CARTESIAN_POINT('',(6.88,-4.6,1.6));
#4437 = ORIENTED_EDGE('',*,*,#3803,.T.);
#4438 = ORIENTED_EDGE('',*,*,#4439,.F.);
#4439 = EDGE_CURVE('',#4424,#3806,#4440,.T.);
#4440 = B_SPLINE_CURVE_WITH_KNOTS('',1,(#4441,#4442),.UNSPECIFIED.,.F.,
  .F.,(2,2),(0.,1.),.PIECEWISE_BEZIER_KNOTS.);
#4441 = CARTESIAN_POINT('',(3.68,-3.8,2.4));
#4442 = CARTESIAN_POINT('',(3.28,-4.6,1.6));
#4443 = B_SPLINE_SURFACE_WITH_KNOTS('',1,1,(
    (#4444,#4445)
    ,(#4446,#4447
    )),.UNSPECIFIED.,.F.,.F.,.F.,(2,2),(2,2),(-3.6,0.),(0.,1.),
  .PIECEWISE_BEZIER_KNOTS.);
#4444 = CARTESIAN_POINT('',(3.68,-3.8,2.4));
#4445 = CARTESIAN_POINT('',(3.28,-4.6,1.6));
#4446 = CARTESIAN_POINT('',(6.48,-3.8,2.4));
#4447 = CARTESIAN_POINT('',(6.88,-4.6,1.6));
#4448 = ADVANCED_FACE('',(#4449),#4466,.F.);
#4449 = FACE_BOUND('',#4450,.F.);
#4450 = EDGE_LOOP('',(#4451,#4459,#4464,#4465));
#4451 = ORIENTED_EDGE('',*,*,#4452,.T.);
#4452 = EDGE_CURVE('',#4426,#4453,#4455,.T.);
#4453 = VERTEX_POINT('',#4454);
#4454 = CARTESIAN_POINT('',(6.48,-3.8,5.1));
#4455 = LINE('',#4456,#4457);
#4456 = CARTESIAN_POINT('',(6.48,-3.8,2.4));
#4457 = VECTOR('',#4458,1.);
#4458 = DIRECTION('',(0.,0.,1.));
#4459 = ORIENTED_EDGE('',*,*,#4460,.T.);
#4460 = EDGE_CURVE('',#4453,#3814,#4461,.T.);
#4461 = B_SPLINE_CURVE_WITH_KNOTS('',1,(#4462,#4463),.UNSPECIFIED.,.F.,
  .F.,(2,2),(0.,1.),.PIECEWISE_BEZIER_KNOTS.);
#4462 = CARTESIAN_POINT('',(6.48,-3.8,5.1));
#4463 = CARTESIAN_POINT('',(6.88,-4.6,6.8));
#4464 = ORIENTED_EDGE('',*,*,#3813,.T.);
#4465 = ORIENTED_EDGE('',*,*,#4433,.F.);
#4466 = B_SPLINE_SURFACE_WITH_KNOTS('',1,1,(
    (#4467,#4468)
    ,(#4469,#4470
    )),.UNSPECIFIED.,.F.,.F.,.F.,(2,2),(2,2),(-5.2,0.),(0.,1.),
  .PIECEWISE_BEZIER_KNOTS.);
#4467 = CARTESIAN_POINT('',(6.48,-3.8,2.4));
#4468 = CARTESIAN_POINT('',(6.88,-4.6,1.6));
#4469 = CARTESIAN_POINT('',(6.48,-3.8,5.1));
#4470 = CARTESIAN_POINT('',(6.88,-4.6,6.8));
#4471 = ADVANCED_FACE('',(#4472),#4489,.F.);
#4472 = FACE_BOUND('',#4473,.F.);
#4473 = EDGE_LOOP('',(#4474,#4482,#4483,#4484));
#4474 = ORIENTED_EDGE('',*,*,#4475,.T.);
#4475 = EDGE_CURVE('',#4476,#4424,#4478,.T.);
#4476 = VERTEX_POINT('',#4477);
#4477 = CARTESIAN_POINT('',(3.68,-3.8,5.1));
#4478 = LINE('',#4479,#4480);
#4479 = CARTESIAN_POINT('',(3.68,-3.8,5.1));
#4480 = VECTOR('',#4481,1.);
#4481 = DIRECTION('',(0.,0.,-1.));
#4482 = ORIENTED_EDGE('',*,*,#4439,.T.);
#4483 = ORIENTED_EDGE('',*,*,#3829,.T.);
#4484 = ORIENTED_EDGE('',*,*,#4485,.F.);
#4485 = EDGE_CURVE('',#4476,#3822,#4486,.T.);
#4486 = B_SPLINE_CURVE_WITH_KNOTS('',1,(#4487,#4488),.UNSPECIFIED.,.F.,
  .F.,(2,2),(0.,1.),.PIECEWISE_BEZIER_KNOTS.);
#4487 = CARTESIAN_POINT('',(3.68,-3.8,5.1));
#4488 = CARTESIAN_POINT('',(3.28,-4.6,6.8));
#4489 = B_SPLINE_SURFACE_WITH_KNOTS('',1,1,(
    (#4490,#4491)
    ,(#4492,#4493
    )),.UNSPECIFIED.,.F.,.F.,.F.,(2,2),(2,2),(-5.2,0.),(0.,1.),
  .PIECEWISE_BEZIER_KNOTS.);
#4490 = CARTESIAN_POINT('',(3.68,-3.8,5.1));
#4491 = CARTESIAN_POINT('',(3.28,-4.6,6.8));
#4492 = CARTESIAN_POINT('',(3.68,-3.8,2.4));
#4493 = CARTESIAN_POINT('',(3.28,-4.6,1.6));
#4494 = ADVANCED_FACE('',(#4495),#4506,.F.);
#4495 = FACE_BOUND('',#4496,.F.);
#4496 = EDGE_LOOP('',(#4497,#4503,#4504,#4505));
#4497 = ORIENTED_EDGE('',*,*,#4498,.T.);
#4498 = EDGE_CURVE('',#4453,#4476,#4499,.T.);
#4499 = LINE('',#4500,#4501);
#4500 = CARTESIAN_POINT('',(6.48,-3.8,5.1));
#4501 = VECTOR('',#4502,1.);
#4502 = DIRECTION('',(-1.,0.,0.));
#4503 = ORIENTED_EDGE('',*,*,#4485,.T.);
#4504 = ORIENTED_EDGE('',*,*,#3821,.T.);
#4505 = ORIENTED_EDGE('',*,*,#4460,.F.);
#4506 = B_SPLINE_SURFACE_WITH_KNOTS('',1,1,(
    (#4507,#4508)
    ,(#4509,#4510
    )),.UNSPECIFIED.,.F.,.F.,.F.,(2,2),(2,2),(-3.6,0.),(0.,1.),
  .PIECEWISE_BEZIER_KNOTS.);
#4507 = CARTESIAN_POINT('',(6.48,-3.8,5.1));
#4508 = CARTESIAN_POINT('',(6.88,-4.6,6.8));
#4509 = CARTESIAN_POINT('',(3.68,-3.8,5.1));
#4510 = CARTESIAN_POINT('',(3.28,-4.6,6.8));
#4511 = ADVANCED_FACE('',(#4512),#4535,.F.);
#4512 = FACE_BOUND('',#4513,.F.);
#4513 = EDGE_LOOP('',(#4514,#4524,#4529,#4530));
#4514 = ORIENTED_EDGE('',*,*,#4515,.T.);
#4515 = EDGE_CURVE('',#4516,#4518,#4520,.T.);
#4516 = VERTEX_POINT('',#4517);
#4517 = CARTESIAN_POINT('',(-1.4,-3.8,2.4));
#4518 = VERTEX_POINT('',#4519);
#4519 = CARTESIAN_POINT('',(1.4,-3.8,2.4));
#4520 = LINE('',#4521,#4522);
#4521 = CARTESIAN_POINT('',(-1.4,-3.8,2.4));
#4522 = VECTOR('',#4523,1.);
#4523 = DIRECTION('',(1.,0.,0.));
#4524 = ORIENTED_EDGE('',*,*,#4525,.T.);
#4525 = EDGE_CURVE('',#4518,#3838,#4526,.T.);
#4526 = B_SPLINE_CURVE_WITH_KNOTS('',1,(#4527,#4528),.UNSPECIFIED.,.F.,
  .F.,(2,2),(0.,1.),.PIECEWISE_BEZIER_KNOTS.);
#4527 = CARTESIAN_POINT('',(1.4,-3.8,2.4));
#4528 = CARTESIAN_POINT('',(1.8,-4.6,1.6));
#4529 = ORIENTED_EDGE('',*,*,#3837,.T.);
#4530 = ORIENTED_EDGE('',*,*,#4531,.F.);
#4531 = EDGE_CURVE('',#4516,#3840,#4532,.T.);
#4532 = B_SPLINE_CURVE_WITH_KNOTS('',1,(#4533,#4534),.UNSPECIFIED.,.F.,
  .F.,(2,2),(0.,1.),.PIECEWISE_BEZIER_KNOTS.);
#4533 = CARTESIAN_POINT('',(-1.4,-3.8,2.4));
#4534 = CARTESIAN_POINT('',(-1.8,-4.6,1.6));
#4535 = B_SPLINE_SURFACE_WITH_KNOTS('',1,1,(
    (#4536,#4537)
    ,(#4538,#4539
    )),.UNSPECIFIED.,.F.,.F.,.F.,(2,2),(2,2),(-3.6,0.),(0.,1.),
  .PIECEWISE_BEZIER_KNOTS.);
#4536 = CARTESIAN_POINT('',(-1.4,-3.8,2.4));
#4537 = CARTESIAN_POINT('',(-1.8,-4.6,1.6));
#4538 = CARTESIAN_POINT('',(1.4,-3.8,2.4));
#4539 = CARTESIAN_POINT('',(1.8,-4.6,1.6));
#4540 = ADVANCED_FACE('',(#4541),#4558,.F.);
#4541 = FACE_BOUND('',#4542,.F.);
#4542 = EDGE_LOOP('',(#4543,#4551,#4556,#4557));
#4543 = ORIENTED_EDGE('',*,*,#4544,.T.);
#4544 = EDGE_CURVE('',#4518,#4545,#4547,.T.);
#4545 = VERTEX_POINT('',#4546);
#4546 = CARTESIAN_POINT('',(1.4,-3.8,5.1));
#4547 = LINE('',#4548,#4549);
#4548 = CARTESIAN_POINT('',(1.4,-3.8,2.4));
#4549 = VECTOR('',#4550,1.);
#4550 = DIRECTION('',(0.,0.,1.));
#4551 = ORIENTED_EDGE('',*,*,#4552,.T.);
#4552 = EDGE_CURVE('',#4545,#3848,#4553,.T.);
#4553 = B_SPLINE_CURVE_WITH_KNOTS('',1,(#4554,#4555),.UNSPECIFIED.,.F.,
  .F.,(2,2),(0.,1.),.PIECEWISE_BEZIER_KNOTS.);
#4554 = CARTESIAN_POINT('',(1.4,-3.8,5.1));
#4555 = CARTESIAN_POINT('',(1.8,-4.6,6.8));
#4556 = ORIENTED_EDGE('',*,*,#3847,.T.);
#4557 = ORIENTED_EDGE('',*,*,#4525,.F.);
#4558 = B_SPLINE_SURFACE_WITH_KNOTS('',1,1,(
    (#4559,#4560)
    ,(#4561,#4562
    )),.UNSPECIFIED.,.F.,.F.,.F.,(2,2),(2,2),(-5.2,0.),(0.,1.),
  .PIECEWISE_BEZIER_KNOTS.);
#4559 = CARTESIAN_POINT('',(1.4,-3.8,2.4));
#4560 = CARTESIAN_POINT('',(1.8,-4.6,1.6));
#4561 = CARTESIAN_POINT('',(1.4,-3.8,5.1));
#4562 = CARTESIAN_POINT('',(1.8,-4.6,6.8));
#4563 = ADVANCED_FACE('',(#4564),#4581,.F.);
#4564 = FACE_BOUND('',#4565,.F.);
#4565 = EDGE_LOOP('',(#4566,#4574,#4575,#4576));
#4566 = ORIENTED_EDGE('',*,*,#4567,.T.);
#4567 = EDGE_CURVE('',#4568,#4516,#4570,.T.);
#4568 = VERTEX_POINT('',#4569);
#4569 = CARTESIAN_POINT('',(-1.4,-3.8,5.1));
#4570 = LINE('',#4571,#4572);
#4571 = CARTESIAN_POINT('',(-1.4,-3.8,5.1));
#4572 = VECTOR('',#4573,1.);
#4573 = DIRECTION('',(0.,0.,-1.));
#4574 = ORIENTED_EDGE('',*,*,#4531,.T.);
#4575 = ORIENTED_EDGE('',*,*,#3863,.T.);
#4576 = ORIENTED_EDGE('',*,*,#4577,.F.);
#4577 = EDGE_CURVE('',#4568,#3856,#4578,.T.);
#4578 = B_SPLINE_CURVE_WITH_KNOTS('',1,(#4579,#4580),.UNSPECIFIED.,.F.,
  .F.,(2,2),(0.,1.),.PIECEWISE_BEZIER_KNOTS.);
#4579 = CARTESIAN_POINT('',(-1.4,-3.8,5.1));
#4580 = CARTESIAN_POINT('',(-1.8,-4.6,6.8));
#4581 = B_SPLINE_SURFACE_WITH_KNOTS('',1,1,(
    (#4582,#4583)
    ,(#4584,#4585
    )),.UNSPECIFIED.,.F.,.F.,.F.,(2,2),(2,2),(-5.2,0.),(0.,1.),
  .PIECEWISE_BEZIER_KNOTS.);
#4582 = CARTESIAN_POINT('',(-1.4,-3.8,5.1));
#4583 = CARTESIAN_POINT('',(-1.8,-4.6,6.8));
#4584 = CARTESIAN_POINT('',(-1.4,-3.8,2.4));
#4585 = CARTESIAN_POINT('',(-1.8,-4.6,1.6));
#4586 = ADVANCED_FACE('',(#4587),#4598,.F.);
#4587 = FACE_BOUND('',#4588,.F.);
#4588 = EDGE_LOOP('',(#4589,#4595,#4596,#4597));
#4589 = ORIENTED_EDGE('',*,*,#4590,.T.);
#4590 = EDGE_CURVE('',#4545,#4568,#4591,.T.);
#4591 = LINE('',#4592,#4593);
#4592 = CARTESIAN_POINT('',(1.4,-3.8,5.1));
#4593 = VECTOR('',#4594,1.);
#4594 = DIRECTION('',(-1.,0.,0.));
#4595 = ORIENTED_EDGE('',*,*,#4577,.T.);
#4596 = ORIENTED_EDGE('',*,*,#3855,.T.);
#4597 = ORIENTED_EDGE('',*,*,#4552,.F.);
#4598 = B_SPLINE_SURFACE_WITH_KNOTS('',1,1,(
    (#4599,#4600)
    ,(#4601,#4602
    )),.UNSPECIFIED.,.F.,.F.,.F.,(2,2),(2,2),(-3.6,0.),(0.,1.),
  .PIECEWISE_BEZIER_KNOTS.);
#4599 = CARTESIAN_POINT('',(1.4,-3.8,5.1));
#4600 = CARTESIAN_POINT('',(1.8,-4.6,6.8));
#4601 = CARTESIAN_POINT('',(-1.4,-3.8,5.1));
#4602 = CARTESIAN_POINT('',(-1.8,-4.6,6.8));
#4603 = ADVANCED_FACE('',(#4604),#4610,.F.);
#4604 = FACE_BOUND('',#4605,.F.);
#4605 = EDGE_LOOP('',(#4606,#4607,#4608,#4609));
#4606 = ORIENTED_EDGE('',*,*,#4215,.T.);
#4607 = ORIENTED_EDGE('',*,*,#4198,.T.);
#4608 = ORIENTED_EDGE('',*,*,#4174,.T.);
#4609 = ORIENTED_EDGE('',*,*,#3906,.T.);
#4610 = PLANE('',#4611);
#4611 = AXIS2_PLACEMENT_3D('',#4612,#4613,#4614);
#4612 = CARTESIAN_POINT('',(7.191908064794,-3.6,7.));
#4613 = DIRECTION('',(0.,0.,1.));
#4614 = DIRECTION('',(1.,0.,-0.));
#4615 = ADVANCED_FACE('',(#4616),#4626,.T.);
#4616 = FACE_BOUND('',#4617,.T.);
#4617 = EDGE_LOOP('',(#4618,#4624,#4625));
#4618 = ORIENTED_EDGE('',*,*,#4619,.F.);
#4619 = EDGE_CURVE('',#4021,#3943,#4620,.T.);
#4620 = LINE('',#4621,#4622);
#4621 = CARTESIAN_POINT('',(1.4,-2.,2.4));
#4622 = VECTOR('',#4623,1.);
#4623 = DIRECTION('',(0.,1.,0.));
#4624 = ORIENTED_EDGE('',*,*,#4028,.T.);
#4625 = ORIENTED_EDGE('',*,*,#3942,.T.);
#4626 = PLANE('',#4627);
#4627 = AXIS2_PLACEMENT_3D('',#4628,#4629,#4630);
#4628 = CARTESIAN_POINT('',(7.70491144959E-03,-1.265782005125,2.4));
#4629 = DIRECTION('',(-4.370286341272E-18,-9.017547605327E-17,1.));
#4630 = DIRECTION('',(0.,1.,9.017547605327E-17));
#4631 = ADVANCED_FACE('',(#4632),#4659,.F.);
#4632 = FACE_BOUND('',#4633,.F.);
#4633 = EDGE_LOOP('',(#4634,#4635,#4636,#4644,#4652,#4658));
#4634 = ORIENTED_EDGE('',*,*,#4619,.F.);
#4635 = ORIENTED_EDGE('',*,*,#4020,.T.);
#4636 = ORIENTED_EDGE('',*,*,#4637,.T.);
#4637 = EDGE_CURVE('',#4012,#4638,#4640,.T.);
#4638 = VERTEX_POINT('',#4639);
#4639 = CARTESIAN_POINT('',(1.4,-1.484523257867,5.1));
#4640 = LINE('',#4641,#4642);
#4641 = CARTESIAN_POINT('',(1.4,-2.,5.1));
#4642 = VECTOR('',#4643,1.);
#4643 = DIRECTION('',(0.,1.,0.));
#4644 = ORIENTED_EDGE('',*,*,#4645,.T.);
#4645 = EDGE_CURVE('',#4638,#4646,#4648,.T.);
#4646 = VERTEX_POINT('',#4647);
#4647 = CARTESIAN_POINT('',(1.4,1.084523257867,5.1));
#4648 = LINE('',#4649,#4650);
#4649 = CARTESIAN_POINT('',(1.4,-2.,5.1));
#4650 = VECTOR('',#4651,1.);
#4651 = DIRECTION('',(0.,1.,0.));
#4652 = ORIENTED_EDGE('',*,*,#4653,.T.);
#4653 = EDGE_CURVE('',#4646,#3952,#4654,.T.);
#4654 = LINE('',#4655,#4656);
#4655 = CARTESIAN_POINT('',(1.4,-2.,5.1));
#4656 = VECTOR('',#4657,1.);
#4657 = DIRECTION('',(0.,1.,0.));
#4658 = ORIENTED_EDGE('',*,*,#3951,.F.);
#4659 = PLANE('',#4660);
#4660 = AXIS2_PLACEMENT_3D('',#4661,#4662,#4663);
#4661 = CARTESIAN_POINT('',(1.4,-2.,2.4));
#4662 = DIRECTION('',(-1.,0.,0.));
#4663 = DIRECTION('',(0.,1.,0.));
#4664 = ADVANCED_FACE('',(#4665),#4684,.T.);
#4665 = FACE_BOUND('',#4666,.T.);
#4666 = EDGE_LOOP('',(#4667,#4676,#4682,#4683));
#4667 = ORIENTED_EDGE('',*,*,#4668,.F.);
#4668 = EDGE_CURVE('',#4669,#4638,#4671,.T.);
#4669 = VERTEX_POINT('',#4670);
#4670 = CARTESIAN_POINT('',(0.60827625303,-2.,5.1));
#4671 = CIRCLE('',#4672,1.9);
#4672 = AXIS2_PLACEMENT_3D('',#4673,#4674,#4675);
#4673 = CARTESIAN_POINT('',(0.,-0.2,5.1));
#4674 = DIRECTION('',(0.,0.,1.));
#4675 = DIRECTION('',(1.,0.,-0.));
#4676 = ORIENTED_EDGE('',*,*,#4677,.T.);
#4677 = EDGE_CURVE('',#4669,#4003,#4678,.T.);
#4678 = LINE('',#4679,#4680);
#4679 = CARTESIAN_POINT('',(-1.4,-2.,5.1));
#4680 = VECTOR('',#4681,1.);
#4681 = DIRECTION('',(1.,0.,0.));
#4682 = ORIENTED_EDGE('',*,*,#4011,.T.);
#4683 = ORIENTED_EDGE('',*,*,#4637,.T.);
#4684 = PLANE('',#4685);
#4685 = AXIS2_PLACEMENT_3D('',#4686,#4687,#4688);
#4686 = CARTESIAN_POINT('',(0.,0.,5.1));
#4687 = DIRECTION('',(0.,0.,1.));
#4688 = DIRECTION('',(1.,0.,-0.));
#4689 = ADVANCED_FACE('',(#4690),#4722,.F.);
#4690 = FACE_BOUND('',#4691,.F.);
#4691 = EDGE_LOOP('',(#4692,#4700,#4701,#4709,#4715,#4716));
#4692 = ORIENTED_EDGE('',*,*,#4693,.F.);
#4693 = EDGE_CURVE('',#4568,#4694,#4696,.T.);
#4694 = VERTEX_POINT('',#4695);
#4695 = CARTESIAN_POINT('',(-1.4,-2.,5.1));
#4696 = LINE('',#4697,#4698);
#4697 = CARTESIAN_POINT('',(-1.4,-104.6,5.1));
#4698 = VECTOR('',#4699,1.);
#4699 = DIRECTION('',(0.,1.,0.));
#4700 = ORIENTED_EDGE('',*,*,#4590,.F.);
#4701 = ORIENTED_EDGE('',*,*,#4702,.T.);
#4702 = EDGE_CURVE('',#4545,#4703,#4705,.T.);
#4703 = VERTEX_POINT('',#4704);
#4704 = CARTESIAN_POINT('',(1.4,-2.,5.1));
#4705 = LINE('',#4706,#4707);
#4706 = CARTESIAN_POINT('',(1.4,-104.6,5.1));
#4707 = VECTOR('',#4708,1.);
#4708 = DIRECTION('',(0.,1.,0.));
#4709 = ORIENTED_EDGE('',*,*,#4710,.F.);
#4710 = EDGE_CURVE('',#4003,#4703,#4711,.T.);
#4711 = LINE('',#4712,#4713);
#4712 = CARTESIAN_POINT('',(-1.4,-2.,5.1));
#4713 = VECTOR('',#4714,1.);
#4714 = DIRECTION('',(1.,0.,0.));
#4715 = ORIENTED_EDGE('',*,*,#4002,.F.);
#4716 = ORIENTED_EDGE('',*,*,#4717,.F.);
#4717 = EDGE_CURVE('',#4694,#3994,#4718,.T.);
#4718 = LINE('',#4719,#4720);
#4719 = CARTESIAN_POINT('',(-1.4,-2.,5.1));
#4720 = VECTOR('',#4721,1.);
#4721 = DIRECTION('',(1.,0.,0.));
#4722 = PLANE('',#4723);
#4723 = AXIS2_PLACEMENT_3D('',#4724,#4725,#4726);
#4724 = CARTESIAN_POINT('',(1.4,-104.6,5.1));
#4725 = DIRECTION('',(0.,0.,1.));
#4726 = DIRECTION('',(-1.,0.,0.));
#4727 = ADVANCED_FACE('',(#4728),#4754,.T.);
#4728 = FACE_BOUND('',#4729,.T.);
#4729 = EDGE_LOOP('',(#4730,#4741,#4747,#4748));
#4730 = ORIENTED_EDGE('',*,*,#4731,.F.);
#4731 = EDGE_CURVE('',#4732,#4734,#4736,.T.);
#4732 = VERTEX_POINT('',#4733);
#4733 = CARTESIAN_POINT('',(-1.4,-1.484523257866,5.1));
#4734 = VERTEX_POINT('',#4735);
#4735 = CARTESIAN_POINT('',(-0.60827625303,-2.,5.1));
#4736 = CIRCLE('',#4737,1.9);
#4737 = AXIS2_PLACEMENT_3D('',#4738,#4739,#4740);
#4738 = CARTESIAN_POINT('',(0.,-0.2,5.1));
#4739 = DIRECTION('',(0.,0.,1.));
#4740 = DIRECTION('',(1.,0.,-0.));
#4741 = ORIENTED_EDGE('',*,*,#4742,.T.);
#4742 = EDGE_CURVE('',#4732,#3986,#4743,.T.);
#4743 = LINE('',#4744,#4745);
#4744 = CARTESIAN_POINT('',(-1.4,2.,5.1));
#4745 = VECTOR('',#4746,1.);
#4746 = DIRECTION('',(0.,-1.,0.));
#4747 = ORIENTED_EDGE('',*,*,#3993,.T.);
#4748 = ORIENTED_EDGE('',*,*,#4749,.T.);
#4749 = EDGE_CURVE('',#3994,#4734,#4750,.T.);
#4750 = LINE('',#4751,#4752);
#4751 = CARTESIAN_POINT('',(-1.4,-2.,5.1));
#4752 = VECTOR('',#4753,1.);
#4753 = DIRECTION('',(1.,0.,0.));
#4754 = PLANE('',#4755);
#4755 = AXIS2_PLACEMENT_3D('',#4756,#4757,#4758);
#4756 = CARTESIAN_POINT('',(0.,0.,5.1));
#4757 = DIRECTION('',(0.,0.,1.));
#4758 = DIRECTION('',(1.,0.,-0.));
#4759 = ADVANCED_FACE('',(#4760),#4785,.F.);
#4760 = FACE_BOUND('',#4761,.F.);
#4761 = EDGE_LOOP('',(#4762,#4763,#4771,#4777,#4778,#4779));
#4762 = ORIENTED_EDGE('',*,*,#3968,.T.);
#4763 = ORIENTED_EDGE('',*,*,#4764,.T.);
#4764 = EDGE_CURVE('',#3960,#4765,#4767,.T.);
#4765 = VERTEX_POINT('',#4766);
#4766 = CARTESIAN_POINT('',(-1.4,1.084523257866,5.1));
#4767 = LINE('',#4768,#4769);
#4768 = CARTESIAN_POINT('',(-1.4,2.,5.1));
#4769 = VECTOR('',#4770,1.);
#4770 = DIRECTION('',(0.,-1.,0.));
#4771 = ORIENTED_EDGE('',*,*,#4772,.T.);
#4772 = EDGE_CURVE('',#4765,#4732,#4773,.T.);
#4773 = LINE('',#4774,#4775);
#4774 = CARTESIAN_POINT('',(-1.4,2.,5.1));
#4775 = VECTOR('',#4776,1.);
#4776 = DIRECTION('',(0.,-1.,0.));
#4777 = ORIENTED_EDGE('',*,*,#4742,.T.);
#4778 = ORIENTED_EDGE('',*,*,#3985,.F.);
#4779 = ORIENTED_EDGE('',*,*,#4780,.F.);
#4780 = EDGE_CURVE('',#3969,#3977,#4781,.T.);
#4781 = LINE('',#4782,#4783);
#4782 = CARTESIAN_POINT('',(-1.4,2.,2.4));
#4783 = VECTOR('',#4784,1.);
#4784 = DIRECTION('',(0.,-1.,0.));
#4785 = PLANE('',#4786);
#4786 = AXIS2_PLACEMENT_3D('',#4787,#4788,#4789);
#4787 = CARTESIAN_POINT('',(-1.4,2.,2.4));
#4788 = DIRECTION('',(1.,0.,0.));
#4789 = DIRECTION('',(0.,-1.,0.));
#4790 = ADVANCED_FACE('',(#4791),#4795,.T.);
#4791 = FACE_BOUND('',#4792,.T.);
#4792 = EDGE_LOOP('',(#4793,#4794));
#4793 = ORIENTED_EDGE('',*,*,#3976,.T.);
#4794 = ORIENTED_EDGE('',*,*,#4780,.F.);
#4795 = PLANE('',#4796);
#4796 = AXIS2_PLACEMENT_3D('',#4797,#4798,#4799);
#4797 = CARTESIAN_POINT('',(7.70491144959E-03,-1.265782005125,2.4));
#4798 = DIRECTION('',(-4.370286341272E-18,-9.017547605327E-17,1.));
#4799 = DIRECTION('',(0.,1.,9.017547605327E-17));
#4800 = ADVANCED_FACE('',(#4801),#4813,.T.);
#4801 = FACE_BOUND('',#4802,.T.);
#4802 = EDGE_LOOP('',(#4803,#4804,#4805,#4812));
#4803 = ORIENTED_EDGE('',*,*,#3959,.T.);
#4804 = ORIENTED_EDGE('',*,*,#4764,.T.);
#4805 = ORIENTED_EDGE('',*,*,#4806,.F.);
#4806 = EDGE_CURVE('',#4646,#4765,#4807,.T.);
#4807 = CIRCLE('',#4808,1.9);
#4808 = AXIS2_PLACEMENT_3D('',#4809,#4810,#4811);
#4809 = CARTESIAN_POINT('',(0.,-0.2,5.1));
#4810 = DIRECTION('',(0.,0.,1.));
#4811 = DIRECTION('',(1.,0.,-0.));
#4812 = ORIENTED_EDGE('',*,*,#4653,.T.);
#4813 = PLANE('',#4814);
#4814 = AXIS2_PLACEMENT_3D('',#4815,#4816,#4817);
#4815 = CARTESIAN_POINT('',(0.,0.,5.1));
#4816 = DIRECTION('',(0.,0.,1.));
#4817 = DIRECTION('',(1.,0.,-0.));
#4818 = ADVANCED_FACE('',(#4819),#4829,.T.);
#4819 = FACE_BOUND('',#4820,.T.);
#4820 = EDGE_LOOP('',(#4821,#4827,#4828));
#4821 = ORIENTED_EDGE('',*,*,#4822,.F.);
#4822 = EDGE_CURVE('',#4132,#4054,#4823,.T.);
#4823 = LINE('',#4824,#4825);
#4824 = CARTESIAN_POINT('',(6.48,-2.,2.4));
#4825 = VECTOR('',#4826,1.);
#4826 = DIRECTION('',(0.,1.,0.));
#4827 = ORIENTED_EDGE('',*,*,#4139,.T.);
#4828 = ORIENTED_EDGE('',*,*,#4053,.T.);
#4829 = PLANE('',#4830);
#4830 = AXIS2_PLACEMENT_3D('',#4831,#4832,#4833);
#4831 = CARTESIAN_POINT('',(5.08770491145,-1.265782005125,2.4));
#4832 = DIRECTION('',(-4.370286341272E-18,-9.017547605327E-17,1.));
#4833 = DIRECTION('',(0.,1.,9.017547605327E-17));
#4834 = ADVANCED_FACE('',(#4835),#4862,.F.);
#4835 = FACE_BOUND('',#4836,.F.);
#4836 = EDGE_LOOP('',(#4837,#4838,#4839,#4847,#4855,#4861));
#4837 = ORIENTED_EDGE('',*,*,#4822,.F.);
#4838 = ORIENTED_EDGE('',*,*,#4131,.T.);
#4839 = ORIENTED_EDGE('',*,*,#4840,.T.);
#4840 = EDGE_CURVE('',#4123,#4841,#4843,.T.);
#4841 = VERTEX_POINT('',#4842);
#4842 = CARTESIAN_POINT('',(6.48,-1.484523257867,5.1));
#4843 = LINE('',#4844,#4845);
#4844 = CARTESIAN_POINT('',(6.48,-2.,5.1));
#4845 = VECTOR('',#4846,1.);
#4846 = DIRECTION('',(0.,1.,0.));
#4847 = ORIENTED_EDGE('',*,*,#4848,.T.);
#4848 = EDGE_CURVE('',#4841,#4849,#4851,.T.);
#4849 = VERTEX_POINT('',#4850);
#4850 = CARTESIAN_POINT('',(6.48,1.084523257867,5.1));
#4851 = LINE('',#4852,#4853);
#4852 = CARTESIAN_POINT('',(6.48,-2.,5.1));
#4853 = VECTOR('',#4854,1.);
#4854 = DIRECTION('',(0.,1.,0.));
#4855 = ORIENTED_EDGE('',*,*,#4856,.T.);
#4856 = EDGE_CURVE('',#4849,#4063,#4857,.T.);
#4857 = LINE('',#4858,#4859);
#4858 = CARTESIAN_POINT('',(6.48,-2.,5.1));
#4859 = VECTOR('',#4860,1.);
#4860 = DIRECTION('',(0.,1.,0.));
#4861 = ORIENTED_EDGE('',*,*,#4062,.F.);
#4862 = PLANE('',#4863);
#4863 = AXIS2_PLACEMENT_3D('',#4864,#4865,#4866);
#4864 = CARTESIAN_POINT('',(6.48,-2.,2.4));
#4865 = DIRECTION('',(-1.,0.,0.));
#4866 = DIRECTION('',(0.,1.,0.));
#4867 = ADVANCED_FACE('',(#4868),#4887,.T.);
#4868 = FACE_BOUND('',#4869,.T.);
#4869 = EDGE_LOOP('',(#4870,#4879,#4885,#4886));
#4870 = ORIENTED_EDGE('',*,*,#4871,.F.);
#4871 = EDGE_CURVE('',#4872,#4841,#4874,.T.);
#4872 = VERTEX_POINT('',#4873);
#4873 = CARTESIAN_POINT('',(5.68827625303,-2.,5.1));
#4874 = CIRCLE('',#4875,1.9);
#4875 = AXIS2_PLACEMENT_3D('',#4876,#4877,#4878);
#4876 = CARTESIAN_POINT('',(5.08,-0.2,5.1));
#4877 = DIRECTION('',(0.,0.,1.));
#4878 = DIRECTION('',(1.,0.,-0.));
#4879 = ORIENTED_EDGE('',*,*,#4880,.T.);
#4880 = EDGE_CURVE('',#4872,#4114,#4881,.T.);
#4881 = LINE('',#4882,#4883);
#4882 = CARTESIAN_POINT('',(3.68,-2.,5.1));
#4883 = VECTOR('',#4884,1.);
#4884 = DIRECTION('',(1.,0.,0.));
#4885 = ORIENTED_EDGE('',*,*,#4122,.T.);
#4886 = ORIENTED_EDGE('',*,*,#4840,.T.);
#4887 = PLANE('',#4888);
#4888 = AXIS2_PLACEMENT_3D('',#4889,#4890,#4891);
#4889 = CARTESIAN_POINT('',(5.08,0.,5.1));
#4890 = DIRECTION('',(0.,0.,1.));
#4891 = DIRECTION('',(1.,0.,-0.));
#4892 = ADVANCED_FACE('',(#4893),#4925,.F.);
#4893 = FACE_BOUND('',#4894,.F.);
#4894 = EDGE_LOOP('',(#4895,#4903,#4904,#4912,#4918,#4919));
#4895 = ORIENTED_EDGE('',*,*,#4896,.F.);
#4896 = EDGE_CURVE('',#4476,#4897,#4899,.T.);
#4897 = VERTEX_POINT('',#4898);
#4898 = CARTESIAN_POINT('',(3.68,-2.,5.1));
#4899 = LINE('',#4900,#4901);
#4900 = CARTESIAN_POINT('',(3.68,-104.6,5.1));
#4901 = VECTOR('',#4902,1.);
#4902 = DIRECTION('',(0.,1.,0.));
#4903 = ORIENTED_EDGE('',*,*,#4498,.F.);
#4904 = ORIENTED_EDGE('',*,*,#4905,.T.);
#4905 = EDGE_CURVE('',#4453,#4906,#4908,.T.);
#4906 = VERTEX_POINT('',#4907);
#4907 = CARTESIAN_POINT('',(6.48,-2.,5.1));
#4908 = LINE('',#4909,#4910);
#4909 = CARTESIAN_POINT('',(6.48,-104.6,5.1));
#4910 = VECTOR('',#4911,1.);
#4911 = DIRECTION('',(0.,1.,0.));
#4912 = ORIENTED_EDGE('',*,*,#4913,.F.);
#4913 = EDGE_CURVE('',#4114,#4906,#4914,.T.);
#4914 = LINE('',#4915,#4916);
#4915 = CARTESIAN_POINT('',(3.68,-2.,5.1));
#4916 = VECTOR('',#4917,1.);
#4917 = DIRECTION('',(1.,0.,0.));
#4918 = ORIENTED_EDGE('',*,*,#4113,.F.);
#4919 = ORIENTED_EDGE('',*,*,#4920,.F.);
#4920 = EDGE_CURVE('',#4897,#4105,#4921,.T.);
#4921 = LINE('',#4922,#4923);
#4922 = CARTESIAN_POINT('',(3.68,-2.,5.1));
#4923 = VECTOR('',#4924,1.);
#4924 = DIRECTION('',(1.,0.,0.));
#4925 = PLANE('',#4926);
#4926 = AXIS2_PLACEMENT_3D('',#4927,#4928,#4929);
#4927 = CARTESIAN_POINT('',(6.48,-104.6,5.1));
#4928 = DIRECTION('',(0.,0.,1.));
#4929 = DIRECTION('',(-1.,0.,0.));
#4930 = ADVANCED_FACE('',(#4931),#4957,.T.);
#4931 = FACE_BOUND('',#4932,.T.);
#4932 = EDGE_LOOP('',(#4933,#4944,#4950,#4951));
#4933 = ORIENTED_EDGE('',*,*,#4934,.F.);
#4934 = EDGE_CURVE('',#4935,#4937,#4939,.T.);
#4935 = VERTEX_POINT('',#4936);
#4936 = CARTESIAN_POINT('',(3.68,-1.484523257866,5.1));
#4937 = VERTEX_POINT('',#4938);
#4938 = CARTESIAN_POINT('',(4.47172374697,-2.,5.1));
#4939 = CIRCLE('',#4940,1.9);
#4940 = AXIS2_PLACEMENT_3D('',#4941,#4942,#4943);
#4941 = CARTESIAN_POINT('',(5.08,-0.2,5.1));
#4942 = DIRECTION('',(0.,0.,1.));
#4943 = DIRECTION('',(1.,0.,-0.));
#4944 = ORIENTED_EDGE('',*,*,#4945,.T.);
#4945 = EDGE_CURVE('',#4935,#4097,#4946,.T.);
#4946 = LINE('',#4947,#4948);
#4947 = CARTESIAN_POINT('',(3.68,2.,5.1));
#4948 = VECTOR('',#4949,1.);
#4949 = DIRECTION('',(0.,-1.,0.));
#4950 = ORIENTED_EDGE('',*,*,#4104,.T.);
#4951 = ORIENTED_EDGE('',*,*,#4952,.T.);
#4952 = EDGE_CURVE('',#4105,#4937,#4953,.T.);
#4953 = LINE('',#4954,#4955);
#4954 = CARTESIAN_POINT('',(3.68,-2.,5.1));
#4955 = VECTOR('',#4956,1.);
#4956 = DIRECTION('',(1.,0.,0.));
#4957 = PLANE('',#4958);
#4958 = AXIS2_PLACEMENT_3D('',#4959,#4960,#4961);
#4959 = CARTESIAN_POINT('',(5.08,0.,5.1));
#4960 = DIRECTION('',(0.,0.,1.));
#4961 = DIRECTION('',(1.,0.,-0.));
#4962 = ADVANCED_FACE('',(#4963),#4988,.F.);
#4963 = FACE_BOUND('',#4964,.F.);
#4964 = EDGE_LOOP('',(#4965,#4966,#4974,#4980,#4981,#4982));
#4965 = ORIENTED_EDGE('',*,*,#4079,.T.);
#4966 = ORIENTED_EDGE('',*,*,#4967,.T.);
#4967 = EDGE_CURVE('',#4071,#4968,#4970,.T.);
#4968 = VERTEX_POINT('',#4969);
#4969 = CARTESIAN_POINT('',(3.68,1.084523257866,5.1));
#4970 = LINE('',#4971,#4972);
#4971 = CARTESIAN_POINT('',(3.68,2.,5.1));
#4972 = VECTOR('',#4973,1.);
#4973 = DIRECTION('',(0.,-1.,0.));
#4974 = ORIENTED_EDGE('',*,*,#4975,.T.);
#4975 = EDGE_CURVE('',#4968,#4935,#4976,.T.);
#4976 = LINE('',#4977,#4978);
#4977 = CARTESIAN_POINT('',(3.68,2.,5.1));
#4978 = VECTOR('',#4979,1.);
#4979 = DIRECTION('',(0.,-1.,0.));
#4980 = ORIENTED_EDGE('',*,*,#4945,.T.);
#4981 = ORIENTED_EDGE('',*,*,#4096,.F.);
#4982 = ORIENTED_EDGE('',*,*,#4983,.F.);
#4983 = EDGE_CURVE('',#4080,#4088,#4984,.T.);
#4984 = LINE('',#4985,#4986);
#4985 = CARTESIAN_POINT('',(3.68,2.,2.4));
#4986 = VECTOR('',#4987,1.);
#4987 = DIRECTION('',(0.,-1.,0.));
#4988 = PLANE('',#4989);
#4989 = AXIS2_PLACEMENT_3D('',#4990,#4991,#4992);
#4990 = CARTESIAN_POINT('',(3.68,2.,2.4));
#4991 = DIRECTION('',(1.,0.,0.));
#4992 = DIRECTION('',(0.,-1.,0.));
#4993 = ADVANCED_FACE('',(#4994),#4998,.T.);
#4994 = FACE_BOUND('',#4995,.T.);
#4995 = EDGE_LOOP('',(#4996,#4997));
#4996 = ORIENTED_EDGE('',*,*,#4087,.T.);
#4997 = ORIENTED_EDGE('',*,*,#4983,.F.);
#4998 = PLANE('',#4999);
#4999 = AXIS2_PLACEMENT_3D('',#5000,#5001,#5002);
#5000 = CARTESIAN_POINT('',(5.08770491145,-1.265782005125,2.4));
#5001 = DIRECTION('',(-4.370286341272E-18,-9.017547605327E-17,1.));
#5002 = DIRECTION('',(0.,1.,9.017547605327E-17));
#5003 = ADVANCED_FACE('',(#5004),#5016,.T.);
#5004 = FACE_BOUND('',#5005,.T.);
#5005 = EDGE_LOOP('',(#5006,#5007,#5008,#5015));
#5006 = ORIENTED_EDGE('',*,*,#4070,.T.);
#5007 = ORIENTED_EDGE('',*,*,#4967,.T.);
#5008 = ORIENTED_EDGE('',*,*,#5009,.F.);
#5009 = EDGE_CURVE('',#4849,#4968,#5010,.T.);
#5010 = CIRCLE('',#5011,1.9);
#5011 = AXIS2_PLACEMENT_3D('',#5012,#5013,#5014);
#5012 = CARTESIAN_POINT('',(5.08,-0.2,5.1));
#5013 = DIRECTION('',(0.,0.,1.));
#5014 = DIRECTION('',(1.,0.,-0.));
#5015 = ORIENTED_EDGE('',*,*,#4856,.T.);
#5016 = PLANE('',#5017);
#5017 = AXIS2_PLACEMENT_3D('',#5018,#5019,#5020);
#5018 = CARTESIAN_POINT('',(5.08,0.,5.1));
#5019 = DIRECTION('',(0.,0.,1.));
#5020 = DIRECTION('',(1.,0.,-0.));
#5021 = ADVANCED_FACE('',(#5022),#5028,.F.);
#5022 = FACE_BOUND('',#5023,.F.);
#5023 = EDGE_LOOP('',(#5024,#5025,#5026,#5027));
#5024 = ORIENTED_EDGE('',*,*,#4240,.T.);
#5025 = ORIENTED_EDGE('',*,*,#4312,.T.);
#5026 = ORIENTED_EDGE('',*,*,#4295,.T.);
#5027 = ORIENTED_EDGE('',*,*,#4271,.T.);
#5028 = PLANE('',#5029);
#5029 = AXIS2_PLACEMENT_3D('',#5030,#5031,#5032);
#5030 = CARTESIAN_POINT('',(1.460819769244E-17,1.460819769244E-17,-3.5)
  );
#5031 = DIRECTION('',(0.,0.,1.));
#5032 = DIRECTION('',(1.,0.,-0.));
#5033 = ADVANCED_FACE('',(#5034),#5040,.F.);
#5034 = FACE_BOUND('',#5035,.F.);
#5035 = EDGE_LOOP('',(#5036,#5037,#5038,#5039));
#5036 = ORIENTED_EDGE('',*,*,#4336,.T.);
#5037 = ORIENTED_EDGE('',*,*,#4408,.T.);
#5038 = ORIENTED_EDGE('',*,*,#4391,.T.);
#5039 = ORIENTED_EDGE('',*,*,#4367,.T.);
#5040 = PLANE('',#5041);
#5041 = AXIS2_PLACEMENT_3D('',#5042,#5043,#5044);
#5042 = CARTESIAN_POINT('',(5.08,1.460819769244E-17,-3.5));
#5043 = DIRECTION('',(0.,0.,1.));
#5044 = DIRECTION('',(1.,0.,-0.));
#5045 = ADVANCED_FACE('',(#5046),#5071,.T.);
#5046 = FACE_BOUND('',#5047,.T.);
#5047 = EDGE_LOOP('',(#5048,#5056,#5057,#5065));
#5048 = ORIENTED_EDGE('',*,*,#5049,.F.);
#5049 = EDGE_CURVE('',#4424,#5050,#5052,.T.);
#5050 = VERTEX_POINT('',#5051);
#5051 = CARTESIAN_POINT('',(3.68,-2.,2.4));
#5052 = LINE('',#5053,#5054);
#5053 = CARTESIAN_POINT('',(3.68,-104.6,2.4));
#5054 = VECTOR('',#5055,1.);
#5055 = DIRECTION('',(0.,1.,0.));
#5056 = ORIENTED_EDGE('',*,*,#4423,.T.);
#5057 = ORIENTED_EDGE('',*,*,#5058,.T.);
#5058 = EDGE_CURVE('',#4426,#5059,#5061,.T.);
#5059 = VERTEX_POINT('',#5060);
#5060 = CARTESIAN_POINT('',(6.48,-2.,2.4));
#5061 = LINE('',#5062,#5063);
#5062 = CARTESIAN_POINT('',(6.48,-104.6,2.4));
#5063 = VECTOR('',#5064,1.);
#5064 = DIRECTION('',(0.,1.,0.));
#5065 = ORIENTED_EDGE('',*,*,#5066,.F.);
#5066 = EDGE_CURVE('',#5050,#5059,#5067,.T.);
#5067 = LINE('',#5068,#5069);
#5068 = CARTESIAN_POINT('',(3.68,-2.,2.4));
#5069 = VECTOR('',#5070,1.);
#5070 = DIRECTION('',(1.,0.,0.));
#5071 = PLANE('',#5072);
#5072 = AXIS2_PLACEMENT_3D('',#5073,#5074,#5075);
#5073 = CARTESIAN_POINT('',(5.08770491145,-1.265782005125,2.4));
#5074 = DIRECTION('',(-4.370286341272E-18,-9.017547605327E-17,1.));
#5075 = DIRECTION('',(0.,1.,9.017547605327E-17));
#5076 = ADVANCED_FACE('',(#5077),#5088,.F.);
#5077 = FACE_BOUND('',#5078,.F.);
#5078 = EDGE_LOOP('',(#5079,#5080,#5081,#5082));
#5079 = ORIENTED_EDGE('',*,*,#4905,.F.);
#5080 = ORIENTED_EDGE('',*,*,#4452,.F.);
#5081 = ORIENTED_EDGE('',*,*,#5058,.T.);
#5082 = ORIENTED_EDGE('',*,*,#5083,.T.);
#5083 = EDGE_CURVE('',#5059,#4906,#5084,.T.);
#5084 = LINE('',#5085,#5086);
#5085 = CARTESIAN_POINT('',(6.48,-2.,2.4));
#5086 = VECTOR('',#5087,1.);
#5087 = DIRECTION('',(0.,0.,1.));
#5088 = PLANE('',#5089);
#5089 = AXIS2_PLACEMENT_3D('',#5090,#5091,#5092);
#5090 = CARTESIAN_POINT('',(6.48,-104.6,2.4));
#5091 = DIRECTION('',(1.,0.,0.));
#5092 = DIRECTION('',(0.,0.,1.));
#5093 = ADVANCED_FACE('',(#5094),#5105,.F.);
#5094 = FACE_BOUND('',#5095,.F.);
#5095 = EDGE_LOOP('',(#5096,#5097,#5098,#5099));
#5096 = ORIENTED_EDGE('',*,*,#5049,.F.);
#5097 = ORIENTED_EDGE('',*,*,#4475,.F.);
#5098 = ORIENTED_EDGE('',*,*,#4896,.T.);
#5099 = ORIENTED_EDGE('',*,*,#5100,.F.);
#5100 = EDGE_CURVE('',#5050,#4897,#5101,.T.);
#5101 = LINE('',#5102,#5103);
#5102 = CARTESIAN_POINT('',(3.68,-2.,2.4));
#5103 = VECTOR('',#5104,1.);
#5104 = DIRECTION('',(0.,0.,1.));
#5105 = PLANE('',#5106);
#5106 = AXIS2_PLACEMENT_3D('',#5107,#5108,#5109);
#5107 = CARTESIAN_POINT('',(3.68,-104.6,5.1));
#5108 = DIRECTION('',(-1.,-0.,-0.));
#5109 = DIRECTION('',(0.,0.,-1.));
#5110 = ADVANCED_FACE('',(#5111),#5136,.T.);
#5111 = FACE_BOUND('',#5112,.T.);
#5112 = EDGE_LOOP('',(#5113,#5121,#5122,#5130));
#5113 = ORIENTED_EDGE('',*,*,#5114,.F.);
#5114 = EDGE_CURVE('',#4516,#5115,#5117,.T.);
#5115 = VERTEX_POINT('',#5116);
#5116 = CARTESIAN_POINT('',(-1.4,-2.,2.4));
#5117 = LINE('',#5118,#5119);
#5118 = CARTESIAN_POINT('',(-1.4,-104.6,2.4));
#5119 = VECTOR('',#5120,1.);
#5120 = DIRECTION('',(0.,1.,0.));
#5121 = ORIENTED_EDGE('',*,*,#4515,.T.);
#5122 = ORIENTED_EDGE('',*,*,#5123,.T.);
#5123 = EDGE_CURVE('',#4518,#5124,#5126,.T.);
#5124 = VERTEX_POINT('',#5125);
#5125 = CARTESIAN_POINT('',(1.4,-2.,2.4));
#5126 = LINE('',#5127,#5128);
#5127 = CARTESIAN_POINT('',(1.4,-104.6,2.4));
#5128 = VECTOR('',#5129,1.);
#5129 = DIRECTION('',(0.,1.,0.));
#5130 = ORIENTED_EDGE('',*,*,#5131,.F.);
#5131 = EDGE_CURVE('',#5115,#5124,#5132,.T.);
#5132 = LINE('',#5133,#5134);
#5133 = CARTESIAN_POINT('',(-1.4,-2.,2.4));
#5134 = VECTOR('',#5135,1.);
#5135 = DIRECTION('',(1.,0.,0.));
#5136 = PLANE('',#5137);
#5137 = AXIS2_PLACEMENT_3D('',#5138,#5139,#5140);
#5138 = CARTESIAN_POINT('',(7.70491144959E-03,-1.265782005125,2.4));
#5139 = DIRECTION('',(-4.370286341272E-18,-9.017547605327E-17,1.));
#5140 = DIRECTION('',(0.,1.,9.017547605327E-17));
#5141 = ADVANCED_FACE('',(#5142),#5153,.F.);
#5142 = FACE_BOUND('',#5143,.F.);
#5143 = EDGE_LOOP('',(#5144,#5145,#5146,#5147));
#5144 = ORIENTED_EDGE('',*,*,#4702,.F.);
#5145 = ORIENTED_EDGE('',*,*,#4544,.F.);
#5146 = ORIENTED_EDGE('',*,*,#5123,.T.);
#5147 = ORIENTED_EDGE('',*,*,#5148,.T.);
#5148 = EDGE_CURVE('',#5124,#4703,#5149,.T.);
#5149 = LINE('',#5150,#5151);
#5150 = CARTESIAN_POINT('',(1.4,-2.,2.4));
#5151 = VECTOR('',#5152,1.);
#5152 = DIRECTION('',(0.,0.,1.));
#5153 = PLANE('',#5154);
#5154 = AXIS2_PLACEMENT_3D('',#5155,#5156,#5157);
#5155 = CARTESIAN_POINT('',(1.4,-104.6,2.4));
#5156 = DIRECTION('',(1.,0.,0.));
#5157 = DIRECTION('',(0.,0.,1.));
#5158 = ADVANCED_FACE('',(#5159),#5170,.F.);
#5159 = FACE_BOUND('',#5160,.F.);
#5160 = EDGE_LOOP('',(#5161,#5162,#5163,#5164));
#5161 = ORIENTED_EDGE('',*,*,#5114,.F.);
#5162 = ORIENTED_EDGE('',*,*,#4567,.F.);
#5163 = ORIENTED_EDGE('',*,*,#4693,.T.);
#5164 = ORIENTED_EDGE('',*,*,#5165,.F.);
#5165 = EDGE_CURVE('',#5115,#4694,#5166,.T.);
#5166 = LINE('',#5167,#5168);
#5167 = CARTESIAN_POINT('',(-1.4,-2.,2.4));
#5168 = VECTOR('',#5169,1.);
#5169 = DIRECTION('',(0.,0.,1.));
#5170 = PLANE('',#5171);
#5171 = AXIS2_PLACEMENT_3D('',#5172,#5173,#5174);
#5172 = CARTESIAN_POINT('',(-1.4,-104.6,5.1));
#5173 = DIRECTION('',(-1.,-0.,-0.));
#5174 = DIRECTION('',(0.,0.,-1.));
#5175 = ADVANCED_FACE('',(#5176),#5195,.F.);
#5176 = FACE_BOUND('',#5177,.F.);
#5177 = EDGE_LOOP('',(#5178,#5187,#5194));
#5178 = ORIENTED_EDGE('',*,*,#5179,.T.);
#5179 = EDGE_CURVE('',#4638,#5180,#5182,.T.);
#5180 = VERTEX_POINT('',#5181);
#5181 = CARTESIAN_POINT('',(1.9,-0.2,5.1));
#5182 = CIRCLE('',#5183,1.9);
#5183 = AXIS2_PLACEMENT_3D('',#5184,#5185,#5186);
#5184 = CARTESIAN_POINT('',(0.,-0.2,5.1));
#5185 = DIRECTION('',(0.,0.,1.));
#5186 = DIRECTION('',(1.,0.,-0.));
#5187 = ORIENTED_EDGE('',*,*,#5188,.T.);
#5188 = EDGE_CURVE('',#5180,#4646,#5189,.T.);
#5189 = CIRCLE('',#5190,1.9);
#5190 = AXIS2_PLACEMENT_3D('',#5191,#5192,#5193);
#5191 = CARTESIAN_POINT('',(0.,-0.2,5.1));
#5192 = DIRECTION('',(0.,0.,1.));
#5193 = DIRECTION('',(1.,0.,-0.));
#5194 = ORIENTED_EDGE('',*,*,#4645,.F.);
#5195 = PLANE('',#5196);
#5196 = AXIS2_PLACEMENT_3D('',#5197,#5198,#5199);
#5197 = CARTESIAN_POINT('',(-1.799263332289E-16,-0.2,5.1));
#5198 = DIRECTION('',(0.,0.,1.));
#5199 = DIRECTION('',(1.,0.,-0.));
#5200 = ADVANCED_FACE('',(#5201),#5306,.T.);
#5201 = FACE_BOUND('',#5202,.T.);
#5202 = EDGE_LOOP('',(#5203,#5214,#5222,#5231,#5239,#5248,#5256,#5265,
    #5273,#5280,#5286,#5287,#5288,#5295,#5296,#5303,#5304,#5305));
#5203 = ORIENTED_EDGE('',*,*,#5204,.F.);
#5204 = EDGE_CURVE('',#5205,#5207,#5209,.T.);
#5205 = VERTEX_POINT('',#5206);
#5206 = CARTESIAN_POINT('',(0.35,-2.067484939698,13.6));
#5207 = VERTEX_POINT('',#5208);
#5208 = CARTESIAN_POINT('',(1.9,-0.2,13.6));
#5209 = CIRCLE('',#5210,1.9);
#5210 = AXIS2_PLACEMENT_3D('',#5211,#5212,#5213);
#5211 = CARTESIAN_POINT('',(0.,-0.2,13.6));
#5212 = DIRECTION('',(0.,0.,1.));
#5213 = DIRECTION('',(1.,0.,-0.));
#5214 = ORIENTED_EDGE('',*,*,#5215,.T.);
#5215 = EDGE_CURVE('',#5205,#5216,#5218,.T.);
#5216 = VERTEX_POINT('',#5217);
#5217 = CARTESIAN_POINT('',(0.35,-2.067484939698,12.9));
#5218 = LINE('',#5219,#5220);
#5219 = CARTESIAN_POINT('',(0.35,-2.067484939698,5.1));
#5220 = VECTOR('',#5221,1.);
#5221 = DIRECTION('',(-0.,-0.,-1.));
#5222 = ORIENTED_EDGE('',*,*,#5223,.T.);
#5223 = EDGE_CURVE('',#5216,#5224,#5226,.T.);
#5224 = VERTEX_POINT('',#5225);
#5225 = CARTESIAN_POINT('',(-0.35,-2.067484939698,12.9));
#5226 = CIRCLE('',#5227,1.9);
#5227 = AXIS2_PLACEMENT_3D('',#5228,#5229,#5230);
#5228 = CARTESIAN_POINT('',(0.,-0.2,12.9));
#5229 = DIRECTION('',(0.,0.,-1.));
#5230 = DIRECTION('',(1.,0.,0.));
#5231 = ORIENTED_EDGE('',*,*,#5232,.F.);
#5232 = EDGE_CURVE('',#5233,#5224,#5235,.T.);
#5233 = VERTEX_POINT('',#5234);
#5234 = CARTESIAN_POINT('',(-0.35,-2.067484939698,13.6));
#5235 = LINE('',#5236,#5237);
#5236 = CARTESIAN_POINT('',(-0.35,-2.067484939698,5.1));
#5237 = VECTOR('',#5238,1.);
#5238 = DIRECTION('',(-0.,-0.,-1.));
#5239 = ORIENTED_EDGE('',*,*,#5240,.F.);
#5240 = EDGE_CURVE('',#5241,#5233,#5243,.T.);
#5241 = VERTEX_POINT('',#5242);
#5242 = CARTESIAN_POINT('',(-0.35,1.667484939698,13.6));
#5243 = CIRCLE('',#5244,1.9);
#5244 = AXIS2_PLACEMENT_3D('',#5245,#5246,#5247);
#5245 = CARTESIAN_POINT('',(0.,-0.2,13.6));
#5246 = DIRECTION('',(0.,0.,1.));
#5247 = DIRECTION('',(1.,0.,-0.));
#5248 = ORIENTED_EDGE('',*,*,#5249,.T.);
#5249 = EDGE_CURVE('',#5241,#5250,#5252,.T.);
#5250 = VERTEX_POINT('',#5251);
#5251 = CARTESIAN_POINT('',(-0.35,1.667484939698,12.9));
#5252 = LINE('',#5253,#5254);
#5253 = CARTESIAN_POINT('',(-0.35,1.667484939698,5.1));
#5254 = VECTOR('',#5255,1.);
#5255 = DIRECTION('',(-0.,-0.,-1.));
#5256 = ORIENTED_EDGE('',*,*,#5257,.T.);
#5257 = EDGE_CURVE('',#5250,#5258,#5260,.T.);
#5258 = VERTEX_POINT('',#5259);
#5259 = CARTESIAN_POINT('',(0.35,1.667484939698,12.9));
#5260 = CIRCLE('',#5261,1.9);
#5261 = AXIS2_PLACEMENT_3D('',#5262,#5263,#5264);
#5262 = CARTESIAN_POINT('',(0.,-0.2,12.9));
#5263 = DIRECTION('',(0.,0.,-1.));
#5264 = DIRECTION('',(1.,0.,0.));
#5265 = ORIENTED_EDGE('',*,*,#5266,.F.);
#5266 = EDGE_CURVE('',#5267,#5258,#5269,.T.);
#5267 = VERTEX_POINT('',#5268);
#5268 = CARTESIAN_POINT('',(0.35,1.667484939698,13.6));
#5269 = LINE('',#5270,#5271);
#5270 = CARTESIAN_POINT('',(0.35,1.667484939698,5.1));
#5271 = VECTOR('',#5272,1.);
#5272 = DIRECTION('',(-0.,-0.,-1.));
#5273 = ORIENTED_EDGE('',*,*,#5274,.F.);
#5274 = EDGE_CURVE('',#5207,#5267,#5275,.T.);
#5275 = CIRCLE('',#5276,1.9);
#5276 = AXIS2_PLACEMENT_3D('',#5277,#5278,#5279);
#5277 = CARTESIAN_POINT('',(0.,-0.2,13.6));
#5278 = DIRECTION('',(0.,0.,1.));
#5279 = DIRECTION('',(1.,0.,-0.));
#5280 = ORIENTED_EDGE('',*,*,#5281,.F.);
#5281 = EDGE_CURVE('',#5180,#5207,#5282,.T.);
#5282 = LINE('',#5283,#5284);
#5283 = CARTESIAN_POINT('',(1.9,-0.2,5.1));
#5284 = VECTOR('',#5285,1.);
#5285 = DIRECTION('',(0.,0.,1.));
#5286 = ORIENTED_EDGE('',*,*,#5188,.T.);
#5287 = ORIENTED_EDGE('',*,*,#4806,.T.);
#5288 = ORIENTED_EDGE('',*,*,#5289,.T.);
#5289 = EDGE_CURVE('',#4765,#4732,#5290,.T.);
#5290 = CIRCLE('',#5291,1.9);
#5291 = AXIS2_PLACEMENT_3D('',#5292,#5293,#5294);
#5292 = CARTESIAN_POINT('',(0.,-0.2,5.1));
#5293 = DIRECTION('',(0.,0.,1.));
#5294 = DIRECTION('',(1.,0.,-0.));
#5295 = ORIENTED_EDGE('',*,*,#4731,.T.);
#5296 = ORIENTED_EDGE('',*,*,#5297,.T.);
#5297 = EDGE_CURVE('',#4734,#4669,#5298,.T.);
#5298 = CIRCLE('',#5299,1.9);
#5299 = AXIS2_PLACEMENT_3D('',#5300,#5301,#5302);
#5300 = CARTESIAN_POINT('',(0.,-0.2,5.1));
#5301 = DIRECTION('',(0.,0.,1.));
#5302 = DIRECTION('',(1.,0.,-0.));
#5303 = ORIENTED_EDGE('',*,*,#4668,.T.);
#5304 = ORIENTED_EDGE('',*,*,#5179,.T.);
#5305 = ORIENTED_EDGE('',*,*,#5281,.T.);
#5306 = CYLINDRICAL_SURFACE('',#5307,1.9);
#5307 = AXIS2_PLACEMENT_3D('',#5308,#5309,#5310);
#5308 = CARTESIAN_POINT('',(0.,-0.2,5.1));
#5309 = DIRECTION('',(-0.,-0.,-1.));
#5310 = DIRECTION('',(1.,0.,0.));
#5311 = ADVANCED_FACE('',(#5312,#5327),#5361,.F.);
#5312 = FACE_BOUND('',#5313,.F.);
#5313 = EDGE_LOOP('',(#5314,#5315,#5316,#5317,#5323,#5324,#5325,#5326));
#5314 = ORIENTED_EDGE('',*,*,#5165,.T.);
#5315 = ORIENTED_EDGE('',*,*,#4717,.T.);
#5316 = ORIENTED_EDGE('',*,*,#4749,.T.);
#5317 = ORIENTED_EDGE('',*,*,#5318,.T.);
#5318 = EDGE_CURVE('',#4734,#4669,#5319,.T.);
#5319 = LINE('',#5320,#5321);
#5320 = CARTESIAN_POINT('',(-1.4,-2.,5.1));
#5321 = VECTOR('',#5322,1.);
#5322 = DIRECTION('',(1.,0.,0.));
#5323 = ORIENTED_EDGE('',*,*,#4677,.T.);
#5324 = ORIENTED_EDGE('',*,*,#4710,.T.);
#5325 = ORIENTED_EDGE('',*,*,#5148,.F.);
#5326 = ORIENTED_EDGE('',*,*,#5131,.F.);
#5327 = FACE_BOUND('',#5328,.F.);
#5328 = EDGE_LOOP('',(#5329,#5339,#5347,#5355));
#5329 = ORIENTED_EDGE('',*,*,#5330,.T.);
#5330 = EDGE_CURVE('',#5331,#5333,#5335,.T.);
#5331 = VERTEX_POINT('',#5332);
#5332 = CARTESIAN_POINT('',(-1.25,-2.,5.));
#5333 = VERTEX_POINT('',#5334);
#5334 = CARTESIAN_POINT('',(-1.25,-2.,2.5));
#5335 = LINE('',#5336,#5337);
#5336 = CARTESIAN_POINT('',(-1.25,-2.,5.));
#5337 = VECTOR('',#5338,1.);
#5338 = DIRECTION('',(0.,0.,-1.));
#5339 = ORIENTED_EDGE('',*,*,#5340,.T.);
#5340 = EDGE_CURVE('',#5333,#5341,#5343,.T.);
#5341 = VERTEX_POINT('',#5342);
#5342 = CARTESIAN_POINT('',(1.25,-2.,2.5));
#5343 = LINE('',#5344,#5345);
#5344 = CARTESIAN_POINT('',(-1.25,-2.,2.5));
#5345 = VECTOR('',#5346,1.);
#5346 = DIRECTION('',(1.,0.,0.));
#5347 = ORIENTED_EDGE('',*,*,#5348,.T.);
#5348 = EDGE_CURVE('',#5341,#5349,#5351,.T.);
#5349 = VERTEX_POINT('',#5350);
#5350 = CARTESIAN_POINT('',(1.25,-2.,5.));
#5351 = LINE('',#5352,#5353);
#5352 = CARTESIAN_POINT('',(1.25,-2.,2.5));
#5353 = VECTOR('',#5354,1.);
#5354 = DIRECTION('',(0.,0.,1.));
#5355 = ORIENTED_EDGE('',*,*,#5356,.T.);
#5356 = EDGE_CURVE('',#5349,#5331,#5357,.T.);
#5357 = LINE('',#5358,#5359);
#5358 = CARTESIAN_POINT('',(1.25,-2.,5.));
#5359 = VECTOR('',#5360,1.);
#5360 = DIRECTION('',(-1.,0.,0.));
#5361 = PLANE('',#5362);
#5362 = AXIS2_PLACEMENT_3D('',#5363,#5364,#5365);
#5363 = CARTESIAN_POINT('',(-1.4,-2.,2.4));
#5364 = DIRECTION('',(0.,1.,0.));
#5365 = DIRECTION('',(1.,0.,0.));
#5366 = ADVANCED_FACE('',(#5367),#5371,.F.);
#5367 = FACE_BOUND('',#5368,.F.);
#5368 = EDGE_LOOP('',(#5369,#5370));
#5369 = ORIENTED_EDGE('',*,*,#4772,.F.);
#5370 = ORIENTED_EDGE('',*,*,#5289,.T.);
#5371 = PLANE('',#5372);
#5372 = AXIS2_PLACEMENT_3D('',#5373,#5374,#5375);
#5373 = CARTESIAN_POINT('',(-1.799263332289E-16,-0.2,5.1));
#5374 = DIRECTION('',(0.,0.,1.));
#5375 = DIRECTION('',(1.,0.,-0.));
#5376 = ADVANCED_FACE('',(#5377),#5396,.F.);
#5377 = FACE_BOUND('',#5378,.F.);
#5378 = EDGE_LOOP('',(#5379,#5388,#5395));
#5379 = ORIENTED_EDGE('',*,*,#5380,.T.);
#5380 = EDGE_CURVE('',#4841,#5381,#5383,.T.);
#5381 = VERTEX_POINT('',#5382);
#5382 = CARTESIAN_POINT('',(6.98,-0.2,5.1));
#5383 = CIRCLE('',#5384,1.9);
#5384 = AXIS2_PLACEMENT_3D('',#5385,#5386,#5387);
#5385 = CARTESIAN_POINT('',(5.08,-0.2,5.1));
#5386 = DIRECTION('',(0.,0.,1.));
#5387 = DIRECTION('',(1.,0.,-0.));
#5388 = ORIENTED_EDGE('',*,*,#5389,.T.);
#5389 = EDGE_CURVE('',#5381,#4849,#5390,.T.);
#5390 = CIRCLE('',#5391,1.9);
#5391 = AXIS2_PLACEMENT_3D('',#5392,#5393,#5394);
#5392 = CARTESIAN_POINT('',(5.08,-0.2,5.1));
#5393 = DIRECTION('',(0.,0.,1.));
#5394 = DIRECTION('',(1.,0.,-0.));
#5395 = ORIENTED_EDGE('',*,*,#4848,.F.);
#5396 = PLANE('',#5397);
#5397 = AXIS2_PLACEMENT_3D('',#5398,#5399,#5400);
#5398 = CARTESIAN_POINT('',(5.08,-0.2,5.1));
#5399 = DIRECTION('',(0.,0.,1.));
#5400 = DIRECTION('',(1.,0.,-0.));
#5401 = ADVANCED_FACE('',(#5402),#5507,.T.);
#5402 = FACE_BOUND('',#5403,.T.);
#5403 = EDGE_LOOP('',(#5404,#5415,#5423,#5432,#5440,#5449,#5457,#5466,
    #5474,#5481,#5487,#5488,#5489,#5496,#5497,#5504,#5505,#5506));
#5404 = ORIENTED_EDGE('',*,*,#5405,.F.);
#5405 = EDGE_CURVE('',#5406,#5408,#5410,.T.);
#5406 = VERTEX_POINT('',#5407);
#5407 = CARTESIAN_POINT('',(5.43,-2.067484939698,13.6));
#5408 = VERTEX_POINT('',#5409);
#5409 = CARTESIAN_POINT('',(6.98,-0.2,13.6));
#5410 = CIRCLE('',#5411,1.9);
#5411 = AXIS2_PLACEMENT_3D('',#5412,#5413,#5414);
#5412 = CARTESIAN_POINT('',(5.08,-0.2,13.6));
#5413 = DIRECTION('',(0.,0.,1.));
#5414 = DIRECTION('',(1.,0.,-0.));
#5415 = ORIENTED_EDGE('',*,*,#5416,.T.);
#5416 = EDGE_CURVE('',#5406,#5417,#5419,.T.);
#5417 = VERTEX_POINT('',#5418);
#5418 = CARTESIAN_POINT('',(5.43,-2.067484939698,12.9));
#5419 = LINE('',#5420,#5421);
#5420 = CARTESIAN_POINT('',(5.43,-2.067484939698,5.1));
#5421 = VECTOR('',#5422,1.);
#5422 = DIRECTION('',(-0.,-0.,-1.));
#5423 = ORIENTED_EDGE('',*,*,#5424,.T.);
#5424 = EDGE_CURVE('',#5417,#5425,#5427,.T.);
#5425 = VERTEX_POINT('',#5426);
#5426 = CARTESIAN_POINT('',(4.73,-2.067484939698,12.9));
#5427 = CIRCLE('',#5428,1.9);
#5428 = AXIS2_PLACEMENT_3D('',#5429,#5430,#5431);
#5429 = CARTESIAN_POINT('',(5.08,-0.2,12.9));
#5430 = DIRECTION('',(0.,0.,-1.));
#5431 = DIRECTION('',(1.,0.,0.));
#5432 = ORIENTED_EDGE('',*,*,#5433,.F.);
#5433 = EDGE_CURVE('',#5434,#5425,#5436,.T.);
#5434 = VERTEX_POINT('',#5435);
#5435 = CARTESIAN_POINT('',(4.73,-2.067484939698,13.6));
#5436 = LINE('',#5437,#5438);
#5437 = CARTESIAN_POINT('',(4.73,-2.067484939698,5.1));
#5438 = VECTOR('',#5439,1.);
#5439 = DIRECTION('',(-0.,-0.,-1.));
#5440 = ORIENTED_EDGE('',*,*,#5441,.F.);
#5441 = EDGE_CURVE('',#5442,#5434,#5444,.T.);
#5442 = VERTEX_POINT('',#5443);
#5443 = CARTESIAN_POINT('',(4.73,1.667484939698,13.6));
#5444 = CIRCLE('',#5445,1.9);
#5445 = AXIS2_PLACEMENT_3D('',#5446,#5447,#5448);
#5446 = CARTESIAN_POINT('',(5.08,-0.2,13.6));
#5447 = DIRECTION('',(0.,0.,1.));
#5448 = DIRECTION('',(1.,0.,-0.));
#5449 = ORIENTED_EDGE('',*,*,#5450,.T.);
#5450 = EDGE_CURVE('',#5442,#5451,#5453,.T.);
#5451 = VERTEX_POINT('',#5452);
#5452 = CARTESIAN_POINT('',(4.73,1.667484939698,12.9));
#5453 = LINE('',#5454,#5455);
#5454 = CARTESIAN_POINT('',(4.73,1.667484939698,5.1));
#5455 = VECTOR('',#5456,1.);
#5456 = DIRECTION('',(-0.,-0.,-1.));
#5457 = ORIENTED_EDGE('',*,*,#5458,.T.);
#5458 = EDGE_CURVE('',#5451,#5459,#5461,.T.);
#5459 = VERTEX_POINT('',#5460);
#5460 = CARTESIAN_POINT('',(5.43,1.667484939698,12.9));
#5461 = CIRCLE('',#5462,1.9);
#5462 = AXIS2_PLACEMENT_3D('',#5463,#5464,#5465);
#5463 = CARTESIAN_POINT('',(5.08,-0.2,12.9));
#5464 = DIRECTION('',(0.,0.,-1.));
#5465 = DIRECTION('',(1.,0.,0.));
#5466 = ORIENTED_EDGE('',*,*,#5467,.F.);
#5467 = EDGE_CURVE('',#5468,#5459,#5470,.T.);
#5468 = VERTEX_POINT('',#5469);
#5469 = CARTESIAN_POINT('',(5.43,1.667484939698,13.6));
#5470 = LINE('',#5471,#5472);
#5471 = CARTESIAN_POINT('',(5.43,1.667484939698,5.1));
#5472 = VECTOR('',#5473,1.);
#5473 = DIRECTION('',(-0.,-0.,-1.));
#5474 = ORIENTED_EDGE('',*,*,#5475,.F.);
#5475 = EDGE_CURVE('',#5408,#5468,#5476,.T.);
#5476 = CIRCLE('',#5477,1.9);
#5477 = AXIS2_PLACEMENT_3D('',#5478,#5479,#5480);
#5478 = CARTESIAN_POINT('',(5.08,-0.2,13.6));
#5479 = DIRECTION('',(0.,0.,1.));
#5480 = DIRECTION('',(1.,0.,-0.));
#5481 = ORIENTED_EDGE('',*,*,#5482,.F.);
#5482 = EDGE_CURVE('',#5381,#5408,#5483,.T.);
#5483 = LINE('',#5484,#5485);
#5484 = CARTESIAN_POINT('',(6.98,-0.2,5.1));
#5485 = VECTOR('',#5486,1.);
#5486 = DIRECTION('',(0.,0.,1.));
#5487 = ORIENTED_EDGE('',*,*,#5389,.T.);
#5488 = ORIENTED_EDGE('',*,*,#5009,.T.);
#5489 = ORIENTED_EDGE('',*,*,#5490,.T.);
#5490 = EDGE_CURVE('',#4968,#4935,#5491,.T.);
#5491 = CIRCLE('',#5492,1.9);
#5492 = AXIS2_PLACEMENT_3D('',#5493,#5494,#5495);
#5493 = CARTESIAN_POINT('',(5.08,-0.2,5.1));
#5494 = DIRECTION('',(0.,0.,1.));
#5495 = DIRECTION('',(1.,0.,-0.));
#5496 = ORIENTED_EDGE('',*,*,#4934,.T.);
#5497 = ORIENTED_EDGE('',*,*,#5498,.T.);
#5498 = EDGE_CURVE('',#4937,#4872,#5499,.T.);
#5499 = CIRCLE('',#5500,1.9);
#5500 = AXIS2_PLACEMENT_3D('',#5501,#5502,#5503);
#5501 = CARTESIAN_POINT('',(5.08,-0.2,5.1));
#5502 = DIRECTION('',(0.,0.,1.));
#5503 = DIRECTION('',(1.,0.,-0.));
#5504 = ORIENTED_EDGE('',*,*,#4871,.T.);
#5505 = ORIENTED_EDGE('',*,*,#5380,.T.);
#5506 = ORIENTED_EDGE('',*,*,#5482,.T.);
#5507 = CYLINDRICAL_SURFACE('',#5508,1.9);
#5508 = AXIS2_PLACEMENT_3D('',#5509,#5510,#5511);
#5509 = CARTESIAN_POINT('',(5.08,-0.2,5.1));
#5510 = DIRECTION('',(-0.,-0.,-1.));
#5511 = DIRECTION('',(1.,0.,0.));
#5512 = ADVANCED_FACE('',(#5513,#5528),#5562,.F.);
#5513 = FACE_BOUND('',#5514,.F.);
#5514 = EDGE_LOOP('',(#5515,#5516,#5517,#5518,#5524,#5525,#5526,#5527));
#5515 = ORIENTED_EDGE('',*,*,#5100,.T.);
#5516 = ORIENTED_EDGE('',*,*,#4920,.T.);
#5517 = ORIENTED_EDGE('',*,*,#4952,.T.);
#5518 = ORIENTED_EDGE('',*,*,#5519,.T.);
#5519 = EDGE_CURVE('',#4937,#4872,#5520,.T.);
#5520 = LINE('',#5521,#5522);
#5521 = CARTESIAN_POINT('',(3.68,-2.,5.1));
#5522 = VECTOR('',#5523,1.);
#5523 = DIRECTION('',(1.,0.,0.));
#5524 = ORIENTED_EDGE('',*,*,#4880,.T.);
#5525 = ORIENTED_EDGE('',*,*,#4913,.T.);
#5526 = ORIENTED_EDGE('',*,*,#5083,.F.);
#5527 = ORIENTED_EDGE('',*,*,#5066,.F.);
#5528 = FACE_BOUND('',#5529,.F.);
#5529 = EDGE_LOOP('',(#5530,#5540,#5548,#5556));
#5530 = ORIENTED_EDGE('',*,*,#5531,.T.);
#5531 = EDGE_CURVE('',#5532,#5534,#5536,.T.);
#5532 = VERTEX_POINT('',#5533);
#5533 = CARTESIAN_POINT('',(3.83,-2.,5.));
#5534 = VERTEX_POINT('',#5535);
#5535 = CARTESIAN_POINT('',(3.83,-2.,2.5));
#5536 = LINE('',#5537,#5538);
#5537 = CARTESIAN_POINT('',(3.83,-2.,5.));
#5538 = VECTOR('',#5539,1.);
#5539 = DIRECTION('',(0.,0.,-1.));
#5540 = ORIENTED_EDGE('',*,*,#5541,.T.);
#5541 = EDGE_CURVE('',#5534,#5542,#5544,.T.);
#5542 = VERTEX_POINT('',#5543);
#5543 = CARTESIAN_POINT('',(6.33,-2.,2.5));
#5544 = LINE('',#5545,#5546);
#5545 = CARTESIAN_POINT('',(3.83,-2.,2.5));
#5546 = VECTOR('',#5547,1.);
#5547 = DIRECTION('',(1.,0.,0.));
#5548 = ORIENTED_EDGE('',*,*,#5549,.T.);
#5549 = EDGE_CURVE('',#5542,#5550,#5552,.T.);
#5550 = VERTEX_POINT('',#5551);
#5551 = CARTESIAN_POINT('',(6.33,-2.,5.));
#5552 = LINE('',#5553,#5554);
#5553 = CARTESIAN_POINT('',(6.33,-2.,2.5));
#5554 = VECTOR('',#5555,1.);
#5555 = DIRECTION('',(0.,0.,1.));
#5556 = ORIENTED_EDGE('',*,*,#5557,.T.);
#5557 = EDGE_CURVE('',#5550,#5532,#5558,.T.);
#5558 = LINE('',#5559,#5560);
#5559 = CARTESIAN_POINT('',(6.33,-2.,5.));
#5560 = VECTOR('',#5561,1.);
#5561 = DIRECTION('',(-1.,0.,0.));
#5562 = PLANE('',#5563);
#5563 = AXIS2_PLACEMENT_3D('',#5564,#5565,#5566);
#5564 = CARTESIAN_POINT('',(3.68,-2.,2.4));
#5565 = DIRECTION('',(0.,1.,0.));
#5566 = DIRECTION('',(1.,0.,0.));
#5567 = ADVANCED_FACE('',(#5568),#5572,.F.);
#5568 = FACE_BOUND('',#5569,.F.);
#5569 = EDGE_LOOP('',(#5570,#5571));
#5570 = ORIENTED_EDGE('',*,*,#4975,.F.);
#5571 = ORIENTED_EDGE('',*,*,#5490,.T.);
#5572 = PLANE('',#5573);
#5573 = AXIS2_PLACEMENT_3D('',#5574,#5575,#5576);
#5574 = CARTESIAN_POINT('',(5.08,-0.2,5.1));
#5575 = DIRECTION('',(0.,0.,1.));
#5576 = DIRECTION('',(1.,0.,-0.));
#5577 = ADVANCED_FACE('',(#5578),#5588,.T.);
#5578 = FACE_BOUND('',#5579,.T.);
#5579 = EDGE_LOOP('',(#5580,#5581,#5582));
#5580 = ORIENTED_EDGE('',*,*,#5204,.T.);
#5581 = ORIENTED_EDGE('',*,*,#5274,.T.);
#5582 = ORIENTED_EDGE('',*,*,#5583,.F.);
#5583 = EDGE_CURVE('',#5205,#5267,#5584,.T.);
#5584 = LINE('',#5585,#5586);
#5585 = CARTESIAN_POINT('',(0.35,-2.2,13.6));
#5586 = VECTOR('',#5587,1.);
#5587 = DIRECTION('',(0.,1.,0.));
#5588 = PLANE('',#5589);
#5589 = AXIS2_PLACEMENT_3D('',#5590,#5591,#5592);
#5590 = CARTESIAN_POINT('',(-1.799263332289E-16,-0.2,13.6));
#5591 = DIRECTION('',(0.,0.,1.));
#5592 = DIRECTION('',(1.,0.,-0.));
#5593 = ADVANCED_FACE('',(#5594),#5605,.F.);
#5594 = FACE_BOUND('',#5595,.F.);
#5595 = EDGE_LOOP('',(#5596,#5597,#5598,#5604));
#5596 = ORIENTED_EDGE('',*,*,#5583,.F.);
#5597 = ORIENTED_EDGE('',*,*,#5215,.T.);
#5598 = ORIENTED_EDGE('',*,*,#5599,.T.);
#5599 = EDGE_CURVE('',#5216,#5258,#5600,.T.);
#5600 = LINE('',#5601,#5602);
#5601 = CARTESIAN_POINT('',(0.35,-2.2,12.9));
#5602 = VECTOR('',#5603,1.);
#5603 = DIRECTION('',(0.,1.,0.));
#5604 = ORIENTED_EDGE('',*,*,#5266,.F.);
#5605 = PLANE('',#5606);
#5606 = AXIS2_PLACEMENT_3D('',#5607,#5608,#5609);
#5607 = CARTESIAN_POINT('',(0.35,-2.2,13.6));
#5608 = DIRECTION('',(1.,0.,0.));
#5609 = DIRECTION('',(-0.,1.,0.));
#5610 = ADVANCED_FACE('',(#5611),#5622,.T.);
#5611 = FACE_BOUND('',#5612,.T.);
#5612 = EDGE_LOOP('',(#5613,#5619,#5620,#5621));
#5613 = ORIENTED_EDGE('',*,*,#5614,.T.);
#5614 = EDGE_CURVE('',#5250,#5224,#5615,.T.);
#5615 = LINE('',#5616,#5617);
#5616 = CARTESIAN_POINT('',(-0.35,1.8,12.9));
#5617 = VECTOR('',#5618,1.);
#5618 = DIRECTION('',(0.,-1.,0.));
#5619 = ORIENTED_EDGE('',*,*,#5223,.F.);
#5620 = ORIENTED_EDGE('',*,*,#5599,.T.);
#5621 = ORIENTED_EDGE('',*,*,#5257,.F.);
#5622 = PLANE('',#5623);
#5623 = AXIS2_PLACEMENT_3D('',#5624,#5625,#5626);
#5624 = CARTESIAN_POINT('',(0.,-0.2,12.9));
#5625 = DIRECTION('',(0.,-2.098034322396E-32,1.));
#5626 = DIRECTION('',(0.,1.,2.098034322396E-32));
#5627 = ADVANCED_FACE('',(#5628),#5639,.F.);
#5628 = FACE_BOUND('',#5629,.F.);
#5629 = EDGE_LOOP('',(#5630,#5636,#5637,#5638));
#5630 = ORIENTED_EDGE('',*,*,#5631,.F.);
#5631 = EDGE_CURVE('',#5241,#5233,#5632,.T.);
#5632 = LINE('',#5633,#5634);
#5633 = CARTESIAN_POINT('',(-0.35,1.8,13.6));
#5634 = VECTOR('',#5635,1.);
#5635 = DIRECTION('',(0.,-1.,0.));
#5636 = ORIENTED_EDGE('',*,*,#5249,.T.);
#5637 = ORIENTED_EDGE('',*,*,#5614,.T.);
#5638 = ORIENTED_EDGE('',*,*,#5232,.F.);
#5639 = PLANE('',#5640);
#5640 = AXIS2_PLACEMENT_3D('',#5641,#5642,#5643);
#5641 = CARTESIAN_POINT('',(-0.35,1.8,13.6));
#5642 = DIRECTION('',(-1.,0.,0.));
#5643 = DIRECTION('',(0.,-1.,0.));
#5644 = ADVANCED_FACE('',(#5645),#5649,.T.);
#5645 = FACE_BOUND('',#5646,.T.);
#5646 = EDGE_LOOP('',(#5647,#5648));
#5647 = ORIENTED_EDGE('',*,*,#5631,.F.);
#5648 = ORIENTED_EDGE('',*,*,#5240,.T.);
#5649 = PLANE('',#5650);
#5650 = AXIS2_PLACEMENT_3D('',#5651,#5652,#5653);
#5651 = CARTESIAN_POINT('',(-1.799263332289E-16,-0.2,13.6));
#5652 = DIRECTION('',(0.,0.,1.));
#5653 = DIRECTION('',(1.,0.,-0.));
#5654 = ADVANCED_FACE('',(#5655),#5659,.F.);
#5655 = FACE_BOUND('',#5656,.F.);
#5656 = EDGE_LOOP('',(#5657,#5658));
#5657 = ORIENTED_EDGE('',*,*,#5297,.T.);
#5658 = ORIENTED_EDGE('',*,*,#5318,.F.);
#5659 = PLANE('',#5660);
#5660 = AXIS2_PLACEMENT_3D('',#5661,#5662,#5663);
#5661 = CARTESIAN_POINT('',(-1.799263332289E-16,-0.2,5.1));
#5662 = DIRECTION('',(0.,0.,1.));
#5663 = DIRECTION('',(1.,0.,-0.));
#5664 = ADVANCED_FACE('',(#5665),#5690,.T.);
#5665 = FACE_BOUND('',#5666,.T.);
#5666 = EDGE_LOOP('',(#5667,#5675,#5676,#5684));
#5667 = ORIENTED_EDGE('',*,*,#5668,.T.);
#5668 = EDGE_CURVE('',#5669,#5331,#5671,.T.);
#5669 = VERTEX_POINT('',#5670);
#5670 = CARTESIAN_POINT('',(-1.25,2.,5.));
#5671 = LINE('',#5672,#5673);
#5672 = CARTESIAN_POINT('',(-1.25,2.,5.));
#5673 = VECTOR('',#5674,1.);
#5674 = DIRECTION('',(0.,-1.,0.));
#5675 = ORIENTED_EDGE('',*,*,#5330,.T.);
#5676 = ORIENTED_EDGE('',*,*,#5677,.F.);
#5677 = EDGE_CURVE('',#5678,#5333,#5680,.T.);
#5678 = VERTEX_POINT('',#5679);
#5679 = CARTESIAN_POINT('',(-1.25,2.,2.5));
#5680 = LINE('',#5681,#5682);
#5681 = CARTESIAN_POINT('',(-1.25,2.,2.5));
#5682 = VECTOR('',#5683,1.);
#5683 = DIRECTION('',(0.,-1.,0.));
#5684 = ORIENTED_EDGE('',*,*,#5685,.F.);
#5685 = EDGE_CURVE('',#5669,#5678,#5686,.T.);
#5686 = LINE('',#5687,#5688);
#5687 = CARTESIAN_POINT('',(-1.25,2.,5.));
#5688 = VECTOR('',#5689,1.);
#5689 = DIRECTION('',(0.,0.,-1.));
#5690 = PLANE('',#5691);
#5691 = AXIS2_PLACEMENT_3D('',#5692,#5693,#5694);
#5692 = CARTESIAN_POINT('',(-1.25,2.,5.));
#5693 = DIRECTION('',(1.,0.,0.));
#5694 = DIRECTION('',(0.,0.,-1.));
#5695 = ADVANCED_FACE('',(#5696),#5714,.T.);
#5696 = FACE_BOUND('',#5697,.T.);
#5697 = EDGE_LOOP('',(#5698,#5706,#5707,#5708));
#5698 = ORIENTED_EDGE('',*,*,#5699,.T.);
#5699 = EDGE_CURVE('',#5700,#5349,#5702,.T.);
#5700 = VERTEX_POINT('',#5701);
#5701 = CARTESIAN_POINT('',(1.25,2.,5.));
#5702 = LINE('',#5703,#5704);
#5703 = CARTESIAN_POINT('',(1.25,2.,5.));
#5704 = VECTOR('',#5705,1.);
#5705 = DIRECTION('',(0.,-1.,0.));
#5706 = ORIENTED_EDGE('',*,*,#5356,.T.);
#5707 = ORIENTED_EDGE('',*,*,#5668,.F.);
#5708 = ORIENTED_EDGE('',*,*,#5709,.F.);
#5709 = EDGE_CURVE('',#5700,#5669,#5710,.T.);
#5710 = LINE('',#5711,#5712);
#5711 = CARTESIAN_POINT('',(1.25,2.,5.));
#5712 = VECTOR('',#5713,1.);
#5713 = DIRECTION('',(-1.,0.,0.));
#5714 = PLANE('',#5715);
#5715 = AXIS2_PLACEMENT_3D('',#5716,#5717,#5718);
#5716 = CARTESIAN_POINT('',(1.25,2.,5.));
#5717 = DIRECTION('',(-0.,-0.,-1.));
#5718 = DIRECTION('',(-1.,0.,0.));
#5719 = ADVANCED_FACE('',(#5720),#5738,.T.);
#5720 = FACE_BOUND('',#5721,.T.);
#5721 = EDGE_LOOP('',(#5722,#5730,#5731,#5732));
#5722 = ORIENTED_EDGE('',*,*,#5723,.T.);
#5723 = EDGE_CURVE('',#5724,#5341,#5726,.T.);
#5724 = VERTEX_POINT('',#5725);
#5725 = CARTESIAN_POINT('',(1.25,2.,2.5));
#5726 = LINE('',#5727,#5728);
#5727 = CARTESIAN_POINT('',(1.25,2.,2.5));
#5728 = VECTOR('',#5729,1.);
#5729 = DIRECTION('',(0.,-1.,0.));
#5730 = ORIENTED_EDGE('',*,*,#5348,.T.);
#5731 = ORIENTED_EDGE('',*,*,#5699,.F.);
#5732 = ORIENTED_EDGE('',*,*,#5733,.F.);
#5733 = EDGE_CURVE('',#5724,#5700,#5734,.T.);
#5734 = LINE('',#5735,#5736);
#5735 = CARTESIAN_POINT('',(1.25,2.,2.5));
#5736 = VECTOR('',#5737,1.);
#5737 = DIRECTION('',(0.,0.,1.));
#5738 = PLANE('',#5739);
#5739 = AXIS2_PLACEMENT_3D('',#5740,#5741,#5742);
#5740 = CARTESIAN_POINT('',(1.25,2.,2.5));
#5741 = DIRECTION('',(-1.,0.,0.));
#5742 = DIRECTION('',(0.,0.,1.));
#5743 = ADVANCED_FACE('',(#5744),#5755,.T.);
#5744 = FACE_BOUND('',#5745,.T.);
#5745 = EDGE_LOOP('',(#5746,#5747,#5748,#5749));
#5746 = ORIENTED_EDGE('',*,*,#5677,.T.);
#5747 = ORIENTED_EDGE('',*,*,#5340,.T.);
#5748 = ORIENTED_EDGE('',*,*,#5723,.F.);
#5749 = ORIENTED_EDGE('',*,*,#5750,.F.);
#5750 = EDGE_CURVE('',#5678,#5724,#5751,.T.);
#5751 = LINE('',#5752,#5753);
#5752 = CARTESIAN_POINT('',(-1.25,2.,2.5));
#5753 = VECTOR('',#5754,1.);
#5754 = DIRECTION('',(1.,0.,0.));
#5755 = PLANE('',#5756);
#5756 = AXIS2_PLACEMENT_3D('',#5757,#5758,#5759);
#5757 = CARTESIAN_POINT('',(-1.25,2.,2.5));
#5758 = DIRECTION('',(0.,0.,1.));
#5759 = DIRECTION('',(1.,0.,-0.));
#5760 = ADVANCED_FACE('',(#5761),#5771,.T.);
#5761 = FACE_BOUND('',#5762,.T.);
#5762 = EDGE_LOOP('',(#5763,#5764,#5765));
#5763 = ORIENTED_EDGE('',*,*,#5405,.T.);
#5764 = ORIENTED_EDGE('',*,*,#5475,.T.);
#5765 = ORIENTED_EDGE('',*,*,#5766,.F.);
#5766 = EDGE_CURVE('',#5406,#5468,#5767,.T.);
#5767 = LINE('',#5768,#5769);
#5768 = CARTESIAN_POINT('',(5.43,-2.2,13.6));
#5769 = VECTOR('',#5770,1.);
#5770 = DIRECTION('',(0.,1.,0.));
#5771 = PLANE('',#5772);
#5772 = AXIS2_PLACEMENT_3D('',#5773,#5774,#5775);
#5773 = CARTESIAN_POINT('',(5.08,-0.2,13.6));
#5774 = DIRECTION('',(0.,0.,1.));
#5775 = DIRECTION('',(1.,0.,-0.));
#5776 = ADVANCED_FACE('',(#5777),#5788,.F.);
#5777 = FACE_BOUND('',#5778,.F.);
#5778 = EDGE_LOOP('',(#5779,#5780,#5781,#5787));
#5779 = ORIENTED_EDGE('',*,*,#5766,.F.);
#5780 = ORIENTED_EDGE('',*,*,#5416,.T.);
#5781 = ORIENTED_EDGE('',*,*,#5782,.T.);
#5782 = EDGE_CURVE('',#5417,#5459,#5783,.T.);
#5783 = LINE('',#5784,#5785);
#5784 = CARTESIAN_POINT('',(5.43,-2.2,12.9));
#5785 = VECTOR('',#5786,1.);
#5786 = DIRECTION('',(0.,1.,0.));
#5787 = ORIENTED_EDGE('',*,*,#5467,.F.);
#5788 = PLANE('',#5789);
#5789 = AXIS2_PLACEMENT_3D('',#5790,#5791,#5792);
#5790 = CARTESIAN_POINT('',(5.43,-2.2,13.6));
#5791 = DIRECTION('',(1.,0.,0.));
#5792 = DIRECTION('',(-0.,1.,0.));
#5793 = ADVANCED_FACE('',(#5794),#5805,.T.);
#5794 = FACE_BOUND('',#5795,.T.);
#5795 = EDGE_LOOP('',(#5796,#5802,#5803,#5804));
#5796 = ORIENTED_EDGE('',*,*,#5797,.T.);
#5797 = EDGE_CURVE('',#5451,#5425,#5798,.T.);
#5798 = LINE('',#5799,#5800);
#5799 = CARTESIAN_POINT('',(4.73,1.8,12.9));
#5800 = VECTOR('',#5801,1.);
#5801 = DIRECTION('',(0.,-1.,0.));
#5802 = ORIENTED_EDGE('',*,*,#5424,.F.);
#5803 = ORIENTED_EDGE('',*,*,#5782,.T.);
#5804 = ORIENTED_EDGE('',*,*,#5458,.F.);
#5805 = PLANE('',#5806);
#5806 = AXIS2_PLACEMENT_3D('',#5807,#5808,#5809);
#5807 = CARTESIAN_POINT('',(5.08,-0.2,12.9));
#5808 = DIRECTION('',(0.,-2.098034322396E-32,1.));
#5809 = DIRECTION('',(0.,1.,2.098034322396E-32));
#5810 = ADVANCED_FACE('',(#5811),#5822,.F.);
#5811 = FACE_BOUND('',#5812,.F.);
#5812 = EDGE_LOOP('',(#5813,#5819,#5820,#5821));
#5813 = ORIENTED_EDGE('',*,*,#5814,.F.);
#5814 = EDGE_CURVE('',#5442,#5434,#5815,.T.);
#5815 = LINE('',#5816,#5817);
#5816 = CARTESIAN_POINT('',(4.73,1.8,13.6));
#5817 = VECTOR('',#5818,1.);
#5818 = DIRECTION('',(0.,-1.,0.));
#5819 = ORIENTED_EDGE('',*,*,#5450,.T.);
#5820 = ORIENTED_EDGE('',*,*,#5797,.T.);
#5821 = ORIENTED_EDGE('',*,*,#5433,.F.);
#5822 = PLANE('',#5823);
#5823 = AXIS2_PLACEMENT_3D('',#5824,#5825,#5826);
#5824 = CARTESIAN_POINT('',(4.73,1.8,13.6));
#5825 = DIRECTION('',(-1.,0.,0.));
#5826 = DIRECTION('',(0.,-1.,0.));
#5827 = ADVANCED_FACE('',(#5828),#5832,.T.);
#5828 = FACE_BOUND('',#5829,.T.);
#5829 = EDGE_LOOP('',(#5830,#5831));
#5830 = ORIENTED_EDGE('',*,*,#5814,.F.);
#5831 = ORIENTED_EDGE('',*,*,#5441,.T.);
#5832 = PLANE('',#5833);
#5833 = AXIS2_PLACEMENT_3D('',#5834,#5835,#5836);
#5834 = CARTESIAN_POINT('',(5.08,-0.2,13.6));
#5835 = DIRECTION('',(0.,0.,1.));
#5836 = DIRECTION('',(1.,0.,-0.));
#5837 = ADVANCED_FACE('',(#5838),#5842,.F.);
#5838 = FACE_BOUND('',#5839,.F.);
#5839 = EDGE_LOOP('',(#5840,#5841));
#5840 = ORIENTED_EDGE('',*,*,#5498,.T.);
#5841 = ORIENTED_EDGE('',*,*,#5519,.F.);
#5842 = PLANE('',#5843);
#5843 = AXIS2_PLACEMENT_3D('',#5844,#5845,#5846);
#5844 = CARTESIAN_POINT('',(5.08,-0.2,5.1));
#5845 = DIRECTION('',(0.,0.,1.));
#5846 = DIRECTION('',(1.,0.,-0.));
#5847 = ADVANCED_FACE('',(#5848),#5873,.T.);
#5848 = FACE_BOUND('',#5849,.T.);
#5849 = EDGE_LOOP('',(#5850,#5858,#5859,#5867));
#5850 = ORIENTED_EDGE('',*,*,#5851,.T.);
#5851 = EDGE_CURVE('',#5852,#5532,#5854,.T.);
#5852 = VERTEX_POINT('',#5853);
#5853 = CARTESIAN_POINT('',(3.83,2.,5.));
#5854 = LINE('',#5855,#5856);
#5855 = CARTESIAN_POINT('',(3.83,2.,5.));
#5856 = VECTOR('',#5857,1.);
#5857 = DIRECTION('',(0.,-1.,0.));
#5858 = ORIENTED_EDGE('',*,*,#5531,.T.);
#5859 = ORIENTED_EDGE('',*,*,#5860,.F.);
#5860 = EDGE_CURVE('',#5861,#5534,#5863,.T.);
#5861 = VERTEX_POINT('',#5862);
#5862 = CARTESIAN_POINT('',(3.83,2.,2.5));
#5863 = LINE('',#5864,#5865);
#5864 = CARTESIAN_POINT('',(3.83,2.,2.5));
#5865 = VECTOR('',#5866,1.);
#5866 = DIRECTION('',(0.,-1.,0.));
#5867 = ORIENTED_EDGE('',*,*,#5868,.F.);
#5868 = EDGE_CURVE('',#5852,#5861,#5869,.T.);
#5869 = LINE('',#5870,#5871);
#5870 = CARTESIAN_POINT('',(3.83,2.,5.));
#5871 = VECTOR('',#5872,1.);
#5872 = DIRECTION('',(0.,0.,-1.));
#5873 = PLANE('',#5874);
#5874 = AXIS2_PLACEMENT_3D('',#5875,#5876,#5877);
#5875 = CARTESIAN_POINT('',(3.83,2.,5.));
#5876 = DIRECTION('',(1.,0.,0.));
#5877 = DIRECTION('',(0.,0.,-1.));
#5878 = ADVANCED_FACE('',(#5879),#5897,.T.);
#5879 = FACE_BOUND('',#5880,.T.);
#5880 = EDGE_LOOP('',(#5881,#5889,#5890,#5891));
#5881 = ORIENTED_EDGE('',*,*,#5882,.T.);
#5882 = EDGE_CURVE('',#5883,#5550,#5885,.T.);
#5883 = VERTEX_POINT('',#5884);
#5884 = CARTESIAN_POINT('',(6.33,2.,5.));
#5885 = LINE('',#5886,#5887);
#5886 = CARTESIAN_POINT('',(6.33,2.,5.));
#5887 = VECTOR('',#5888,1.);
#5888 = DIRECTION('',(0.,-1.,0.));
#5889 = ORIENTED_EDGE('',*,*,#5557,.T.);
#5890 = ORIENTED_EDGE('',*,*,#5851,.F.);
#5891 = ORIENTED_EDGE('',*,*,#5892,.F.);
#5892 = EDGE_CURVE('',#5883,#5852,#5893,.T.);
#5893 = LINE('',#5894,#5895);
#5894 = CARTESIAN_POINT('',(6.33,2.,5.));
#5895 = VECTOR('',#5896,1.);
#5896 = DIRECTION('',(-1.,0.,0.));
#5897 = PLANE('',#5898);
#5898 = AXIS2_PLACEMENT_3D('',#5899,#5900,#5901);
#5899 = CARTESIAN_POINT('',(6.33,2.,5.));
#5900 = DIRECTION('',(-0.,-0.,-1.));
#5901 = DIRECTION('',(-1.,0.,0.));
#5902 = ADVANCED_FACE('',(#5903),#5921,.T.);
#5903 = FACE_BOUND('',#5904,.T.);
#5904 = EDGE_LOOP('',(#5905,#5913,#5914,#5915));
#5905 = ORIENTED_EDGE('',*,*,#5906,.T.);
#5906 = EDGE_CURVE('',#5907,#5542,#5909,.T.);
#5907 = VERTEX_POINT('',#5908);
#5908 = CARTESIAN_POINT('',(6.33,2.,2.5));
#5909 = LINE('',#5910,#5911);
#5910 = CARTESIAN_POINT('',(6.33,2.,2.5));
#5911 = VECTOR('',#5912,1.);
#5912 = DIRECTION('',(0.,-1.,0.));
#5913 = ORIENTED_EDGE('',*,*,#5549,.T.);
#5914 = ORIENTED_EDGE('',*,*,#5882,.F.);
#5915 = ORIENTED_EDGE('',*,*,#5916,.F.);
#5916 = EDGE_CURVE('',#5907,#5883,#5917,.T.);
#5917 = LINE('',#5918,#5919);
#5918 = CARTESIAN_POINT('',(6.33,2.,2.5));
#5919 = VECTOR('',#5920,1.);
#5920 = DIRECTION('',(0.,0.,1.));
#5921 = PLANE('',#5922);
#5922 = AXIS2_PLACEMENT_3D('',#5923,#5924,#5925);
#5923 = CARTESIAN_POINT('',(6.33,2.,2.5));
#5924 = DIRECTION('',(-1.,0.,0.));
#5925 = DIRECTION('',(0.,0.,1.));
#5926 = ADVANCED_FACE('',(#5927),#5938,.T.);
#5927 = FACE_BOUND('',#5928,.T.);
#5928 = EDGE_LOOP('',(#5929,#5930,#5931,#5932));
#5929 = ORIENTED_EDGE('',*,*,#5860,.T.);
#5930 = ORIENTED_EDGE('',*,*,#5541,.T.);
#5931 = ORIENTED_EDGE('',*,*,#5906,.F.);
#5932 = ORIENTED_EDGE('',*,*,#5933,.F.);
#5933 = EDGE_CURVE('',#5861,#5907,#5934,.T.);
#5934 = LINE('',#5935,#5936);
#5935 = CARTESIAN_POINT('',(3.83,2.,2.5));
#5936 = VECTOR('',#5937,1.);
#5937 = DIRECTION('',(1.,0.,0.));
#5938 = PLANE('',#5939);
#5939 = AXIS2_PLACEMENT_3D('',#5940,#5941,#5942);
#5940 = CARTESIAN_POINT('',(3.83,2.,2.5));
#5941 = DIRECTION('',(0.,0.,1.));
#5942 = DIRECTION('',(1.,0.,-0.));
#5943 = ADVANCED_FACE('',(#5944),#5950,.T.);
#5944 = FACE_BOUND('',#5945,.T.);
#5945 = EDGE_LOOP('',(#5946,#5947,#5948,#5949));
#5946 = ORIENTED_EDGE('',*,*,#5709,.T.);
#5947 = ORIENTED_EDGE('',*,*,#5685,.T.);
#5948 = ORIENTED_EDGE('',*,*,#5750,.T.);
#5949 = ORIENTED_EDGE('',*,*,#5733,.T.);
#5950 = PLANE('',#5951);
#5951 = AXIS2_PLACEMENT_3D('',#5952,#5953,#5954);
#5952 = CARTESIAN_POINT('',(4.440892098501E-16,2.,3.75));
#5953 = DIRECTION('',(-2.868585109895E-30,-1.,-5.288584893962E-30));
#5954 = DIRECTION('',(0.,5.288584893962E-30,-1.));
#5955 = ADVANCED_FACE('',(#5956),#5962,.T.);
#5956 = FACE_BOUND('',#5957,.T.);
#5957 = EDGE_LOOP('',(#5958,#5959,#5960,#5961));
#5958 = ORIENTED_EDGE('',*,*,#5892,.T.);
#5959 = ORIENTED_EDGE('',*,*,#5868,.T.);
#5960 = ORIENTED_EDGE('',*,*,#5933,.T.);
#5961 = ORIENTED_EDGE('',*,*,#5916,.T.);
#5962 = PLANE('',#5963);
#5963 = AXIS2_PLACEMENT_3D('',#5964,#5965,#5966);
#5964 = CARTESIAN_POINT('',(5.08,2.,3.75));
#5965 = DIRECTION('',(-1.27037340581E-29,-1.,-5.729300301792E-30));
#5966 = DIRECTION('',(-1.,1.27037340581E-29,0.));
#5967 = ( GEOMETRIC_REPRESENTATION_CONTEXT(3) 
GLOBAL_UNCERTAINTY_ASSIGNED_CONTEXT((#5971)) 
GLOBAL_UNIT_ASSIGNED_CONTEXT((#5968,#5969,#5970)) REPRESENTATION_CONTEXT
('Context #1','3D Context with UNIT and UNCERTAINTY') );
#5968 = ( LENGTH_UNIT() NAMED_UNIT(*) SI_UNIT(.MILLI.,.METRE.) );
#5969 = ( NAMED_UNIT(*) PLANE_ANGLE_UNIT() SI_UNIT($,.RADIAN.) );
#5970 = ( NAMED_UNIT(*) SI_UNIT($,.STERADIAN.) SOLID_ANGLE_UNIT() );
#5971 = UNCERTAINTY_MEASURE_WITH_UNIT(LENGTH_MEASURE(1.E-07),#5968,
  'distance_accuracy_value','confusion accuracy');
#5972 = CONTEXT_DEPENDENT_SHAPE_REPRESENTATION(#5973,#5975);
#5973 = ( REPRESENTATION_RELATIONSHIP('','',#3345,#10) 
REPRESENTATION_RELATIONSHIP_WITH_TRANSFORMATION(#5974) 
SHAPE_REPRESENTATION_RELATIONSHIP() );
#5974 = ITEM_DEFINED_TRANSFORMATION('','',#11,#19);
#5975 = PRODUCT_DEFINITION_SHAPE('Placement','Placement of an item',
  #5976);
#5976 = NEXT_ASSEMBLY_USAGE_OCCURRENCE('2','J2','',#5,#3340,$);
#5977 = PRODUCT_RELATED_PRODUCT_CATEGORY('part',$,(#3342));
#5978 = SHAPE_DEFINITION_REPRESENTATION(#5979,#5985);
#5979 = PRODUCT_DEFINITION_SHAPE('','',#5980);
#5980 = PRODUCT_DEFINITION('design','',#5981,#5984);
#5981 = PRODUCT_DEFINITION_FORMATION('','',#5982);
#5982 = PRODUCT('R_0805_2012Metric','R_0805_2012Metric','',(#5983));
#5983 = PRODUCT_CONTEXT('',#2,'mechanical');
#5984 = PRODUCT_DEFINITION_CONTEXT('part definition',#2,'design');
#5985 = ADVANCED_BREP_SHAPE_REPRESENTATION('',(#11,#5986),#6776);
#5986 = MANIFOLD_SOLID_BREP('',#5987);
#5987 = CLOSED_SHELL('',(#5988,#6028,#6111,#6136,#6161,#6228,#6245,#6262
    ,#6311,#6328,#6345,#6394,#6411,#6480,#6511,#6535,#6604,#6628,#6645,
    #6662,#6679,#6696,#6713,#6730,#6747,#6764));
#5988 = ADVANCED_FACE('',(#5989),#6023,.F.);
#5989 = FACE_BOUND('',#5990,.F.);
#5990 = EDGE_LOOP('',(#5991,#6001,#6009,#6017));
#5991 = ORIENTED_EDGE('',*,*,#5992,.F.);
#5992 = EDGE_CURVE('',#5993,#5995,#5997,.T.);
#5993 = VERTEX_POINT('',#5994);
#5994 = CARTESIAN_POINT('',(-1.,-0.6,4.5E-02));
#5995 = VERTEX_POINT('',#5996);
#5996 = CARTESIAN_POINT('',(-1.,-0.6,0.405));
#5997 = LINE('',#5998,#5999);
#5998 = CARTESIAN_POINT('',(-1.,-0.6,0.));
#5999 = VECTOR('',#6000,1.);
#6000 = DIRECTION('',(0.,0.,1.));
#6001 = ORIENTED_EDGE('',*,*,#6002,.T.);
#6002 = EDGE_CURVE('',#5993,#6003,#6005,.T.);
#6003 = VERTEX_POINT('',#6004);
#6004 = CARTESIAN_POINT('',(-1.,0.6,4.5E-02));
#6005 = LINE('',#6006,#6007);
#6006 = CARTESIAN_POINT('',(-1.,-0.6,4.5E-02));
#6007 = VECTOR('',#6008,1.);
#6008 = DIRECTION('',(0.,1.,0.));
#6009 = ORIENTED_EDGE('',*,*,#6010,.T.);
#6010 = EDGE_CURVE('',#6003,#6011,#6013,.T.);
#6011 = VERTEX_POINT('',#6012);
#6012 = CARTESIAN_POINT('',(-1.,0.6,0.405));
#6013 = LINE('',#6014,#6015);
#6014 = CARTESIAN_POINT('',(-1.,0.6,0.));
#6015 = VECTOR('',#6016,1.);
#6016 = DIRECTION('',(0.,0.,1.));
#6017 = ORIENTED_EDGE('',*,*,#6018,.F.);
#6018 = EDGE_CURVE('',#5995,#6011,#6019,.T.);
#6019 = LINE('',#6020,#6021);
#6020 = CARTESIAN_POINT('',(-1.,-0.6,0.405));
#6021 = VECTOR('',#6022,1.);
#6022 = DIRECTION('',(0.,1.,0.));
#6023 = PLANE('',#6024);
#6024 = AXIS2_PLACEMENT_3D('',#6025,#6026,#6027);
#6025 = CARTESIAN_POINT('',(-1.,-0.6,0.));
#6026 = DIRECTION('',(1.,0.,0.));
#6027 = DIRECTION('',(0.,0.,1.));
#6028 = ADVANCED_FACE('',(#6029),#6106,.F.);
#6029 = FACE_BOUND('',#6030,.F.);
#6030 = EDGE_LOOP('',(#6031,#6041,#6048,#6049,#6058,#6066,#6075,#6083,
    #6091,#6099));
#6031 = ORIENTED_EDGE('',*,*,#6032,.F.);
#6032 = EDGE_CURVE('',#6033,#6035,#6037,.T.);
#6033 = VERTEX_POINT('',#6034);
#6034 = CARTESIAN_POINT('',(-0.955,-0.6,-2.775557561563E-17));
#6035 = VERTEX_POINT('',#6036);
#6036 = CARTESIAN_POINT('',(-0.745,-0.6,-2.775557561563E-17));
#6037 = LINE('',#6038,#6039);
#6038 = CARTESIAN_POINT('',(-1.,-0.6,0.));
#6039 = VECTOR('',#6040,1.);
#6040 = DIRECTION('',(1.,0.,0.));
#6041 = ORIENTED_EDGE('',*,*,#6042,.F.);
#6042 = EDGE_CURVE('',#5993,#6033,#6043,.T.);
#6043 = CIRCLE('',#6044,4.5E-02);
#6044 = AXIS2_PLACEMENT_3D('',#6045,#6046,#6047);
#6045 = CARTESIAN_POINT('',(-0.955,-0.6,4.5E-02));
#6046 = DIRECTION('',(0.,-1.,0.));
#6047 = DIRECTION('',(0.,0.,1.));
#6048 = ORIENTED_EDGE('',*,*,#5992,.T.);
#6049 = ORIENTED_EDGE('',*,*,#6050,.T.);
#6050 = EDGE_CURVE('',#5995,#6051,#6053,.T.);
#6051 = VERTEX_POINT('',#6052);
#6052 = CARTESIAN_POINT('',(-0.955,-0.6,0.45));
#6053 = CIRCLE('',#6054,4.5E-02);
#6054 = AXIS2_PLACEMENT_3D('',#6055,#6056,#6057);
#6055 = CARTESIAN_POINT('',(-0.955,-0.6,0.405));
#6056 = DIRECTION('',(0.,1.,0.));
#6057 = DIRECTION('',(0.,-0.,1.));
#6058 = ORIENTED_EDGE('',*,*,#6059,.T.);
#6059 = EDGE_CURVE('',#6051,#6060,#6062,.T.);
#6060 = VERTEX_POINT('',#6061);
#6061 = CARTESIAN_POINT('',(-0.745,-0.6,0.45));
#6062 = LINE('',#6063,#6064);
#6063 = CARTESIAN_POINT('',(-1.,-0.6,0.45));
#6064 = VECTOR('',#6065,1.);
#6065 = DIRECTION('',(1.,0.,0.));
#6066 = ORIENTED_EDGE('',*,*,#6067,.F.);
#6067 = EDGE_CURVE('',#6068,#6060,#6070,.T.);
#6068 = VERTEX_POINT('',#6069);
#6069 = CARTESIAN_POINT('',(-0.7,-0.6,0.405));
#6070 = CIRCLE('',#6071,4.5E-02);
#6071 = AXIS2_PLACEMENT_3D('',#6072,#6073,#6074);
#6072 = CARTESIAN_POINT('',(-0.745,-0.6,0.405));
#6073 = DIRECTION('',(0.,-1.,0.));
#6074 = DIRECTION('',(0.,0.,1.));
#6075 = ORIENTED_EDGE('',*,*,#6076,.F.);
#6076 = EDGE_CURVE('',#6077,#6068,#6079,.T.);
#6077 = VERTEX_POINT('',#6078);
#6078 = CARTESIAN_POINT('',(-0.955,-0.6,0.405));
#6079 = LINE('',#6080,#6081);
#6080 = CARTESIAN_POINT('',(-0.955,-0.6,0.405));
#6081 = VECTOR('',#6082,1.);
#6082 = DIRECTION('',(1.,0.,0.));
#6083 = ORIENTED_EDGE('',*,*,#6084,.F.);
#6084 = EDGE_CURVE('',#6085,#6077,#6087,.T.);
#6085 = VERTEX_POINT('',#6086);
#6086 = CARTESIAN_POINT('',(-0.955,-0.6,4.5E-02));
#6087 = LINE('',#6088,#6089);
#6088 = CARTESIAN_POINT('',(-0.955,-0.6,4.5E-02));
#6089 = VECTOR('',#6090,1.);
#6090 = DIRECTION('',(0.,0.,1.));
#6091 = ORIENTED_EDGE('',*,*,#6092,.T.);
#6092 = EDGE_CURVE('',#6085,#6093,#6095,.T.);
#6093 = VERTEX_POINT('',#6094);
#6094 = CARTESIAN_POINT('',(-0.7,-0.6,4.5E-02));
#6095 = LINE('',#6096,#6097);
#6096 = CARTESIAN_POINT('',(-0.955,-0.6,4.5E-02));
#6097 = VECTOR('',#6098,1.);
#6098 = DIRECTION('',(1.,0.,0.));
#6099 = ORIENTED_EDGE('',*,*,#6100,.T.);
#6100 = EDGE_CURVE('',#6093,#6035,#6101,.T.);
#6101 = CIRCLE('',#6102,4.5E-02);
#6102 = AXIS2_PLACEMENT_3D('',#6103,#6104,#6105);
#6103 = CARTESIAN_POINT('',(-0.745,-0.6,4.5E-02));
#6104 = DIRECTION('',(0.,1.,0.));
#6105 = DIRECTION('',(0.,-0.,1.));
#6106 = PLANE('',#6107);
#6107 = AXIS2_PLACEMENT_3D('',#6108,#6109,#6110);
#6108 = CARTESIAN_POINT('',(-1.,-0.6,0.));
#6109 = DIRECTION('',(0.,1.,0.));
#6110 = DIRECTION('',(0.,-0.,1.));
#6111 = ADVANCED_FACE('',(#6112),#6131,.T.);
#6112 = FACE_BOUND('',#6113,.T.);
#6113 = EDGE_LOOP('',(#6114,#6115,#6124,#6130));
#6114 = ORIENTED_EDGE('',*,*,#6002,.T.);
#6115 = ORIENTED_EDGE('',*,*,#6116,.T.);
#6116 = EDGE_CURVE('',#6003,#6117,#6119,.T.);
#6117 = VERTEX_POINT('',#6118);
#6118 = CARTESIAN_POINT('',(-0.955,0.6,-2.775557561563E-17));
#6119 = CIRCLE('',#6120,4.5E-02);
#6120 = AXIS2_PLACEMENT_3D('',#6121,#6122,#6123);
#6121 = CARTESIAN_POINT('',(-0.955,0.6,4.5E-02));
#6122 = DIRECTION('',(0.,-1.,0.));
#6123 = DIRECTION('',(0.,0.,1.));
#6124 = ORIENTED_EDGE('',*,*,#6125,.F.);
#6125 = EDGE_CURVE('',#6033,#6117,#6126,.T.);
#6126 = LINE('',#6127,#6128);
#6127 = CARTESIAN_POINT('',(-0.955,-0.6,-2.775557561563E-17));
#6128 = VECTOR('',#6129,1.);
#6129 = DIRECTION('',(0.,1.,0.));
#6130 = ORIENTED_EDGE('',*,*,#6042,.F.);
#6131 = CYLINDRICAL_SURFACE('',#6132,4.5E-02);
#6132 = AXIS2_PLACEMENT_3D('',#6133,#6134,#6135);
#6133 = CARTESIAN_POINT('',(-0.955,-0.6,4.5E-02));
#6134 = DIRECTION('',(0.,1.,0.));
#6135 = DIRECTION('',(-1.,0.,0.));
#6136 = ADVANCED_FACE('',(#6137),#6156,.T.);
#6137 = FACE_BOUND('',#6138,.T.);
#6138 = EDGE_LOOP('',(#6139,#6140,#6148,#6155));
#6139 = ORIENTED_EDGE('',*,*,#6050,.T.);
#6140 = ORIENTED_EDGE('',*,*,#6141,.T.);
#6141 = EDGE_CURVE('',#6051,#6142,#6144,.T.);
#6142 = VERTEX_POINT('',#6143);
#6143 = CARTESIAN_POINT('',(-0.955,0.6,0.45));
#6144 = LINE('',#6145,#6146);
#6145 = CARTESIAN_POINT('',(-0.955,-0.6,0.45));
#6146 = VECTOR('',#6147,1.);
#6147 = DIRECTION('',(0.,1.,0.));
#6148 = ORIENTED_EDGE('',*,*,#6149,.F.);
#6149 = EDGE_CURVE('',#6011,#6142,#6150,.T.);
#6150 = CIRCLE('',#6151,4.5E-02);
#6151 = AXIS2_PLACEMENT_3D('',#6152,#6153,#6154);
#6152 = CARTESIAN_POINT('',(-0.955,0.6,0.405));
#6153 = DIRECTION('',(0.,1.,0.));
#6154 = DIRECTION('',(0.,-0.,1.));
#6155 = ORIENTED_EDGE('',*,*,#6018,.F.);
#6156 = CYLINDRICAL_SURFACE('',#6157,4.5E-02);
#6157 = AXIS2_PLACEMENT_3D('',#6158,#6159,#6160);
#6158 = CARTESIAN_POINT('',(-0.955,-0.6,0.405));
#6159 = DIRECTION('',(0.,1.,0.));
#6160 = DIRECTION('',(-1.,0.,0.));
#6161 = ADVANCED_FACE('',(#6162),#6223,.T.);
#6162 = FACE_BOUND('',#6163,.T.);
#6163 = EDGE_LOOP('',(#6164,#6172,#6173,#6174,#6175,#6183,#6192,#6200,
    #6208,#6216));
#6164 = ORIENTED_EDGE('',*,*,#6165,.F.);
#6165 = EDGE_CURVE('',#6117,#6166,#6168,.T.);
#6166 = VERTEX_POINT('',#6167);
#6167 = CARTESIAN_POINT('',(-0.745,0.6,-2.775557561563E-17));
#6168 = LINE('',#6169,#6170);
#6169 = CARTESIAN_POINT('',(-1.,0.6,0.));
#6170 = VECTOR('',#6171,1.);
#6171 = DIRECTION('',(1.,0.,0.));
#6172 = ORIENTED_EDGE('',*,*,#6116,.F.);
#6173 = ORIENTED_EDGE('',*,*,#6010,.T.);
#6174 = ORIENTED_EDGE('',*,*,#6149,.T.);
#6175 = ORIENTED_EDGE('',*,*,#6176,.T.);
#6176 = EDGE_CURVE('',#6142,#6177,#6179,.T.);
#6177 = VERTEX_POINT('',#6178);
#6178 = CARTESIAN_POINT('',(-0.745,0.6,0.45));
#6179 = LINE('',#6180,#6181);
#6180 = CARTESIAN_POINT('',(-1.,0.6,0.45));
#6181 = VECTOR('',#6182,1.);
#6182 = DIRECTION('',(1.,0.,0.));
#6183 = ORIENTED_EDGE('',*,*,#6184,.F.);
#6184 = EDGE_CURVE('',#6185,#6177,#6187,.T.);
#6185 = VERTEX_POINT('',#6186);
#6186 = CARTESIAN_POINT('',(-0.7,0.6,0.405));
#6187 = CIRCLE('',#6188,4.5E-02);
#6188 = AXIS2_PLACEMENT_3D('',#6189,#6190,#6191);
#6189 = CARTESIAN_POINT('',(-0.745,0.6,0.405));
#6190 = DIRECTION('',(0.,-1.,0.));
#6191 = DIRECTION('',(0.,0.,1.));
#6192 = ORIENTED_EDGE('',*,*,#6193,.F.);
#6193 = EDGE_CURVE('',#6194,#6185,#6196,.T.);
#6194 = VERTEX_POINT('',#6195);
#6195 = CARTESIAN_POINT('',(-0.955,0.6,0.405));
#6196 = LINE('',#6197,#6198);
#6197 = CARTESIAN_POINT('',(-0.955,0.6,0.405));
#6198 = VECTOR('',#6199,1.);
#6199 = DIRECTION('',(1.,0.,0.));
#6200 = ORIENTED_EDGE('',*,*,#6201,.F.);
#6201 = EDGE_CURVE('',#6202,#6194,#6204,.T.);
#6202 = VERTEX_POINT('',#6203);
#6203 = CARTESIAN_POINT('',(-0.955,0.6,4.5E-02));
#6204 = LINE('',#6205,#6206);
#6205 = CARTESIAN_POINT('',(-0.955,0.6,4.5E-02));
#6206 = VECTOR('',#6207,1.);
#6207 = DIRECTION('',(0.,0.,1.));
#6208 = ORIENTED_EDGE('',*,*,#6209,.T.);
#6209 = EDGE_CURVE('',#6202,#6210,#6212,.T.);
#6210 = VERTEX_POINT('',#6211);
#6211 = CARTESIAN_POINT('',(-0.7,0.6,4.5E-02));
#6212 = LINE('',#6213,#6214);
#6213 = CARTESIAN_POINT('',(-0.955,0.6,4.5E-02));
#6214 = VECTOR('',#6215,1.);
#6215 = DIRECTION('',(1.,0.,0.));
#6216 = ORIENTED_EDGE('',*,*,#6217,.T.);
#6217 = EDGE_CURVE('',#6210,#6166,#6218,.T.);
#6218 = CIRCLE('',#6219,4.5E-02);
#6219 = AXIS2_PLACEMENT_3D('',#6220,#6221,#6222);
#6220 = CARTESIAN_POINT('',(-0.745,0.6,4.5E-02));
#6221 = DIRECTION('',(0.,1.,0.));
#6222 = DIRECTION('',(0.,-0.,1.));
#6223 = PLANE('',#6224);
#6224 = AXIS2_PLACEMENT_3D('',#6225,#6226,#6227);
#6225 = CARTESIAN_POINT('',(-1.,0.6,0.));
#6226 = DIRECTION('',(0.,1.,0.));
#6227 = DIRECTION('',(0.,-0.,1.));
#6228 = ADVANCED_FACE('',(#6229),#6240,.F.);
#6229 = FACE_BOUND('',#6230,.F.);
#6230 = EDGE_LOOP('',(#6231,#6232,#6233,#6234));
#6231 = ORIENTED_EDGE('',*,*,#6165,.F.);
#6232 = ORIENTED_EDGE('',*,*,#6125,.F.);
#6233 = ORIENTED_EDGE('',*,*,#6032,.T.);
#6234 = ORIENTED_EDGE('',*,*,#6235,.T.);
#6235 = EDGE_CURVE('',#6035,#6166,#6236,.T.);
#6236 = LINE('',#6237,#6238);
#6237 = CARTESIAN_POINT('',(-0.745,-0.6,-2.775557561563E-17));
#6238 = VECTOR('',#6239,1.);
#6239 = DIRECTION('',(0.,1.,0.));
#6240 = PLANE('',#6241);
#6241 = AXIS2_PLACEMENT_3D('',#6242,#6243,#6244);
#6242 = CARTESIAN_POINT('',(-1.,-0.6,0.));
#6243 = DIRECTION('',(0.,0.,1.));
#6244 = DIRECTION('',(1.,0.,-0.));
#6245 = ADVANCED_FACE('',(#6246),#6257,.T.);
#6246 = FACE_BOUND('',#6247,.T.);
#6247 = EDGE_LOOP('',(#6248,#6249,#6250,#6251));
#6248 = ORIENTED_EDGE('',*,*,#6100,.T.);
#6249 = ORIENTED_EDGE('',*,*,#6235,.T.);
#6250 = ORIENTED_EDGE('',*,*,#6217,.F.);
#6251 = ORIENTED_EDGE('',*,*,#6252,.F.);
#6252 = EDGE_CURVE('',#6093,#6210,#6253,.T.);
#6253 = LINE('',#6254,#6255);
#6254 = CARTESIAN_POINT('',(-0.7,-0.6,4.5E-02));
#6255 = VECTOR('',#6256,1.);
#6256 = DIRECTION('',(0.,1.,0.));
#6257 = CYLINDRICAL_SURFACE('',#6258,4.5E-02);
#6258 = AXIS2_PLACEMENT_3D('',#6259,#6260,#6261);
#6259 = CARTESIAN_POINT('',(-0.745,-0.6,4.5E-02));
#6260 = DIRECTION('',(0.,1.,0.));
#6261 = DIRECTION('',(1.,0.,0.));
#6262 = ADVANCED_FACE('',(#6263),#6306,.F.);
#6263 = FACE_BOUND('',#6264,.F.);
#6264 = EDGE_LOOP('',(#6265,#6266,#6267,#6268,#6276,#6284,#6292,#6300));
#6265 = ORIENTED_EDGE('',*,*,#6092,.F.);
#6266 = ORIENTED_EDGE('',*,*,#6084,.T.);
#6267 = ORIENTED_EDGE('',*,*,#6076,.T.);
#6268 = ORIENTED_EDGE('',*,*,#6269,.T.);
#6269 = EDGE_CURVE('',#6068,#6270,#6272,.T.);
#6270 = VERTEX_POINT('',#6271);
#6271 = CARTESIAN_POINT('',(0.7,-0.6,0.405));
#6272 = LINE('',#6273,#6274);
#6273 = CARTESIAN_POINT('',(-0.7,-0.6,0.405));
#6274 = VECTOR('',#6275,1.);
#6275 = DIRECTION('',(1.,0.,0.));
#6276 = ORIENTED_EDGE('',*,*,#6277,.T.);
#6277 = EDGE_CURVE('',#6270,#6278,#6280,.T.);
#6278 = VERTEX_POINT('',#6279);
#6279 = CARTESIAN_POINT('',(0.955,-0.6,0.405));
#6280 = LINE('',#6281,#6282);
#6281 = CARTESIAN_POINT('',(-0.955,-0.6,0.405));
#6282 = VECTOR('',#6283,1.);
#6283 = DIRECTION('',(1.,0.,0.));
#6284 = ORIENTED_EDGE('',*,*,#6285,.F.);
#6285 = EDGE_CURVE('',#6286,#6278,#6288,.T.);
#6286 = VERTEX_POINT('',#6287);
#6287 = CARTESIAN_POINT('',(0.955,-0.6,4.5E-02));
#6288 = LINE('',#6289,#6290);
#6289 = CARTESIAN_POINT('',(0.955,-0.6,4.5E-02));
#6290 = VECTOR('',#6291,1.);
#6291 = DIRECTION('',(0.,0.,1.));
#6292 = ORIENTED_EDGE('',*,*,#6293,.F.);
#6293 = EDGE_CURVE('',#6294,#6286,#6296,.T.);
#6294 = VERTEX_POINT('',#6295);
#6295 = CARTESIAN_POINT('',(0.7,-0.6,4.5E-02));
#6296 = LINE('',#6297,#6298);
#6297 = CARTESIAN_POINT('',(-0.955,-0.6,4.5E-02));
#6298 = VECTOR('',#6299,1.);
#6299 = DIRECTION('',(1.,0.,0.));
#6300 = ORIENTED_EDGE('',*,*,#6301,.F.);
#6301 = EDGE_CURVE('',#6093,#6294,#6302,.T.);
#6302 = LINE('',#6303,#6304);
#6303 = CARTESIAN_POINT('',(-0.955,-0.6,4.5E-02));
#6304 = VECTOR('',#6305,1.);
#6305 = DIRECTION('',(1.,0.,0.));
#6306 = PLANE('',#6307);
#6307 = AXIS2_PLACEMENT_3D('',#6308,#6309,#6310);
#6308 = CARTESIAN_POINT('',(-0.955,-0.6,4.5E-02));
#6309 = DIRECTION('',(0.,1.,0.));
#6310 = DIRECTION('',(0.,-0.,1.));
#6311 = ADVANCED_FACE('',(#6312),#6323,.T.);
#6312 = FACE_BOUND('',#6313,.T.);
#6313 = EDGE_LOOP('',(#6314,#6315,#6316,#6317));
#6314 = ORIENTED_EDGE('',*,*,#6176,.F.);
#6315 = ORIENTED_EDGE('',*,*,#6141,.F.);
#6316 = ORIENTED_EDGE('',*,*,#6059,.T.);
#6317 = ORIENTED_EDGE('',*,*,#6318,.T.);
#6318 = EDGE_CURVE('',#6060,#6177,#6319,.T.);
#6319 = LINE('',#6320,#6321);
#6320 = CARTESIAN_POINT('',(-0.745,-0.6,0.45));
#6321 = VECTOR('',#6322,1.);
#6322 = DIRECTION('',(0.,1.,0.));
#6323 = PLANE('',#6324);
#6324 = AXIS2_PLACEMENT_3D('',#6325,#6326,#6327);
#6325 = CARTESIAN_POINT('',(-1.,-0.6,0.45));
#6326 = DIRECTION('',(0.,0.,1.));
#6327 = DIRECTION('',(1.,0.,-0.));
#6328 = ADVANCED_FACE('',(#6329),#6340,.T.);
#6329 = FACE_BOUND('',#6330,.T.);
#6330 = EDGE_LOOP('',(#6331,#6337,#6338,#6339));
#6331 = ORIENTED_EDGE('',*,*,#6332,.T.);
#6332 = EDGE_CURVE('',#6068,#6185,#6333,.T.);
#6333 = LINE('',#6334,#6335);
#6334 = CARTESIAN_POINT('',(-0.7,-0.6,0.405));
#6335 = VECTOR('',#6336,1.);
#6336 = DIRECTION('',(0.,1.,0.));
#6337 = ORIENTED_EDGE('',*,*,#6184,.T.);
#6338 = ORIENTED_EDGE('',*,*,#6318,.F.);
#6339 = ORIENTED_EDGE('',*,*,#6067,.F.);
#6340 = CYLINDRICAL_SURFACE('',#6341,4.5E-02);
#6341 = AXIS2_PLACEMENT_3D('',#6342,#6343,#6344);
#6342 = CARTESIAN_POINT('',(-0.745,-0.6,0.405));
#6343 = DIRECTION('',(0.,1.,0.));
#6344 = DIRECTION('',(1.,0.,0.));
#6345 = ADVANCED_FACE('',(#6346),#6389,.T.);
#6346 = FACE_BOUND('',#6347,.T.);
#6347 = EDGE_LOOP('',(#6348,#6349,#6350,#6351,#6359,#6367,#6375,#6383));
#6348 = ORIENTED_EDGE('',*,*,#6209,.F.);
#6349 = ORIENTED_EDGE('',*,*,#6201,.T.);
#6350 = ORIENTED_EDGE('',*,*,#6193,.T.);
#6351 = ORIENTED_EDGE('',*,*,#6352,.T.);
#6352 = EDGE_CURVE('',#6185,#6353,#6355,.T.);
#6353 = VERTEX_POINT('',#6354);
#6354 = CARTESIAN_POINT('',(0.7,0.6,0.405));
#6355 = LINE('',#6356,#6357);
#6356 = CARTESIAN_POINT('',(-0.7,0.6,0.405));
#6357 = VECTOR('',#6358,1.);
#6358 = DIRECTION('',(1.,0.,0.));
#6359 = ORIENTED_EDGE('',*,*,#6360,.T.);
#6360 = EDGE_CURVE('',#6353,#6361,#6363,.T.);
#6361 = VERTEX_POINT('',#6362);
#6362 = CARTESIAN_POINT('',(0.955,0.6,0.405));
#6363 = LINE('',#6364,#6365);
#6364 = CARTESIAN_POINT('',(-0.955,0.6,0.405));
#6365 = VECTOR('',#6366,1.);
#6366 = DIRECTION('',(1.,0.,0.));
#6367 = ORIENTED_EDGE('',*,*,#6368,.F.);
#6368 = EDGE_CURVE('',#6369,#6361,#6371,.T.);
#6369 = VERTEX_POINT('',#6370);
#6370 = CARTESIAN_POINT('',(0.955,0.6,4.5E-02));
#6371 = LINE('',#6372,#6373);
#6372 = CARTESIAN_POINT('',(0.955,0.6,4.5E-02));
#6373 = VECTOR('',#6374,1.);
#6374 = DIRECTION('',(0.,0.,1.));
#6375 = ORIENTED_EDGE('',*,*,#6376,.F.);
#6376 = EDGE_CURVE('',#6377,#6369,#6379,.T.);
#6377 = VERTEX_POINT('',#6378);
#6378 = CARTESIAN_POINT('',(0.7,0.6,4.5E-02));
#6379 = LINE('',#6380,#6381);
#6380 = CARTESIAN_POINT('',(-0.955,0.6,4.5E-02));
#6381 = VECTOR('',#6382,1.);
#6382 = DIRECTION('',(1.,0.,0.));
#6383 = ORIENTED_EDGE('',*,*,#6384,.F.);
#6384 = EDGE_CURVE('',#6210,#6377,#6385,.T.);
#6385 = LINE('',#6386,#6387);
#6386 = CARTESIAN_POINT('',(-0.955,0.6,4.5E-02));
#6387 = VECTOR('',#6388,1.);
#6388 = DIRECTION('',(1.,0.,0.));
#6389 = PLANE('',#6390);
#6390 = AXIS2_PLACEMENT_3D('',#6391,#6392,#6393);
#6391 = CARTESIAN_POINT('',(-0.955,0.6,4.5E-02));
#6392 = DIRECTION('',(0.,1.,0.));
#6393 = DIRECTION('',(0.,-0.,1.));
#6394 = ADVANCED_FACE('',(#6395),#6406,.F.);
#6395 = FACE_BOUND('',#6396,.F.);
#6396 = EDGE_LOOP('',(#6397,#6398,#6399,#6405));
#6397 = ORIENTED_EDGE('',*,*,#6252,.F.);
#6398 = ORIENTED_EDGE('',*,*,#6301,.T.);
#6399 = ORIENTED_EDGE('',*,*,#6400,.T.);
#6400 = EDGE_CURVE('',#6294,#6377,#6401,.T.);
#6401 = LINE('',#6402,#6403);
#6402 = CARTESIAN_POINT('',(0.7,-0.6,4.5E-02));
#6403 = VECTOR('',#6404,1.);
#6404 = DIRECTION('',(0.,1.,0.));
#6405 = ORIENTED_EDGE('',*,*,#6384,.F.);
#6406 = PLANE('',#6407);
#6407 = AXIS2_PLACEMENT_3D('',#6408,#6409,#6410);
#6408 = CARTESIAN_POINT('',(-0.955,-0.6,4.5E-02));
#6409 = DIRECTION('',(0.,0.,1.));
#6410 = DIRECTION('',(1.,0.,-0.));
#6411 = ADVANCED_FACE('',(#6412),#6475,.F.);
#6412 = FACE_BOUND('',#6413,.F.);
#6413 = EDGE_LOOP('',(#6414,#6424,#6431,#6432,#6433,#6434,#6443,#6451,
    #6460,#6468));
#6414 = ORIENTED_EDGE('',*,*,#6415,.F.);
#6415 = EDGE_CURVE('',#6416,#6418,#6420,.T.);
#6416 = VERTEX_POINT('',#6417);
#6417 = CARTESIAN_POINT('',(0.745,-0.6,-2.775557561563E-17));
#6418 = VERTEX_POINT('',#6419);
#6419 = CARTESIAN_POINT('',(0.955,-0.6,-2.775557561563E-17));
#6420 = LINE('',#6421,#6422);
#6421 = CARTESIAN_POINT('',(0.7,-0.6,0.));
#6422 = VECTOR('',#6423,1.);
#6423 = DIRECTION('',(1.,0.,0.));
#6424 = ORIENTED_EDGE('',*,*,#6425,.F.);
#6425 = EDGE_CURVE('',#6294,#6416,#6426,.T.);
#6426 = CIRCLE('',#6427,4.5E-02);
#6427 = AXIS2_PLACEMENT_3D('',#6428,#6429,#6430);
#6428 = CARTESIAN_POINT('',(0.745,-0.6,4.5E-02));
#6429 = DIRECTION('',(0.,-1.,0.));
#6430 = DIRECTION('',(0.,0.,1.));
#6431 = ORIENTED_EDGE('',*,*,#6293,.T.);
#6432 = ORIENTED_EDGE('',*,*,#6285,.T.);
#6433 = ORIENTED_EDGE('',*,*,#6277,.F.);
#6434 = ORIENTED_EDGE('',*,*,#6435,.T.);
#6435 = EDGE_CURVE('',#6270,#6436,#6438,.T.);
#6436 = VERTEX_POINT('',#6437);
#6437 = CARTESIAN_POINT('',(0.745,-0.6,0.45));
#6438 = CIRCLE('',#6439,4.5E-02);
#6439 = AXIS2_PLACEMENT_3D('',#6440,#6441,#6442);
#6440 = CARTESIAN_POINT('',(0.745,-0.6,0.405));
#6441 = DIRECTION('',(0.,1.,0.));
#6442 = DIRECTION('',(0.,-0.,1.));
#6443 = ORIENTED_EDGE('',*,*,#6444,.T.);
#6444 = EDGE_CURVE('',#6436,#6445,#6447,.T.);
#6445 = VERTEX_POINT('',#6446);
#6446 = CARTESIAN_POINT('',(0.955,-0.6,0.45));
#6447 = LINE('',#6448,#6449);
#6448 = CARTESIAN_POINT('',(0.7,-0.6,0.45));
#6449 = VECTOR('',#6450,1.);
#6450 = DIRECTION('',(1.,0.,0.));
#6451 = ORIENTED_EDGE('',*,*,#6452,.F.);
#6452 = EDGE_CURVE('',#6453,#6445,#6455,.T.);
#6453 = VERTEX_POINT('',#6454);
#6454 = CARTESIAN_POINT('',(1.,-0.6,0.405));
#6455 = CIRCLE('',#6456,4.5E-02);
#6456 = AXIS2_PLACEMENT_3D('',#6457,#6458,#6459);
#6457 = CARTESIAN_POINT('',(0.955,-0.6,0.405));
#6458 = DIRECTION('',(0.,-1.,0.));
#6459 = DIRECTION('',(0.,0.,1.));
#6460 = ORIENTED_EDGE('',*,*,#6461,.F.);
#6461 = EDGE_CURVE('',#6462,#6453,#6464,.T.);
#6462 = VERTEX_POINT('',#6463);
#6463 = CARTESIAN_POINT('',(1.,-0.6,4.5E-02));
#6464 = LINE('',#6465,#6466);
#6465 = CARTESIAN_POINT('',(1.,-0.6,0.));
#6466 = VECTOR('',#6467,1.);
#6467 = DIRECTION('',(0.,0.,1.));
#6468 = ORIENTED_EDGE('',*,*,#6469,.T.);
#6469 = EDGE_CURVE('',#6462,#6418,#6470,.T.);
#6470 = CIRCLE('',#6471,4.5E-02);
#6471 = AXIS2_PLACEMENT_3D('',#6472,#6473,#6474);
#6472 = CARTESIAN_POINT('',(0.955,-0.6,4.5E-02));
#6473 = DIRECTION('',(0.,1.,0.));
#6474 = DIRECTION('',(0.,-0.,1.));
#6475 = PLANE('',#6476);
#6476 = AXIS2_PLACEMENT_3D('',#6477,#6478,#6479);
#6477 = CARTESIAN_POINT('',(0.7,-0.6,0.));
#6478 = DIRECTION('',(0.,1.,0.));
#6479 = DIRECTION('',(0.,-0.,1.));
#6480 = ADVANCED_FACE('',(#6481),#6506,.F.);
#6481 = FACE_BOUND('',#6482,.F.);
#6482 = EDGE_LOOP('',(#6483,#6484,#6492,#6500));
#6483 = ORIENTED_EDGE('',*,*,#6269,.F.);
#6484 = ORIENTED_EDGE('',*,*,#6485,.T.);
#6485 = EDGE_CURVE('',#6068,#6486,#6488,.T.);
#6486 = VERTEX_POINT('',#6487);
#6487 = CARTESIAN_POINT('',(-0.7,-0.6,0.45));
#6488 = LINE('',#6489,#6490);
#6489 = CARTESIAN_POINT('',(-0.7,-0.6,0.405));
#6490 = VECTOR('',#6491,1.);
#6491 = DIRECTION('',(0.,0.,1.));
#6492 = ORIENTED_EDGE('',*,*,#6493,.T.);
#6493 = EDGE_CURVE('',#6486,#6494,#6496,.T.);
#6494 = VERTEX_POINT('',#6495);
#6495 = CARTESIAN_POINT('',(0.7,-0.6,0.45));
#6496 = LINE('',#6497,#6498);
#6497 = CARTESIAN_POINT('',(-0.7,-0.6,0.45));
#6498 = VECTOR('',#6499,1.);
#6499 = DIRECTION('',(1.,0.,0.));
#6500 = ORIENTED_EDGE('',*,*,#6501,.F.);
#6501 = EDGE_CURVE('',#6270,#6494,#6502,.T.);
#6502 = LINE('',#6503,#6504);
#6503 = CARTESIAN_POINT('',(0.7,-0.6,0.405));
#6504 = VECTOR('',#6505,1.);
#6505 = DIRECTION('',(0.,0.,1.));
#6506 = PLANE('',#6507);
#6507 = AXIS2_PLACEMENT_3D('',#6508,#6509,#6510);
#6508 = CARTESIAN_POINT('',(-0.7,-0.6,0.405));
#6509 = DIRECTION('',(0.,1.,0.));
#6510 = DIRECTION('',(0.,-0.,1.));
#6511 = ADVANCED_FACE('',(#6512),#6530,.F.);
#6512 = FACE_BOUND('',#6513,.F.);
#6513 = EDGE_LOOP('',(#6514,#6515,#6516,#6524));
#6514 = ORIENTED_EDGE('',*,*,#6485,.F.);
#6515 = ORIENTED_EDGE('',*,*,#6332,.T.);
#6516 = ORIENTED_EDGE('',*,*,#6517,.T.);
#6517 = EDGE_CURVE('',#6185,#6518,#6520,.T.);
#6518 = VERTEX_POINT('',#6519);
#6519 = CARTESIAN_POINT('',(-0.7,0.6,0.45));
#6520 = LINE('',#6521,#6522);
#6521 = CARTESIAN_POINT('',(-0.7,0.6,0.405));
#6522 = VECTOR('',#6523,1.);
#6523 = DIRECTION('',(0.,0.,1.));
#6524 = ORIENTED_EDGE('',*,*,#6525,.F.);
#6525 = EDGE_CURVE('',#6486,#6518,#6526,.T.);
#6526 = LINE('',#6527,#6528);
#6527 = CARTESIAN_POINT('',(-0.7,-0.6,0.45));
#6528 = VECTOR('',#6529,1.);
#6529 = DIRECTION('',(0.,1.,0.));
#6530 = PLANE('',#6531);
#6531 = AXIS2_PLACEMENT_3D('',#6532,#6533,#6534);
#6532 = CARTESIAN_POINT('',(-0.7,-0.6,0.405));
#6533 = DIRECTION('',(1.,0.,0.));
#6534 = DIRECTION('',(0.,0.,1.));
#6535 = ADVANCED_FACE('',(#6536),#6599,.T.);
#6536 = FACE_BOUND('',#6537,.T.);
#6537 = EDGE_LOOP('',(#6538,#6548,#6555,#6556,#6557,#6558,#6567,#6575,
    #6584,#6592));
#6538 = ORIENTED_EDGE('',*,*,#6539,.F.);
#6539 = EDGE_CURVE('',#6540,#6542,#6544,.T.);
#6540 = VERTEX_POINT('',#6541);
#6541 = CARTESIAN_POINT('',(0.745,0.6,-2.775557561563E-17));
#6542 = VERTEX_POINT('',#6543);
#6543 = CARTESIAN_POINT('',(0.955,0.6,-2.775557561563E-17));
#6544 = LINE('',#6545,#6546);
#6545 = CARTESIAN_POINT('',(0.7,0.6,0.));
#6546 = VECTOR('',#6547,1.);
#6547 = DIRECTION('',(1.,0.,0.));
#6548 = ORIENTED_EDGE('',*,*,#6549,.F.);
#6549 = EDGE_CURVE('',#6377,#6540,#6550,.T.);
#6550 = CIRCLE('',#6551,4.5E-02);
#6551 = AXIS2_PLACEMENT_3D('',#6552,#6553,#6554);
#6552 = CARTESIAN_POINT('',(0.745,0.6,4.5E-02));
#6553 = DIRECTION('',(0.,-1.,0.));
#6554 = DIRECTION('',(0.,0.,1.));
#6555 = ORIENTED_EDGE('',*,*,#6376,.T.);
#6556 = ORIENTED_EDGE('',*,*,#6368,.T.);
#6557 = ORIENTED_EDGE('',*,*,#6360,.F.);
#6558 = ORIENTED_EDGE('',*,*,#6559,.T.);
#6559 = EDGE_CURVE('',#6353,#6560,#6562,.T.);
#6560 = VERTEX_POINT('',#6561);
#6561 = CARTESIAN_POINT('',(0.745,0.6,0.45));
#6562 = CIRCLE('',#6563,4.5E-02);
#6563 = AXIS2_PLACEMENT_3D('',#6564,#6565,#6566);
#6564 = CARTESIAN_POINT('',(0.745,0.6,0.405));
#6565 = DIRECTION('',(0.,1.,0.));
#6566 = DIRECTION('',(0.,-0.,1.));
#6567 = ORIENTED_EDGE('',*,*,#6568,.T.);
#6568 = EDGE_CURVE('',#6560,#6569,#6571,.T.);
#6569 = VERTEX_POINT('',#6570);
#6570 = CARTESIAN_POINT('',(0.955,0.6,0.45));
#6571 = LINE('',#6572,#6573);
#6572 = CARTESIAN_POINT('',(0.7,0.6,0.45));
#6573 = VECTOR('',#6574,1.);
#6574 = DIRECTION('',(1.,0.,0.));
#6575 = ORIENTED_EDGE('',*,*,#6576,.F.);
#6576 = EDGE_CURVE('',#6577,#6569,#6579,.T.);
#6577 = VERTEX_POINT('',#6578);
#6578 = CARTESIAN_POINT('',(1.,0.6,0.405));
#6579 = CIRCLE('',#6580,4.5E-02);
#6580 = AXIS2_PLACEMENT_3D('',#6581,#6582,#6583);
#6581 = CARTESIAN_POINT('',(0.955,0.6,0.405));
#6582 = DIRECTION('',(0.,-1.,0.));
#6583 = DIRECTION('',(0.,0.,1.));
#6584 = ORIENTED_EDGE('',*,*,#6585,.F.);
#6585 = EDGE_CURVE('',#6586,#6577,#6588,.T.);
#6586 = VERTEX_POINT('',#6587);
#6587 = CARTESIAN_POINT('',(1.,0.6,4.5E-02));
#6588 = LINE('',#6589,#6590);
#6589 = CARTESIAN_POINT('',(1.,0.6,0.));
#6590 = VECTOR('',#6591,1.);
#6591 = DIRECTION('',(0.,0.,1.));
#6592 = ORIENTED_EDGE('',*,*,#6593,.T.);
#6593 = EDGE_CURVE('',#6586,#6542,#6594,.T.);
#6594 = CIRCLE('',#6595,4.5E-02);
#6595 = AXIS2_PLACEMENT_3D('',#6596,#6597,#6598);
#6596 = CARTESIAN_POINT('',(0.955,0.6,4.5E-02));
#6597 = DIRECTION('',(0.,1.,0.));
#6598 = DIRECTION('',(0.,-0.,1.));
#6599 = PLANE('',#6600);
#6600 = AXIS2_PLACEMENT_3D('',#6601,#6602,#6603);
#6601 = CARTESIAN_POINT('',(0.7,0.6,0.));
#6602 = DIRECTION('',(0.,1.,0.));
#6603 = DIRECTION('',(0.,-0.,1.));
#6604 = ADVANCED_FACE('',(#6605),#6623,.T.);
#6605 = FACE_BOUND('',#6606,.T.);
#6606 = EDGE_LOOP('',(#6607,#6608,#6609,#6617));
#6607 = ORIENTED_EDGE('',*,*,#6352,.F.);
#6608 = ORIENTED_EDGE('',*,*,#6517,.T.);
#6609 = ORIENTED_EDGE('',*,*,#6610,.T.);
#6610 = EDGE_CURVE('',#6518,#6611,#6613,.T.);
#6611 = VERTEX_POINT('',#6612);
#6612 = CARTESIAN_POINT('',(0.7,0.6,0.45));
#6613 = LINE('',#6614,#6615);
#6614 = CARTESIAN_POINT('',(-0.7,0.6,0.45));
#6615 = VECTOR('',#6616,1.);
#6616 = DIRECTION('',(1.,0.,0.));
#6617 = ORIENTED_EDGE('',*,*,#6618,.F.);
#6618 = EDGE_CURVE('',#6353,#6611,#6619,.T.);
#6619 = LINE('',#6620,#6621);
#6620 = CARTESIAN_POINT('',(0.7,0.6,0.405));
#6621 = VECTOR('',#6622,1.);
#6622 = DIRECTION('',(0.,0.,1.));
#6623 = PLANE('',#6624);
#6624 = AXIS2_PLACEMENT_3D('',#6625,#6626,#6627);
#6625 = CARTESIAN_POINT('',(-0.7,0.6,0.405));
#6626 = DIRECTION('',(0.,1.,0.));
#6627 = DIRECTION('',(0.,-0.,1.));
#6628 = ADVANCED_FACE('',(#6629),#6640,.T.);
#6629 = FACE_BOUND('',#6630,.T.);
#6630 = EDGE_LOOP('',(#6631,#6632,#6633,#6639));
#6631 = ORIENTED_EDGE('',*,*,#6400,.T.);
#6632 = ORIENTED_EDGE('',*,*,#6549,.T.);
#6633 = ORIENTED_EDGE('',*,*,#6634,.F.);
#6634 = EDGE_CURVE('',#6416,#6540,#6635,.T.);
#6635 = LINE('',#6636,#6637);
#6636 = CARTESIAN_POINT('',(0.745,-0.6,-2.775557561563E-17));
#6637 = VECTOR('',#6638,1.);
#6638 = DIRECTION('',(0.,1.,0.));
#6639 = ORIENTED_EDGE('',*,*,#6425,.F.);
#6640 = CYLINDRICAL_SURFACE('',#6641,4.5E-02);
#6641 = AXIS2_PLACEMENT_3D('',#6642,#6643,#6644);
#6642 = CARTESIAN_POINT('',(0.745,-0.6,4.5E-02));
#6643 = DIRECTION('',(0.,1.,0.));
#6644 = DIRECTION('',(-1.,0.,0.));
#6645 = ADVANCED_FACE('',(#6646),#6657,.F.);
#6646 = FACE_BOUND('',#6647,.F.);
#6647 = EDGE_LOOP('',(#6648,#6649,#6650,#6651));
#6648 = ORIENTED_EDGE('',*,*,#6539,.F.);
#6649 = ORIENTED_EDGE('',*,*,#6634,.F.);
#6650 = ORIENTED_EDGE('',*,*,#6415,.T.);
#6651 = ORIENTED_EDGE('',*,*,#6652,.T.);
#6652 = EDGE_CURVE('',#6418,#6542,#6653,.T.);
#6653 = LINE('',#6654,#6655);
#6654 = CARTESIAN_POINT('',(0.955,-0.6,-2.775557561563E-17));
#6655 = VECTOR('',#6656,1.);
#6656 = DIRECTION('',(0.,1.,0.));
#6657 = PLANE('',#6658);
#6658 = AXIS2_PLACEMENT_3D('',#6659,#6660,#6661);
#6659 = CARTESIAN_POINT('',(0.7,-0.6,0.));
#6660 = DIRECTION('',(0.,0.,1.));
#6661 = DIRECTION('',(1.,0.,-0.));
#6662 = ADVANCED_FACE('',(#6663),#6674,.T.);
#6663 = FACE_BOUND('',#6664,.T.);
#6664 = EDGE_LOOP('',(#6665,#6666,#6667,#6668));
#6665 = ORIENTED_EDGE('',*,*,#6469,.T.);
#6666 = ORIENTED_EDGE('',*,*,#6652,.T.);
#6667 = ORIENTED_EDGE('',*,*,#6593,.F.);
#6668 = ORIENTED_EDGE('',*,*,#6669,.F.);
#6669 = EDGE_CURVE('',#6462,#6586,#6670,.T.);
#6670 = LINE('',#6671,#6672);
#6671 = CARTESIAN_POINT('',(1.,-0.6,4.5E-02));
#6672 = VECTOR('',#6673,1.);
#6673 = DIRECTION('',(0.,1.,0.));
#6674 = CYLINDRICAL_SURFACE('',#6675,4.5E-02);
#6675 = AXIS2_PLACEMENT_3D('',#6676,#6677,#6678);
#6676 = CARTESIAN_POINT('',(0.955,-0.6,4.5E-02));
#6677 = DIRECTION('',(0.,1.,0.));
#6678 = DIRECTION('',(1.,0.,0.));
#6679 = ADVANCED_FACE('',(#6680),#6691,.T.);
#6680 = FACE_BOUND('',#6681,.T.);
#6681 = EDGE_LOOP('',(#6682,#6683,#6684,#6685));
#6682 = ORIENTED_EDGE('',*,*,#6461,.F.);
#6683 = ORIENTED_EDGE('',*,*,#6669,.T.);
#6684 = ORIENTED_EDGE('',*,*,#6585,.T.);
#6685 = ORIENTED_EDGE('',*,*,#6686,.F.);
#6686 = EDGE_CURVE('',#6453,#6577,#6687,.T.);
#6687 = LINE('',#6688,#6689);
#6688 = CARTESIAN_POINT('',(1.,-0.6,0.405));
#6689 = VECTOR('',#6690,1.);
#6690 = DIRECTION('',(0.,1.,0.));
#6691 = PLANE('',#6692);
#6692 = AXIS2_PLACEMENT_3D('',#6693,#6694,#6695);
#6693 = CARTESIAN_POINT('',(1.,-0.6,0.));
#6694 = DIRECTION('',(1.,0.,0.));
#6695 = DIRECTION('',(0.,0.,1.));
#6696 = ADVANCED_FACE('',(#6697),#6708,.T.);
#6697 = FACE_BOUND('',#6698,.T.);
#6698 = EDGE_LOOP('',(#6699,#6700,#6701,#6707));
#6699 = ORIENTED_EDGE('',*,*,#6686,.T.);
#6700 = ORIENTED_EDGE('',*,*,#6576,.T.);
#6701 = ORIENTED_EDGE('',*,*,#6702,.F.);
#6702 = EDGE_CURVE('',#6445,#6569,#6703,.T.);
#6703 = LINE('',#6704,#6705);
#6704 = CARTESIAN_POINT('',(0.955,-0.6,0.45));
#6705 = VECTOR('',#6706,1.);
#6706 = DIRECTION('',(0.,1.,0.));
#6707 = ORIENTED_EDGE('',*,*,#6452,.F.);
#6708 = CYLINDRICAL_SURFACE('',#6709,4.5E-02);
#6709 = AXIS2_PLACEMENT_3D('',#6710,#6711,#6712);
#6710 = CARTESIAN_POINT('',(0.955,-0.6,0.405));
#6711 = DIRECTION('',(0.,1.,0.));
#6712 = DIRECTION('',(1.,0.,0.));
#6713 = ADVANCED_FACE('',(#6714),#6725,.T.);
#6714 = FACE_BOUND('',#6715,.T.);
#6715 = EDGE_LOOP('',(#6716,#6717,#6723,#6724));
#6716 = ORIENTED_EDGE('',*,*,#6568,.F.);
#6717 = ORIENTED_EDGE('',*,*,#6718,.F.);
#6718 = EDGE_CURVE('',#6436,#6560,#6719,.T.);
#6719 = LINE('',#6720,#6721);
#6720 = CARTESIAN_POINT('',(0.745,-0.6,0.45));
#6721 = VECTOR('',#6722,1.);
#6722 = DIRECTION('',(0.,1.,0.));
#6723 = ORIENTED_EDGE('',*,*,#6444,.T.);
#6724 = ORIENTED_EDGE('',*,*,#6702,.T.);
#6725 = PLANE('',#6726);
#6726 = AXIS2_PLACEMENT_3D('',#6727,#6728,#6729);
#6727 = CARTESIAN_POINT('',(0.7,-0.6,0.45));
#6728 = DIRECTION('',(0.,0.,1.));
#6729 = DIRECTION('',(1.,0.,-0.));
#6730 = ADVANCED_FACE('',(#6731),#6742,.T.);
#6731 = FACE_BOUND('',#6732,.T.);
#6732 = EDGE_LOOP('',(#6733,#6734,#6735,#6736));
#6733 = ORIENTED_EDGE('',*,*,#6435,.T.);
#6734 = ORIENTED_EDGE('',*,*,#6718,.T.);
#6735 = ORIENTED_EDGE('',*,*,#6559,.F.);
#6736 = ORIENTED_EDGE('',*,*,#6737,.F.);
#6737 = EDGE_CURVE('',#6270,#6353,#6738,.T.);
#6738 = LINE('',#6739,#6740);
#6739 = CARTESIAN_POINT('',(0.7,-0.6,0.405));
#6740 = VECTOR('',#6741,1.);
#6741 = DIRECTION('',(0.,1.,0.));
#6742 = CYLINDRICAL_SURFACE('',#6743,4.5E-02);
#6743 = AXIS2_PLACEMENT_3D('',#6744,#6745,#6746);
#6744 = CARTESIAN_POINT('',(0.745,-0.6,0.405));
#6745 = DIRECTION('',(0.,1.,0.));
#6746 = DIRECTION('',(-1.,0.,0.));
#6747 = ADVANCED_FACE('',(#6748),#6759,.T.);
#6748 = FACE_BOUND('',#6749,.T.);
#6749 = EDGE_LOOP('',(#6750,#6751,#6752,#6753));
#6750 = ORIENTED_EDGE('',*,*,#6501,.F.);
#6751 = ORIENTED_EDGE('',*,*,#6737,.T.);
#6752 = ORIENTED_EDGE('',*,*,#6618,.T.);
#6753 = ORIENTED_EDGE('',*,*,#6754,.F.);
#6754 = EDGE_CURVE('',#6494,#6611,#6755,.T.);
#6755 = LINE('',#6756,#6757);
#6756 = CARTESIAN_POINT('',(0.7,-0.6,0.45));
#6757 = VECTOR('',#6758,1.);
#6758 = DIRECTION('',(0.,1.,0.));
#6759 = PLANE('',#6760);
#6760 = AXIS2_PLACEMENT_3D('',#6761,#6762,#6763);
#6761 = CARTESIAN_POINT('',(0.7,-0.6,0.405));
#6762 = DIRECTION('',(1.,0.,0.));
#6763 = DIRECTION('',(0.,0.,1.));
#6764 = ADVANCED_FACE('',(#6765),#6771,.T.);
#6765 = FACE_BOUND('',#6766,.T.);
#6766 = EDGE_LOOP('',(#6767,#6768,#6769,#6770));
#6767 = ORIENTED_EDGE('',*,*,#6525,.F.);
#6768 = ORIENTED_EDGE('',*,*,#6493,.T.);
#6769 = ORIENTED_EDGE('',*,*,#6754,.T.);
#6770 = ORIENTED_EDGE('',*,*,#6610,.F.);
#6771 = PLANE('',#6772);
#6772 = AXIS2_PLACEMENT_3D('',#6773,#6774,#6775);
#6773 = CARTESIAN_POINT('',(-0.7,-0.6,0.45));
#6774 = DIRECTION('',(0.,0.,1.));
#6775 = DIRECTION('',(1.,0.,-0.));
#6776 = ( GEOMETRIC_REPRESENTATION_CONTEXT(3) 
GLOBAL_UNCERTAINTY_ASSIGNED_CONTEXT((#6780)) 
GLOBAL_UNIT_ASSIGNED_CONTEXT((#6777,#6778,#6779)) REPRESENTATION_CONTEXT
('Context #1','3D Context with UNIT and UNCERTAINTY') );
#6777 = ( LENGTH_UNIT() NAMED_UNIT(*) SI_UNIT(.MILLI.,.METRE.) );
#6778 = ( NAMED_UNIT(*) PLANE_ANGLE_UNIT() SI_UNIT($,.RADIAN.) );
#6779 = ( NAMED_UNIT(*) SI_UNIT($,.STERADIAN.) SOLID_ANGLE_UNIT() );
#6780 = UNCERTAINTY_MEASURE_WITH_UNIT(LENGTH_MEASURE(1.E-07),#6777,
  'distance_accuracy_value','confusion accuracy');
#6781 = CONTEXT_DEPENDENT_SHAPE_REPRESENTATION(#6782,#6784);
#6782 = ( REPRESENTATION_RELATIONSHIP('','',#5985,#10) 
REPRESENTATION_RELATIONSHIP_WITH_TRANSFORMATION(#6783) 
SHAPE_REPRESENTATION_RELATIONSHIP() );
#6783 = ITEM_DEFINED_TRANSFORMATION('','',#11,#23);
#6784 = PRODUCT_DEFINITION_SHAPE('Placement','Placement of an item',
  #6785);
#6785 = NEXT_ASSEMBLY_USAGE_OCCURRENCE('3','R2','',#5,#5980,$);
#6786 = PRODUCT_RELATED_PRODUCT_CATEGORY('part',$,(#5982));
#6787 = CONTEXT_DEPENDENT_SHAPE_REPRESENTATION(#6788,#6790);
#6788 = ( REPRESENTATION_RELATIONSHIP('','',#5985,#10) 
REPRESENTATION_RELATIONSHIP_WITH_TRANSFORMATION(#6789) 
SHAPE_REPRESENTATION_RELATIONSHIP() );
#6789 = ITEM_DEFINED_TRANSFORMATION('','',#11,#27);
#6790 = PRODUCT_DEFINITION_SHAPE('Placement','Placement of an item',
  #6791);
#6791 = NEXT_ASSEMBLY_USAGE_OCCURRENCE('4','R3','',#5,#5980,$);
#6792 = CONTEXT_DEPENDENT_SHAPE_REPRESENTATION(#6793,#6795);
#6793 = ( REPRESENTATION_RELATIONSHIP('','',#5985,#10) 
REPRESENTATION_RELATIONSHIP_WITH_TRANSFORMATION(#6794) 
SHAPE_REPRESENTATION_RELATIONSHIP() );
#6794 = ITEM_DEFINED_TRANSFORMATION('','',#11,#31);
#6795 = PRODUCT_DEFINITION_SHAPE('Placement','Placement of an item',
  #6796);
#6796 = NEXT_ASSEMBLY_USAGE_OCCURRENCE('5','R1','',#5,#5980,$);
#6797 = SHAPE_DEFINITION_REPRESENTATION(#6798,#6804);
#6798 = PRODUCT_DEFINITION_SHAPE('','',#6799);
#6799 = PRODUCT_DEFINITION('design','',#6800,#6803);
#6800 = PRODUCT_DEFINITION_FORMATION('','',#6801);
#6801 = PRODUCT('ComputerVisionModule_Rev1_PCB',
  'ComputerVisionModule_Rev1_PCB','',(#6802));
#6802 = PRODUCT_CONTEXT('',#2,'mechanical');
#6803 = PRODUCT_DEFINITION_CONTEXT('part definition',#2,'design');
#6804 = ADVANCED_BREP_SHAPE_REPRESENTATION('',(#11,#6805),#8212);
#6805 = MANIFOLD_SOLID_BREP('',#6806);
#6806 = CLOSED_SHELL('',(#6807,#6849,#6882,#6913,#7276,#7639,#7656,#7673
    ,#7690,#7707,#7724,#7741,#7758,#7770,#7787,#7804,#7821,#7838,#7855,
    #7872,#7889,#7906,#7923,#7940,#7957,#7974,#7991,#8008,#8025,#8042,
    #8059,#8076,#8093,#8110,#8127,#8144,#8161,#8178,#8195));
#6807 = ADVANCED_FACE('',(#6808),#6844,.T.);
#6808 = FACE_BOUND('',#6809,.T.);
#6809 = EDGE_LOOP('',(#6810,#6820,#6829,#6837));
#6810 = ORIENTED_EDGE('',*,*,#6811,.T.);
#6811 = EDGE_CURVE('',#6812,#6814,#6816,.T.);
#6812 = VERTEX_POINT('',#6813);
#6813 = CARTESIAN_POINT('',(122.699899,-82.975,0.));
#6814 = VERTEX_POINT('',#6815);
#6815 = CARTESIAN_POINT('',(122.699899,-82.975,1.510198));
#6816 = LINE('',#6817,#6818);
#6817 = CARTESIAN_POINT('',(122.699899,-82.975,0.));
#6818 = VECTOR('',#6819,1.);
#6819 = DIRECTION('',(0.,0.,1.));
#6820 = ORIENTED_EDGE('',*,*,#6821,.T.);
#6821 = EDGE_CURVE('',#6814,#6822,#6824,.T.);
#6822 = VERTEX_POINT('',#6823);
#6823 = CARTESIAN_POINT('',(126.235388,-84.464408,1.510198));
#6824 = CIRCLE('',#6825,5.000054102602);
#6825 = AXIS2_PLACEMENT_3D('',#6826,#6827,#6828);
#6826 = CARTESIAN_POINT('',(122.67500316872,-87.97499212264,1.510198));
#6827 = DIRECTION('',(0.,0.,-1.));
#6828 = DIRECTION('',(4.979112378237E-03,0.999987604143,0.));
#6829 = ORIENTED_EDGE('',*,*,#6830,.F.);
#6830 = EDGE_CURVE('',#6831,#6822,#6833,.T.);
#6831 = VERTEX_POINT('',#6832);
#6832 = CARTESIAN_POINT('',(126.235388,-84.464408,0.));
#6833 = LINE('',#6834,#6835);
#6834 = CARTESIAN_POINT('',(126.235388,-84.464408,0.));
#6835 = VECTOR('',#6836,1.);
#6836 = DIRECTION('',(0.,0.,1.));
#6837 = ORIENTED_EDGE('',*,*,#6838,.F.);
#6838 = EDGE_CURVE('',#6812,#6831,#6839,.T.);
#6839 = CIRCLE('',#6840,5.000054102602);
#6840 = AXIS2_PLACEMENT_3D('',#6841,#6842,#6843);
#6841 = CARTESIAN_POINT('',(122.67500316872,-87.97499212264,0.));
#6842 = DIRECTION('',(0.,0.,-1.));
#6843 = DIRECTION('',(4.979112378237E-03,0.999987604143,0.));
#6844 = CYLINDRICAL_SURFACE('',#6845,5.000054102602);
#6845 = AXIS2_PLACEMENT_3D('',#6846,#6847,#6848);
#6846 = CARTESIAN_POINT('',(122.67500316872,-87.97499212264,0.));
#6847 = DIRECTION('',(0.,0.,-1.));
#6848 = DIRECTION('',(4.979112378237E-03,0.999987604143,0.));
#6849 = ADVANCED_FACE('',(#6850),#6877,.T.);
#6850 = FACE_BOUND('',#6851,.T.);
#6851 = EDGE_LOOP('',(#6852,#6862,#6869,#6870));
#6852 = ORIENTED_EDGE('',*,*,#6853,.T.);
#6853 = EDGE_CURVE('',#6854,#6856,#6858,.T.);
#6854 = VERTEX_POINT('',#6855);
#6855 = CARTESIAN_POINT('',(119.139423,-84.439422,0.));
#6856 = VERTEX_POINT('',#6857);
#6857 = CARTESIAN_POINT('',(119.139423,-84.439422,1.510198));
#6858 = LINE('',#6859,#6860);
#6859 = CARTESIAN_POINT('',(119.139423,-84.439422,0.));
#6860 = VECTOR('',#6861,1.);
#6861 = DIRECTION('',(0.,0.,1.));
#6862 = ORIENTED_EDGE('',*,*,#6863,.T.);
#6863 = EDGE_CURVE('',#6856,#6814,#6864,.T.);
#6864 = CIRCLE('',#6865,5.00005849481);
#6865 = AXIS2_PLACEMENT_3D('',#6866,#6867,#6868);
#6866 = CARTESIAN_POINT('',(122.67499904166,-87.97499649435,1.510198));
#6867 = DIRECTION('',(0.,0.,-1.));
#6868 = DIRECTION('',(-0.707106935915,0.707106626458,0.));
#6869 = ORIENTED_EDGE('',*,*,#6811,.F.);
#6870 = ORIENTED_EDGE('',*,*,#6871,.F.);
#6871 = EDGE_CURVE('',#6854,#6812,#6872,.T.);
#6872 = CIRCLE('',#6873,5.00005849481);
#6873 = AXIS2_PLACEMENT_3D('',#6874,#6875,#6876);
#6874 = CARTESIAN_POINT('',(122.67499904166,-87.97499649435,0.));
#6875 = DIRECTION('',(0.,0.,-1.));
#6876 = DIRECTION('',(-0.707106935915,0.707106626458,0.));
#6877 = CYLINDRICAL_SURFACE('',#6878,5.00005849481);
#6878 = AXIS2_PLACEMENT_3D('',#6879,#6880,#6881);
#6879 = CARTESIAN_POINT('',(122.67499904166,-87.97499649435,0.));
#6880 = DIRECTION('',(0.,0.,-1.));
#6881 = DIRECTION('',(-0.707106935915,0.707106626458,0.));
#6882 = ADVANCED_FACE('',(#6883),#6908,.T.);
#6883 = FACE_BOUND('',#6884,.T.);
#6884 = EDGE_LOOP('',(#6885,#6886,#6894,#6902));
#6885 = ORIENTED_EDGE('',*,*,#6830,.T.);
#6886 = ORIENTED_EDGE('',*,*,#6887,.T.);
#6887 = EDGE_CURVE('',#6822,#6888,#6890,.T.);
#6888 = VERTEX_POINT('',#6889);
#6889 = CARTESIAN_POINT('',(146.72612,-108.044401,1.510198));
#6890 = LINE('',#6891,#6892);
#6891 = CARTESIAN_POINT('',(126.235388,-84.464408,1.510198));
#6892 = VECTOR('',#6893,1.);
#6893 = DIRECTION('',(0.655930600365,-0.754821202342,0.));
#6894 = ORIENTED_EDGE('',*,*,#6895,.F.);
#6895 = EDGE_CURVE('',#6896,#6888,#6898,.T.);
#6896 = VERTEX_POINT('',#6897);
#6897 = CARTESIAN_POINT('',(146.72612,-108.044401,0.));
#6898 = LINE('',#6899,#6900);
#6899 = CARTESIAN_POINT('',(146.72612,-108.044401,0.));
#6900 = VECTOR('',#6901,1.);
#6901 = DIRECTION('',(0.,0.,1.));
#6902 = ORIENTED_EDGE('',*,*,#6903,.F.);
#6903 = EDGE_CURVE('',#6831,#6896,#6904,.T.);
#6904 = LINE('',#6905,#6906);
#6905 = CARTESIAN_POINT('',(126.235388,-84.464408,0.));
#6906 = VECTOR('',#6907,1.);
#6907 = DIRECTION('',(0.655930600365,-0.754821202342,0.));
#6908 = PLANE('',#6909);
#6909 = AXIS2_PLACEMENT_3D('',#6910,#6911,#6912);
#6910 = CARTESIAN_POINT('',(126.235388,-84.464408,0.));
#6911 = DIRECTION('',(0.754821202342,0.655930600365,-0.));
#6912 = DIRECTION('',(0.655930600365,-0.754821202342,0.));
#6913 = ADVANCED_FACE('',(#6914,#6985,#6996,#7007,#7018,#7029,#7040,
    #7051,#7062,#7073,#7084,#7095,#7106,#7117,#7128,#7139,#7150,#7161,
    #7172,#7183,#7194,#7205,#7216,#7227,#7238,#7249,#7260),#7271,.F.);
#6914 = FACE_BOUND('',#6915,.F.);
#6915 = EDGE_LOOP('',(#6916,#6917,#6918,#6926,#6935,#6943,#6952,#6960,
    #6969,#6977,#6984));
#6916 = ORIENTED_EDGE('',*,*,#6838,.F.);
#6917 = ORIENTED_EDGE('',*,*,#6871,.F.);
#6918 = ORIENTED_EDGE('',*,*,#6919,.F.);
#6919 = EDGE_CURVE('',#6920,#6854,#6922,.T.);
#6920 = VERTEX_POINT('',#6921);
#6921 = CARTESIAN_POINT('',(95.630154,-108.035745,0.));
#6922 = LINE('',#6923,#6924);
#6923 = CARTESIAN_POINT('',(95.630154,-108.035745,0.));
#6924 = VECTOR('',#6925,1.);
#6925 = DIRECTION('',(0.705798799567,0.70841234781,0.));
#6926 = ORIENTED_EDGE('',*,*,#6927,.F.);
#6927 = EDGE_CURVE('',#6928,#6920,#6930,.T.);
#6928 = VERTEX_POINT('',#6929);
#6929 = CARTESIAN_POINT('',(94.675,-110.975,0.));
#6930 = CIRCLE('',#6931,4.99999648576);
#6931 = AXIS2_PLACEMENT_3D('',#6932,#6933,#6934);
#6932 = CARTESIAN_POINT('',(99.67499648576,-110.9749990079,0.));
#6933 = DIRECTION('',(0.,0.,-1.));
#6934 = DIRECTION('',(-1.,-1.984184964028E-07,-0.));
#6935 = ORIENTED_EDGE('',*,*,#6936,.F.);
#6936 = EDGE_CURVE('',#6937,#6928,#6939,.T.);
#6937 = VERTEX_POINT('',#6938);
#6938 = CARTESIAN_POINT('',(97.872878,-145.4,0.));
#6939 = LINE('',#6940,#6941);
#6940 = CARTESIAN_POINT('',(97.872878,-145.4,0.));
#6941 = VECTOR('',#6942,1.);
#6942 = DIRECTION('',(-9.249582939516E-02,0.995713071896,0.));
#6943 = ORIENTED_EDGE('',*,*,#6944,.F.);
#6944 = EDGE_CURVE('',#6945,#6937,#6947,.T.);
#6945 = VERTEX_POINT('',#6946);
#6946 = CARTESIAN_POINT('',(103.324956,-150.7,0.));
#6947 = CIRCLE('',#6948,5.302119599074);
#6948 = AXIS2_PLACEMENT_3D('',#6949,#6950,#6951);
#6949 = CARTESIAN_POINT('',(103.17499759907,-145.4000014414,0.));
#6950 = DIRECTION('',(0.,0.,-1.));
#6951 = DIRECTION('',(2.828272695938E-02,-0.999599963663,0.));
#6952 = ORIENTED_EDGE('',*,*,#6953,.F.);
#6953 = EDGE_CURVE('',#6954,#6945,#6956,.T.);
#6954 = VERTEX_POINT('',#6955);
#6955 = CARTESIAN_POINT('',(139.1,-150.703772,0.));
#6956 = LINE('',#6957,#6958);
#6957 = CARTESIAN_POINT('',(139.1,-150.703772,0.));
#6958 = VECTOR('',#6959,1.);
#6959 = DIRECTION('',(-0.999999994442,1.054366272486E-04,0.));
#6960 = ORIENTED_EDGE('',*,*,#6961,.F.);
#6961 = EDGE_CURVE('',#6962,#6954,#6964,.T.);
#6962 = VERTEX_POINT('',#6963);
#6963 = CARTESIAN_POINT('',(144.403772,-145.4,0.));
#6964 = CIRCLE('',#6965,5.303772502119);
#6965 = AXIS2_PLACEMENT_3D('',#6966,#6967,#6968);
#6966 = CARTESIAN_POINT('',(139.09999949788,-145.3999994978,0.));
#6967 = DIRECTION('',(0.,0.,-1.));
#6968 = DIRECTION('',(1.,-9.467211283398E-08,0.));
#6969 = ORIENTED_EDGE('',*,*,#6970,.F.);
#6970 = EDGE_CURVE('',#6971,#6962,#6973,.T.);
#6971 = VERTEX_POINT('',#6972);
#6972 = CARTESIAN_POINT('',(147.675,-110.975,0.));
#6973 = LINE('',#6974,#6975);
#6974 = CARTESIAN_POINT('',(147.675,-110.975,0.));
#6975 = VECTOR('',#6976,1.);
#6976 = DIRECTION('',(-9.459863925059E-02,-0.995515493326,0.));
#6977 = ORIENTED_EDGE('',*,*,#6978,.F.);
#6978 = EDGE_CURVE('',#6896,#6971,#6979,.T.);
#6979 = CIRCLE('',#6980,4.999988849887);
#6980 = AXIS2_PLACEMENT_3D('',#6981,#6982,#6983);
#6981 = CARTESIAN_POINT('',(142.67501115011,-110.9749991617,0.));
#6982 = DIRECTION('',(0.,0.,-1.));
#6983 = DIRECTION('',(0.810223576794,0.586120939403,0.));
#6984 = ORIENTED_EDGE('',*,*,#6903,.F.);
#6985 = FACE_BOUND('',#6986,.F.);
#6986 = EDGE_LOOP('',(#6987));
#6987 = ORIENTED_EDGE('',*,*,#6988,.T.);
#6988 = EDGE_CURVE('',#6989,#6989,#6991,.T.);
#6989 = VERTEX_POINT('',#6990);
#6990 = CARTESIAN_POINT('',(105.56,-144.255,0.));
#6991 = CIRCLE('',#6992,0.5);
#6992 = AXIS2_PLACEMENT_3D('',#6993,#6994,#6995);
#6993 = CARTESIAN_POINT('',(105.56,-143.755,0.));
#6994 = DIRECTION('',(-0.,0.,-1.));
#6995 = DIRECTION('',(-0.,-1.,0.));
#6996 = FACE_BOUND('',#6997,.F.);
#6997 = EDGE_LOOP('',(#6998));
#6998 = ORIENTED_EDGE('',*,*,#6999,.T.);
#6999 = EDGE_CURVE('',#7000,#7000,#7002,.T.);
#7000 = VERTEX_POINT('',#7001);
#7001 = CARTESIAN_POINT('',(105.56,-141.715,0.));
#7002 = CIRCLE('',#7003,0.5);
#7003 = AXIS2_PLACEMENT_3D('',#7004,#7005,#7006);
#7004 = CARTESIAN_POINT('',(105.56,-141.215,0.));
#7005 = DIRECTION('',(-0.,0.,-1.));
#7006 = DIRECTION('',(-0.,-1.,0.));
#7007 = FACE_BOUND('',#7008,.F.);
#7008 = EDGE_LOOP('',(#7009));
#7009 = ORIENTED_EDGE('',*,*,#7010,.T.);
#7010 = EDGE_CURVE('',#7011,#7011,#7013,.T.);
#7011 = VERTEX_POINT('',#7012);
#7012 = CARTESIAN_POINT('',(105.56,-139.175,0.));
#7013 = CIRCLE('',#7014,0.5);
#7014 = AXIS2_PLACEMENT_3D('',#7015,#7016,#7017);
#7015 = CARTESIAN_POINT('',(105.56,-138.675,0.));
#7016 = DIRECTION('',(-0.,0.,-1.));
#7017 = DIRECTION('',(-0.,-1.,0.));
#7018 = FACE_BOUND('',#7019,.F.);
#7019 = EDGE_LOOP('',(#7020));
#7020 = ORIENTED_EDGE('',*,*,#7021,.T.);
#7021 = EDGE_CURVE('',#7022,#7022,#7024,.T.);
#7022 = VERTEX_POINT('',#7023);
#7023 = CARTESIAN_POINT('',(105.56,-136.635,0.));
#7024 = CIRCLE('',#7025,0.5);
#7025 = AXIS2_PLACEMENT_3D('',#7026,#7027,#7028);
#7026 = CARTESIAN_POINT('',(105.56,-136.135,0.));
#7027 = DIRECTION('',(-0.,0.,-1.));
#7028 = DIRECTION('',(-0.,-1.,0.));
#7029 = FACE_BOUND('',#7030,.F.);
#7030 = EDGE_LOOP('',(#7031));
#7031 = ORIENTED_EDGE('',*,*,#7032,.T.);
#7032 = EDGE_CURVE('',#7033,#7033,#7035,.T.);
#7033 = VERTEX_POINT('',#7034);
#7034 = CARTESIAN_POINT('',(105.56,-134.095,0.));
#7035 = CIRCLE('',#7036,0.5);
#7036 = AXIS2_PLACEMENT_3D('',#7037,#7038,#7039);
#7037 = CARTESIAN_POINT('',(105.56,-133.595,0.));
#7038 = DIRECTION('',(-0.,0.,-1.));
#7039 = DIRECTION('',(-0.,-1.,0.));
#7040 = FACE_BOUND('',#7041,.F.);
#7041 = EDGE_LOOP('',(#7042));
#7042 = ORIENTED_EDGE('',*,*,#7043,.T.);
#7043 = EDGE_CURVE('',#7044,#7044,#7046,.T.);
#7044 = VERTEX_POINT('',#7045);
#7045 = CARTESIAN_POINT('',(105.56,-131.555,0.));
#7046 = CIRCLE('',#7047,0.5);
#7047 = AXIS2_PLACEMENT_3D('',#7048,#7049,#7050);
#7048 = CARTESIAN_POINT('',(105.56,-131.055,0.));
#7049 = DIRECTION('',(-0.,0.,-1.));
#7050 = DIRECTION('',(-0.,-1.,0.));
#7051 = FACE_BOUND('',#7052,.F.);
#7052 = EDGE_LOOP('',(#7053));
#7053 = ORIENTED_EDGE('',*,*,#7054,.T.);
#7054 = EDGE_CURVE('',#7055,#7055,#7057,.T.);
#7055 = VERTEX_POINT('',#7056);
#7056 = CARTESIAN_POINT('',(116.020001,-140.7,0.));
#7057 = CIRCLE('',#7058,0.65);
#7058 = AXIS2_PLACEMENT_3D('',#7059,#7060,#7061);
#7059 = CARTESIAN_POINT('',(116.020001,-140.05,0.));
#7060 = DIRECTION('',(-0.,0.,-1.));
#7061 = DIRECTION('',(-2.1862853408E-14,-1.,0.));
#7062 = FACE_BOUND('',#7063,.F.);
#7063 = EDGE_LOOP('',(#7064));
#7064 = ORIENTED_EDGE('',*,*,#7065,.T.);
#7065 = EDGE_CURVE('',#7066,#7066,#7068,.T.);
#7066 = VERTEX_POINT('',#7067);
#7067 = CARTESIAN_POINT('',(121.1,-140.7,0.));
#7068 = CIRCLE('',#7069,0.65);
#7069 = AXIS2_PLACEMENT_3D('',#7070,#7071,#7072);
#7070 = CARTESIAN_POINT('',(121.1,-140.05,0.));
#7071 = DIRECTION('',(-0.,0.,-1.));
#7072 = DIRECTION('',(-0.,-1.,0.));
#7073 = FACE_BOUND('',#7074,.F.);
#7074 = EDGE_LOOP('',(#7075));
#7075 = ORIENTED_EDGE('',*,*,#7076,.T.);
#7076 = EDGE_CURVE('',#7077,#7077,#7079,.T.);
#7077 = VERTEX_POINT('',#7078);
#7078 = CARTESIAN_POINT('',(105.56,-129.015,0.));
#7079 = CIRCLE('',#7080,0.5);
#7080 = AXIS2_PLACEMENT_3D('',#7081,#7082,#7083);
#7081 = CARTESIAN_POINT('',(105.56,-128.515,0.));
#7082 = DIRECTION('',(-0.,0.,-1.));
#7083 = DIRECTION('',(-0.,-1.,0.));
#7084 = FACE_BOUND('',#7085,.F.);
#7085 = EDGE_LOOP('',(#7086));
#7086 = ORIENTED_EDGE('',*,*,#7087,.T.);
#7087 = EDGE_CURVE('',#7088,#7088,#7090,.T.);
#7088 = VERTEX_POINT('',#7089);
#7089 = CARTESIAN_POINT('',(105.56,-126.475,0.));
#7090 = CIRCLE('',#7091,0.5);
#7091 = AXIS2_PLACEMENT_3D('',#7092,#7093,#7094);
#7092 = CARTESIAN_POINT('',(105.56,-125.975,0.));
#7093 = DIRECTION('',(-0.,0.,-1.));
#7094 = DIRECTION('',(-0.,-1.,0.));
#7095 = FACE_BOUND('',#7096,.F.);
#7096 = EDGE_LOOP('',(#7097));
#7097 = ORIENTED_EDGE('',*,*,#7098,.T.);
#7098 = EDGE_CURVE('',#7099,#7099,#7101,.T.);
#7099 = VERTEX_POINT('',#7100);
#7100 = CARTESIAN_POINT('',(137.05,-144.255,0.));
#7101 = CIRCLE('',#7102,0.5);
#7102 = AXIS2_PLACEMENT_3D('',#7103,#7104,#7105);
#7103 = CARTESIAN_POINT('',(137.05,-143.755,0.));
#7104 = DIRECTION('',(-0.,0.,-1.));
#7105 = DIRECTION('',(-0.,-1.,0.));
#7106 = FACE_BOUND('',#7107,.F.);
#7107 = EDGE_LOOP('',(#7108));
#7108 = ORIENTED_EDGE('',*,*,#7109,.T.);
#7109 = EDGE_CURVE('',#7110,#7110,#7112,.T.);
#7110 = VERTEX_POINT('',#7111);
#7111 = CARTESIAN_POINT('',(137.05,-141.715,0.));
#7112 = CIRCLE('',#7113,0.5);
#7113 = AXIS2_PLACEMENT_3D('',#7114,#7115,#7116);
#7114 = CARTESIAN_POINT('',(137.05,-141.215,0.));
#7115 = DIRECTION('',(-0.,0.,-1.));
#7116 = DIRECTION('',(-0.,-1.,0.));
#7117 = FACE_BOUND('',#7118,.F.);
#7118 = EDGE_LOOP('',(#7119));
#7119 = ORIENTED_EDGE('',*,*,#7120,.T.);
#7120 = EDGE_CURVE('',#7121,#7121,#7123,.T.);
#7121 = VERTEX_POINT('',#7122);
#7122 = CARTESIAN_POINT('',(132.74,-139.175,0.));
#7123 = CIRCLE('',#7124,0.5);
#7124 = AXIS2_PLACEMENT_3D('',#7125,#7126,#7127);
#7125 = CARTESIAN_POINT('',(132.74,-138.675,0.));
#7126 = DIRECTION('',(-0.,0.,-1.));
#7127 = DIRECTION('',(-0.,-1.,0.));
#7128 = FACE_BOUND('',#7129,.F.);
#7129 = EDGE_LOOP('',(#7130));
#7130 = ORIENTED_EDGE('',*,*,#7131,.T.);
#7131 = EDGE_CURVE('',#7132,#7132,#7134,.T.);
#7132 = VERTEX_POINT('',#7133);
#7133 = CARTESIAN_POINT('',(137.05,-139.175,0.));
#7134 = CIRCLE('',#7135,0.5);
#7135 = AXIS2_PLACEMENT_3D('',#7136,#7137,#7138);
#7136 = CARTESIAN_POINT('',(137.05,-138.675,0.));
#7137 = DIRECTION('',(-0.,0.,-1.));
#7138 = DIRECTION('',(-0.,-1.,0.));
#7139 = FACE_BOUND('',#7140,.F.);
#7140 = EDGE_LOOP('',(#7141));
#7141 = ORIENTED_EDGE('',*,*,#7142,.T.);
#7142 = EDGE_CURVE('',#7143,#7143,#7145,.T.);
#7143 = VERTEX_POINT('',#7144);
#7144 = CARTESIAN_POINT('',(132.74,-136.635,0.));
#7145 = CIRCLE('',#7146,0.5);
#7146 = AXIS2_PLACEMENT_3D('',#7147,#7148,#7149);
#7147 = CARTESIAN_POINT('',(132.74,-136.135,0.));
#7148 = DIRECTION('',(-0.,0.,-1.));
#7149 = DIRECTION('',(-0.,-1.,0.));
#7150 = FACE_BOUND('',#7151,.F.);
#7151 = EDGE_LOOP('',(#7152));
#7152 = ORIENTED_EDGE('',*,*,#7153,.T.);
#7153 = EDGE_CURVE('',#7154,#7154,#7156,.T.);
#7154 = VERTEX_POINT('',#7155);
#7155 = CARTESIAN_POINT('',(132.74,-134.095,0.));
#7156 = CIRCLE('',#7157,0.5);
#7157 = AXIS2_PLACEMENT_3D('',#7158,#7159,#7160);
#7158 = CARTESIAN_POINT('',(132.74,-133.595,0.));
#7159 = DIRECTION('',(-0.,0.,-1.));
#7160 = DIRECTION('',(-0.,-1.,0.));
#7161 = FACE_BOUND('',#7162,.F.);
#7162 = EDGE_LOOP('',(#7163));
#7163 = ORIENTED_EDGE('',*,*,#7164,.T.);
#7164 = EDGE_CURVE('',#7165,#7165,#7167,.T.);
#7165 = VERTEX_POINT('',#7166);
#7166 = CARTESIAN_POINT('',(137.05,-136.635,0.));
#7167 = CIRCLE('',#7168,0.5);
#7168 = AXIS2_PLACEMENT_3D('',#7169,#7170,#7171);
#7169 = CARTESIAN_POINT('',(137.05,-136.135,0.));
#7170 = DIRECTION('',(-0.,0.,-1.));
#7171 = DIRECTION('',(-0.,-1.,0.));
#7172 = FACE_BOUND('',#7173,.F.);
#7173 = EDGE_LOOP('',(#7174));
#7174 = ORIENTED_EDGE('',*,*,#7175,.T.);
#7175 = EDGE_CURVE('',#7176,#7176,#7178,.T.);
#7176 = VERTEX_POINT('',#7177);
#7177 = CARTESIAN_POINT('',(137.05,-134.095,0.));
#7178 = CIRCLE('',#7179,0.5);
#7179 = AXIS2_PLACEMENT_3D('',#7180,#7181,#7182);
#7180 = CARTESIAN_POINT('',(137.05,-133.595,0.));
#7181 = DIRECTION('',(-0.,0.,-1.));
#7182 = DIRECTION('',(-0.,-1.,0.));
#7183 = FACE_BOUND('',#7184,.F.);
#7184 = EDGE_LOOP('',(#7185));
#7185 = ORIENTED_EDGE('',*,*,#7186,.T.);
#7186 = EDGE_CURVE('',#7187,#7187,#7189,.T.);
#7187 = VERTEX_POINT('',#7188);
#7188 = CARTESIAN_POINT('',(132.74,-131.555,0.));
#7189 = CIRCLE('',#7190,0.5);
#7190 = AXIS2_PLACEMENT_3D('',#7191,#7192,#7193);
#7191 = CARTESIAN_POINT('',(132.74,-131.055,0.));
#7192 = DIRECTION('',(-0.,0.,-1.));
#7193 = DIRECTION('',(-0.,-1.,0.));
#7194 = FACE_BOUND('',#7195,.F.);
#7195 = EDGE_LOOP('',(#7196));
#7196 = ORIENTED_EDGE('',*,*,#7197,.T.);
#7197 = EDGE_CURVE('',#7198,#7198,#7200,.T.);
#7198 = VERTEX_POINT('',#7199);
#7199 = CARTESIAN_POINT('',(137.05,-131.555,0.));
#7200 = CIRCLE('',#7201,0.5);
#7201 = AXIS2_PLACEMENT_3D('',#7202,#7203,#7204);
#7202 = CARTESIAN_POINT('',(137.05,-131.055,0.));
#7203 = DIRECTION('',(-0.,0.,-1.));
#7204 = DIRECTION('',(-0.,-1.,0.));
#7205 = FACE_BOUND('',#7206,.F.);
#7206 = EDGE_LOOP('',(#7207));
#7207 = ORIENTED_EDGE('',*,*,#7208,.T.);
#7208 = EDGE_CURVE('',#7209,#7209,#7211,.T.);
#7209 = VERTEX_POINT('',#7210);
#7210 = CARTESIAN_POINT('',(132.74,-129.015,0.));
#7211 = CIRCLE('',#7212,0.5);
#7212 = AXIS2_PLACEMENT_3D('',#7213,#7214,#7215);
#7213 = CARTESIAN_POINT('',(132.74,-128.515,0.));
#7214 = DIRECTION('',(-0.,0.,-1.));
#7215 = DIRECTION('',(-0.,-1.,0.));
#7216 = FACE_BOUND('',#7217,.F.);
#7217 = EDGE_LOOP('',(#7218));
#7218 = ORIENTED_EDGE('',*,*,#7219,.T.);
#7219 = EDGE_CURVE('',#7220,#7220,#7222,.T.);
#7220 = VERTEX_POINT('',#7221);
#7221 = CARTESIAN_POINT('',(137.05,-129.015,0.));
#7222 = CIRCLE('',#7223,0.5);
#7223 = AXIS2_PLACEMENT_3D('',#7224,#7225,#7226);
#7224 = CARTESIAN_POINT('',(137.05,-128.515,0.));
#7225 = DIRECTION('',(-0.,0.,-1.));
#7226 = DIRECTION('',(-0.,-1.,0.));
#7227 = FACE_BOUND('',#7228,.F.);
#7228 = EDGE_LOOP('',(#7229));
#7229 = ORIENTED_EDGE('',*,*,#7230,.T.);
#7230 = EDGE_CURVE('',#7231,#7231,#7233,.T.);
#7231 = VERTEX_POINT('',#7232);
#7232 = CARTESIAN_POINT('',(137.05,-126.475,0.));
#7233 = CIRCLE('',#7234,0.5);
#7234 = AXIS2_PLACEMENT_3D('',#7235,#7236,#7237);
#7235 = CARTESIAN_POINT('',(137.05,-125.975,0.));
#7236 = DIRECTION('',(-0.,0.,-1.));
#7237 = DIRECTION('',(-0.,-1.,0.));
#7238 = FACE_BOUND('',#7239,.F.);
#7239 = EDGE_LOOP('',(#7240));
#7240 = ORIENTED_EDGE('',*,*,#7241,.T.);
#7241 = EDGE_CURVE('',#7242,#7242,#7244,.T.);
#7242 = VERTEX_POINT('',#7243);
#7243 = CARTESIAN_POINT('',(99.675,-112.575,0.));
#7244 = CIRCLE('',#7245,1.6);
#7245 = AXIS2_PLACEMENT_3D('',#7246,#7247,#7248);
#7246 = CARTESIAN_POINT('',(99.675,-110.975,0.));
#7247 = DIRECTION('',(-0.,0.,-1.));
#7248 = DIRECTION('',(-8.881784197001E-15,-1.,0.));
#7249 = FACE_BOUND('',#7250,.F.);
#7250 = EDGE_LOOP('',(#7251));
#7251 = ORIENTED_EDGE('',*,*,#7252,.T.);
#7252 = EDGE_CURVE('',#7253,#7253,#7255,.T.);
#7253 = VERTEX_POINT('',#7254);
#7254 = CARTESIAN_POINT('',(142.675,-112.575,0.));
#7255 = CIRCLE('',#7256,1.6);
#7256 = AXIS2_PLACEMENT_3D('',#7257,#7258,#7259);
#7257 = CARTESIAN_POINT('',(142.675,-110.975,0.));
#7258 = DIRECTION('',(-0.,0.,-1.));
#7259 = DIRECTION('',(-0.,-1.,0.));
#7260 = FACE_BOUND('',#7261,.F.);
#7261 = EDGE_LOOP('',(#7262));
#7262 = ORIENTED_EDGE('',*,*,#7263,.T.);
#7263 = EDGE_CURVE('',#7264,#7264,#7266,.T.);
#7264 = VERTEX_POINT('',#7265);
#7265 = CARTESIAN_POINT('',(122.675,-89.575,0.));
#7266 = CIRCLE('',#7267,1.6);
#7267 = AXIS2_PLACEMENT_3D('',#7268,#7269,#7270);
#7268 = CARTESIAN_POINT('',(122.675,-87.975,0.));
#7269 = DIRECTION('',(-0.,0.,-1.));
#7270 = DIRECTION('',(-8.881784197001E-15,-1.,0.));
#7271 = PLANE('',#7272);
#7272 = AXIS2_PLACEMENT_3D('',#7273,#7274,#7275);
#7273 = CARTESIAN_POINT('',(0.,0.,0.));
#7274 = DIRECTION('',(0.,0.,1.));
#7275 = DIRECTION('',(1.,0.,-0.));
#7276 = ADVANCED_FACE('',(#7277,#7348,#7359,#7370,#7381,#7392,#7403,
    #7414,#7425,#7436,#7447,#7458,#7469,#7480,#7491,#7502,#7513,#7524,
    #7535,#7546,#7557,#7568,#7579,#7590,#7601,#7612,#7623),#7634,.T.);
#7277 = FACE_BOUND('',#7278,.T.);
#7278 = EDGE_LOOP('',(#7279,#7280,#7281,#7289,#7298,#7306,#7315,#7323,
    #7332,#7340,#7347));
#7279 = ORIENTED_EDGE('',*,*,#6821,.F.);
#7280 = ORIENTED_EDGE('',*,*,#6863,.F.);
#7281 = ORIENTED_EDGE('',*,*,#7282,.F.);
#7282 = EDGE_CURVE('',#7283,#6856,#7285,.T.);
#7283 = VERTEX_POINT('',#7284);
#7284 = CARTESIAN_POINT('',(95.630154,-108.035745,1.510198));
#7285 = LINE('',#7286,#7287);
#7286 = CARTESIAN_POINT('',(95.630154,-108.035745,1.510198));
#7287 = VECTOR('',#7288,1.);
#7288 = DIRECTION('',(0.705798799567,0.70841234781,0.));
#7289 = ORIENTED_EDGE('',*,*,#7290,.F.);
#7290 = EDGE_CURVE('',#7291,#7283,#7293,.T.);
#7291 = VERTEX_POINT('',#7292);
#7292 = CARTESIAN_POINT('',(94.675,-110.975,1.510198));
#7293 = CIRCLE('',#7294,4.99999648576);
#7294 = AXIS2_PLACEMENT_3D('',#7295,#7296,#7297);
#7295 = CARTESIAN_POINT('',(99.67499648576,-110.9749990079,1.510198));
#7296 = DIRECTION('',(0.,0.,-1.));
#7297 = DIRECTION('',(-1.,-1.984184964028E-07,-0.));
#7298 = ORIENTED_EDGE('',*,*,#7299,.F.);
#7299 = EDGE_CURVE('',#7300,#7291,#7302,.T.);
#7300 = VERTEX_POINT('',#7301);
#7301 = CARTESIAN_POINT('',(97.872878,-145.4,1.510198));
#7302 = LINE('',#7303,#7304);
#7303 = CARTESIAN_POINT('',(97.872878,-145.4,1.510198));
#7304 = VECTOR('',#7305,1.);
#7305 = DIRECTION('',(-9.249582939516E-02,0.995713071896,0.));
#7306 = ORIENTED_EDGE('',*,*,#7307,.F.);
#7307 = EDGE_CURVE('',#7308,#7300,#7310,.T.);
#7308 = VERTEX_POINT('',#7309);
#7309 = CARTESIAN_POINT('',(103.324956,-150.7,1.510198));
#7310 = CIRCLE('',#7311,5.302119599074);
#7311 = AXIS2_PLACEMENT_3D('',#7312,#7313,#7314);
#7312 = CARTESIAN_POINT('',(103.17499759907,-145.4000014414,1.510198));
#7313 = DIRECTION('',(0.,0.,-1.));
#7314 = DIRECTION('',(2.828272695938E-02,-0.999599963663,0.));
#7315 = ORIENTED_EDGE('',*,*,#7316,.F.);
#7316 = EDGE_CURVE('',#7317,#7308,#7319,.T.);
#7317 = VERTEX_POINT('',#7318);
#7318 = CARTESIAN_POINT('',(139.1,-150.703772,1.510198));
#7319 = LINE('',#7320,#7321);
#7320 = CARTESIAN_POINT('',(139.1,-150.703772,1.510198));
#7321 = VECTOR('',#7322,1.);
#7322 = DIRECTION('',(-0.999999994442,1.054366272486E-04,0.));
#7323 = ORIENTED_EDGE('',*,*,#7324,.F.);
#7324 = EDGE_CURVE('',#7325,#7317,#7327,.T.);
#7325 = VERTEX_POINT('',#7326);
#7326 = CARTESIAN_POINT('',(144.403772,-145.4,1.510198));
#7327 = CIRCLE('',#7328,5.303772502119);
#7328 = AXIS2_PLACEMENT_3D('',#7329,#7330,#7331);
#7329 = CARTESIAN_POINT('',(139.09999949788,-145.3999994978,1.510198));
#7330 = DIRECTION('',(0.,0.,-1.));
#7331 = DIRECTION('',(1.,-9.467211283398E-08,0.));
#7332 = ORIENTED_EDGE('',*,*,#7333,.F.);
#7333 = EDGE_CURVE('',#7334,#7325,#7336,.T.);
#7334 = VERTEX_POINT('',#7335);
#7335 = CARTESIAN_POINT('',(147.675,-110.975,1.510198));
#7336 = LINE('',#7337,#7338);
#7337 = CARTESIAN_POINT('',(147.675,-110.975,1.510198));
#7338 = VECTOR('',#7339,1.);
#7339 = DIRECTION('',(-9.459863925059E-02,-0.995515493326,0.));
#7340 = ORIENTED_EDGE('',*,*,#7341,.F.);
#7341 = EDGE_CURVE('',#6888,#7334,#7342,.T.);
#7342 = CIRCLE('',#7343,4.999988849887);
#7343 = AXIS2_PLACEMENT_3D('',#7344,#7345,#7346);
#7344 = CARTESIAN_POINT('',(142.67501115011,-110.9749991617,1.510198));
#7345 = DIRECTION('',(0.,0.,-1.));
#7346 = DIRECTION('',(0.810223576794,0.586120939403,0.));
#7347 = ORIENTED_EDGE('',*,*,#6887,.F.);
#7348 = FACE_BOUND('',#7349,.T.);
#7349 = EDGE_LOOP('',(#7350));
#7350 = ORIENTED_EDGE('',*,*,#7351,.T.);
#7351 = EDGE_CURVE('',#7352,#7352,#7354,.T.);
#7352 = VERTEX_POINT('',#7353);
#7353 = CARTESIAN_POINT('',(105.56,-144.255,1.510198));
#7354 = CIRCLE('',#7355,0.5);
#7355 = AXIS2_PLACEMENT_3D('',#7356,#7357,#7358);
#7356 = CARTESIAN_POINT('',(105.56,-143.755,1.510198));
#7357 = DIRECTION('',(-0.,0.,-1.));
#7358 = DIRECTION('',(-0.,-1.,0.));
#7359 = FACE_BOUND('',#7360,.T.);
#7360 = EDGE_LOOP('',(#7361));
#7361 = ORIENTED_EDGE('',*,*,#7362,.T.);
#7362 = EDGE_CURVE('',#7363,#7363,#7365,.T.);
#7363 = VERTEX_POINT('',#7364);
#7364 = CARTESIAN_POINT('',(105.56,-141.715,1.510198));
#7365 = CIRCLE('',#7366,0.5);
#7366 = AXIS2_PLACEMENT_3D('',#7367,#7368,#7369);
#7367 = CARTESIAN_POINT('',(105.56,-141.215,1.510198));
#7368 = DIRECTION('',(-0.,0.,-1.));
#7369 = DIRECTION('',(-0.,-1.,0.));
#7370 = FACE_BOUND('',#7371,.T.);
#7371 = EDGE_LOOP('',(#7372));
#7372 = ORIENTED_EDGE('',*,*,#7373,.T.);
#7373 = EDGE_CURVE('',#7374,#7374,#7376,.T.);
#7374 = VERTEX_POINT('',#7375);
#7375 = CARTESIAN_POINT('',(105.56,-139.175,1.510198));
#7376 = CIRCLE('',#7377,0.5);
#7377 = AXIS2_PLACEMENT_3D('',#7378,#7379,#7380);
#7378 = CARTESIAN_POINT('',(105.56,-138.675,1.510198));
#7379 = DIRECTION('',(-0.,0.,-1.));
#7380 = DIRECTION('',(-0.,-1.,0.));
#7381 = FACE_BOUND('',#7382,.T.);
#7382 = EDGE_LOOP('',(#7383));
#7383 = ORIENTED_EDGE('',*,*,#7384,.T.);
#7384 = EDGE_CURVE('',#7385,#7385,#7387,.T.);
#7385 = VERTEX_POINT('',#7386);
#7386 = CARTESIAN_POINT('',(105.56,-136.635,1.510198));
#7387 = CIRCLE('',#7388,0.5);
#7388 = AXIS2_PLACEMENT_3D('',#7389,#7390,#7391);
#7389 = CARTESIAN_POINT('',(105.56,-136.135,1.510198));
#7390 = DIRECTION('',(-0.,0.,-1.));
#7391 = DIRECTION('',(-0.,-1.,0.));
#7392 = FACE_BOUND('',#7393,.T.);
#7393 = EDGE_LOOP('',(#7394));
#7394 = ORIENTED_EDGE('',*,*,#7395,.T.);
#7395 = EDGE_CURVE('',#7396,#7396,#7398,.T.);
#7396 = VERTEX_POINT('',#7397);
#7397 = CARTESIAN_POINT('',(105.56,-134.095,1.510198));
#7398 = CIRCLE('',#7399,0.5);
#7399 = AXIS2_PLACEMENT_3D('',#7400,#7401,#7402);
#7400 = CARTESIAN_POINT('',(105.56,-133.595,1.510198));
#7401 = DIRECTION('',(-0.,0.,-1.));
#7402 = DIRECTION('',(-0.,-1.,0.));
#7403 = FACE_BOUND('',#7404,.T.);
#7404 = EDGE_LOOP('',(#7405));
#7405 = ORIENTED_EDGE('',*,*,#7406,.T.);
#7406 = EDGE_CURVE('',#7407,#7407,#7409,.T.);
#7407 = VERTEX_POINT('',#7408);
#7408 = CARTESIAN_POINT('',(105.56,-131.555,1.510198));
#7409 = CIRCLE('',#7410,0.5);
#7410 = AXIS2_PLACEMENT_3D('',#7411,#7412,#7413);
#7411 = CARTESIAN_POINT('',(105.56,-131.055,1.510198));
#7412 = DIRECTION('',(-0.,0.,-1.));
#7413 = DIRECTION('',(-0.,-1.,0.));
#7414 = FACE_BOUND('',#7415,.T.);
#7415 = EDGE_LOOP('',(#7416));
#7416 = ORIENTED_EDGE('',*,*,#7417,.T.);
#7417 = EDGE_CURVE('',#7418,#7418,#7420,.T.);
#7418 = VERTEX_POINT('',#7419);
#7419 = CARTESIAN_POINT('',(116.020001,-140.7,1.510198));
#7420 = CIRCLE('',#7421,0.65);
#7421 = AXIS2_PLACEMENT_3D('',#7422,#7423,#7424);
#7422 = CARTESIAN_POINT('',(116.020001,-140.05,1.510198));
#7423 = DIRECTION('',(-0.,0.,-1.));
#7424 = DIRECTION('',(-2.1862853408E-14,-1.,0.));
#7425 = FACE_BOUND('',#7426,.T.);
#7426 = EDGE_LOOP('',(#7427));
#7427 = ORIENTED_EDGE('',*,*,#7428,.T.);
#7428 = EDGE_CURVE('',#7429,#7429,#7431,.T.);
#7429 = VERTEX_POINT('',#7430);
#7430 = CARTESIAN_POINT('',(121.1,-140.7,1.510198));
#7431 = CIRCLE('',#7432,0.65);
#7432 = AXIS2_PLACEMENT_3D('',#7433,#7434,#7435);
#7433 = CARTESIAN_POINT('',(121.1,-140.05,1.510198));
#7434 = DIRECTION('',(-0.,0.,-1.));
#7435 = DIRECTION('',(-0.,-1.,0.));
#7436 = FACE_BOUND('',#7437,.T.);
#7437 = EDGE_LOOP('',(#7438));
#7438 = ORIENTED_EDGE('',*,*,#7439,.T.);
#7439 = EDGE_CURVE('',#7440,#7440,#7442,.T.);
#7440 = VERTEX_POINT('',#7441);
#7441 = CARTESIAN_POINT('',(105.56,-129.015,1.510198));
#7442 = CIRCLE('',#7443,0.5);
#7443 = AXIS2_PLACEMENT_3D('',#7444,#7445,#7446);
#7444 = CARTESIAN_POINT('',(105.56,-128.515,1.510198));
#7445 = DIRECTION('',(-0.,0.,-1.));
#7446 = DIRECTION('',(-0.,-1.,0.));
#7447 = FACE_BOUND('',#7448,.T.);
#7448 = EDGE_LOOP('',(#7449));
#7449 = ORIENTED_EDGE('',*,*,#7450,.T.);
#7450 = EDGE_CURVE('',#7451,#7451,#7453,.T.);
#7451 = VERTEX_POINT('',#7452);
#7452 = CARTESIAN_POINT('',(105.56,-126.475,1.510198));
#7453 = CIRCLE('',#7454,0.5);
#7454 = AXIS2_PLACEMENT_3D('',#7455,#7456,#7457);
#7455 = CARTESIAN_POINT('',(105.56,-125.975,1.510198));
#7456 = DIRECTION('',(-0.,0.,-1.));
#7457 = DIRECTION('',(-0.,-1.,0.));
#7458 = FACE_BOUND('',#7459,.T.);
#7459 = EDGE_LOOP('',(#7460));
#7460 = ORIENTED_EDGE('',*,*,#7461,.T.);
#7461 = EDGE_CURVE('',#7462,#7462,#7464,.T.);
#7462 = VERTEX_POINT('',#7463);
#7463 = CARTESIAN_POINT('',(137.05,-144.255,1.510198));
#7464 = CIRCLE('',#7465,0.5);
#7465 = AXIS2_PLACEMENT_3D('',#7466,#7467,#7468);
#7466 = CARTESIAN_POINT('',(137.05,-143.755,1.510198));
#7467 = DIRECTION('',(-0.,0.,-1.));
#7468 = DIRECTION('',(-0.,-1.,0.));
#7469 = FACE_BOUND('',#7470,.T.);
#7470 = EDGE_LOOP('',(#7471));
#7471 = ORIENTED_EDGE('',*,*,#7472,.T.);
#7472 = EDGE_CURVE('',#7473,#7473,#7475,.T.);
#7473 = VERTEX_POINT('',#7474);
#7474 = CARTESIAN_POINT('',(137.05,-141.715,1.510198));
#7475 = CIRCLE('',#7476,0.5);
#7476 = AXIS2_PLACEMENT_3D('',#7477,#7478,#7479);
#7477 = CARTESIAN_POINT('',(137.05,-141.215,1.510198));
#7478 = DIRECTION('',(-0.,0.,-1.));
#7479 = DIRECTION('',(-0.,-1.,0.));
#7480 = FACE_BOUND('',#7481,.T.);
#7481 = EDGE_LOOP('',(#7482));
#7482 = ORIENTED_EDGE('',*,*,#7483,.T.);
#7483 = EDGE_CURVE('',#7484,#7484,#7486,.T.);
#7484 = VERTEX_POINT('',#7485);
#7485 = CARTESIAN_POINT('',(132.74,-139.175,1.510198));
#7486 = CIRCLE('',#7487,0.5);
#7487 = AXIS2_PLACEMENT_3D('',#7488,#7489,#7490);
#7488 = CARTESIAN_POINT('',(132.74,-138.675,1.510198));
#7489 = DIRECTION('',(-0.,0.,-1.));
#7490 = DIRECTION('',(-0.,-1.,0.));
#7491 = FACE_BOUND('',#7492,.T.);
#7492 = EDGE_LOOP('',(#7493));
#7493 = ORIENTED_EDGE('',*,*,#7494,.T.);
#7494 = EDGE_CURVE('',#7495,#7495,#7497,.T.);
#7495 = VERTEX_POINT('',#7496);
#7496 = CARTESIAN_POINT('',(137.05,-139.175,1.510198));
#7497 = CIRCLE('',#7498,0.5);
#7498 = AXIS2_PLACEMENT_3D('',#7499,#7500,#7501);
#7499 = CARTESIAN_POINT('',(137.05,-138.675,1.510198));
#7500 = DIRECTION('',(-0.,0.,-1.));
#7501 = DIRECTION('',(-0.,-1.,0.));
#7502 = FACE_BOUND('',#7503,.T.);
#7503 = EDGE_LOOP('',(#7504));
#7504 = ORIENTED_EDGE('',*,*,#7505,.T.);
#7505 = EDGE_CURVE('',#7506,#7506,#7508,.T.);
#7506 = VERTEX_POINT('',#7507);
#7507 = CARTESIAN_POINT('',(132.74,-136.635,1.510198));
#7508 = CIRCLE('',#7509,0.5);
#7509 = AXIS2_PLACEMENT_3D('',#7510,#7511,#7512);
#7510 = CARTESIAN_POINT('',(132.74,-136.135,1.510198));
#7511 = DIRECTION('',(-0.,0.,-1.));
#7512 = DIRECTION('',(-0.,-1.,0.));
#7513 = FACE_BOUND('',#7514,.T.);
#7514 = EDGE_LOOP('',(#7515));
#7515 = ORIENTED_EDGE('',*,*,#7516,.T.);
#7516 = EDGE_CURVE('',#7517,#7517,#7519,.T.);
#7517 = VERTEX_POINT('',#7518);
#7518 = CARTESIAN_POINT('',(132.74,-134.095,1.510198));
#7519 = CIRCLE('',#7520,0.5);
#7520 = AXIS2_PLACEMENT_3D('',#7521,#7522,#7523);
#7521 = CARTESIAN_POINT('',(132.74,-133.595,1.510198));
#7522 = DIRECTION('',(-0.,0.,-1.));
#7523 = DIRECTION('',(-0.,-1.,0.));
#7524 = FACE_BOUND('',#7525,.T.);
#7525 = EDGE_LOOP('',(#7526));
#7526 = ORIENTED_EDGE('',*,*,#7527,.T.);
#7527 = EDGE_CURVE('',#7528,#7528,#7530,.T.);
#7528 = VERTEX_POINT('',#7529);
#7529 = CARTESIAN_POINT('',(137.05,-136.635,1.510198));
#7530 = CIRCLE('',#7531,0.5);
#7531 = AXIS2_PLACEMENT_3D('',#7532,#7533,#7534);
#7532 = CARTESIAN_POINT('',(137.05,-136.135,1.510198));
#7533 = DIRECTION('',(-0.,0.,-1.));
#7534 = DIRECTION('',(-0.,-1.,0.));
#7535 = FACE_BOUND('',#7536,.T.);
#7536 = EDGE_LOOP('',(#7537));
#7537 = ORIENTED_EDGE('',*,*,#7538,.T.);
#7538 = EDGE_CURVE('',#7539,#7539,#7541,.T.);
#7539 = VERTEX_POINT('',#7540);
#7540 = CARTESIAN_POINT('',(137.05,-134.095,1.510198));
#7541 = CIRCLE('',#7542,0.5);
#7542 = AXIS2_PLACEMENT_3D('',#7543,#7544,#7545);
#7543 = CARTESIAN_POINT('',(137.05,-133.595,1.510198));
#7544 = DIRECTION('',(-0.,0.,-1.));
#7545 = DIRECTION('',(-0.,-1.,0.));
#7546 = FACE_BOUND('',#7547,.T.);
#7547 = EDGE_LOOP('',(#7548));
#7548 = ORIENTED_EDGE('',*,*,#7549,.T.);
#7549 = EDGE_CURVE('',#7550,#7550,#7552,.T.);
#7550 = VERTEX_POINT('',#7551);
#7551 = CARTESIAN_POINT('',(132.74,-131.555,1.510198));
#7552 = CIRCLE('',#7553,0.5);
#7553 = AXIS2_PLACEMENT_3D('',#7554,#7555,#7556);
#7554 = CARTESIAN_POINT('',(132.74,-131.055,1.510198));
#7555 = DIRECTION('',(-0.,0.,-1.));
#7556 = DIRECTION('',(-0.,-1.,0.));
#7557 = FACE_BOUND('',#7558,.T.);
#7558 = EDGE_LOOP('',(#7559));
#7559 = ORIENTED_EDGE('',*,*,#7560,.T.);
#7560 = EDGE_CURVE('',#7561,#7561,#7563,.T.);
#7561 = VERTEX_POINT('',#7562);
#7562 = CARTESIAN_POINT('',(137.05,-131.555,1.510198));
#7563 = CIRCLE('',#7564,0.5);
#7564 = AXIS2_PLACEMENT_3D('',#7565,#7566,#7567);
#7565 = CARTESIAN_POINT('',(137.05,-131.055,1.510198));
#7566 = DIRECTION('',(-0.,0.,-1.));
#7567 = DIRECTION('',(-0.,-1.,0.));
#7568 = FACE_BOUND('',#7569,.T.);
#7569 = EDGE_LOOP('',(#7570));
#7570 = ORIENTED_EDGE('',*,*,#7571,.T.);
#7571 = EDGE_CURVE('',#7572,#7572,#7574,.T.);
#7572 = VERTEX_POINT('',#7573);
#7573 = CARTESIAN_POINT('',(132.74,-129.015,1.510198));
#7574 = CIRCLE('',#7575,0.5);
#7575 = AXIS2_PLACEMENT_3D('',#7576,#7577,#7578);
#7576 = CARTESIAN_POINT('',(132.74,-128.515,1.510198));
#7577 = DIRECTION('',(-0.,0.,-1.));
#7578 = DIRECTION('',(-0.,-1.,0.));
#7579 = FACE_BOUND('',#7580,.T.);
#7580 = EDGE_LOOP('',(#7581));
#7581 = ORIENTED_EDGE('',*,*,#7582,.T.);
#7582 = EDGE_CURVE('',#7583,#7583,#7585,.T.);
#7583 = VERTEX_POINT('',#7584);
#7584 = CARTESIAN_POINT('',(137.05,-129.015,1.510198));
#7585 = CIRCLE('',#7586,0.5);
#7586 = AXIS2_PLACEMENT_3D('',#7587,#7588,#7589);
#7587 = CARTESIAN_POINT('',(137.05,-128.515,1.510198));
#7588 = DIRECTION('',(-0.,0.,-1.));
#7589 = DIRECTION('',(-0.,-1.,0.));
#7590 = FACE_BOUND('',#7591,.T.);
#7591 = EDGE_LOOP('',(#7592));
#7592 = ORIENTED_EDGE('',*,*,#7593,.T.);
#7593 = EDGE_CURVE('',#7594,#7594,#7596,.T.);
#7594 = VERTEX_POINT('',#7595);
#7595 = CARTESIAN_POINT('',(137.05,-126.475,1.510198));
#7596 = CIRCLE('',#7597,0.5);
#7597 = AXIS2_PLACEMENT_3D('',#7598,#7599,#7600);
#7598 = CARTESIAN_POINT('',(137.05,-125.975,1.510198));
#7599 = DIRECTION('',(-0.,0.,-1.));
#7600 = DIRECTION('',(-0.,-1.,0.));
#7601 = FACE_BOUND('',#7602,.T.);
#7602 = EDGE_LOOP('',(#7603));
#7603 = ORIENTED_EDGE('',*,*,#7604,.T.);
#7604 = EDGE_CURVE('',#7605,#7605,#7607,.T.);
#7605 = VERTEX_POINT('',#7606);
#7606 = CARTESIAN_POINT('',(99.675,-112.575,1.510198));
#7607 = CIRCLE('',#7608,1.6);
#7608 = AXIS2_PLACEMENT_3D('',#7609,#7610,#7611);
#7609 = CARTESIAN_POINT('',(99.675,-110.975,1.510198));
#7610 = DIRECTION('',(-0.,0.,-1.));
#7611 = DIRECTION('',(-8.881784197001E-15,-1.,0.));
#7612 = FACE_BOUND('',#7613,.T.);
#7613 = EDGE_LOOP('',(#7614));
#7614 = ORIENTED_EDGE('',*,*,#7615,.T.);
#7615 = EDGE_CURVE('',#7616,#7616,#7618,.T.);
#7616 = VERTEX_POINT('',#7617);
#7617 = CARTESIAN_POINT('',(142.675,-112.575,1.510198));
#7618 = CIRCLE('',#7619,1.6);
#7619 = AXIS2_PLACEMENT_3D('',#7620,#7621,#7622);
#7620 = CARTESIAN_POINT('',(142.675,-110.975,1.510198));
#7621 = DIRECTION('',(-0.,0.,-1.));
#7622 = DIRECTION('',(-0.,-1.,0.));
#7623 = FACE_BOUND('',#7624,.T.);
#7624 = EDGE_LOOP('',(#7625));
#7625 = ORIENTED_EDGE('',*,*,#7626,.T.);
#7626 = EDGE_CURVE('',#7627,#7627,#7629,.T.);
#7627 = VERTEX_POINT('',#7628);
#7628 = CARTESIAN_POINT('',(122.675,-89.575,1.510198));
#7629 = CIRCLE('',#7630,1.6);
#7630 = AXIS2_PLACEMENT_3D('',#7631,#7632,#7633);
#7631 = CARTESIAN_POINT('',(122.675,-87.975,1.510198));
#7632 = DIRECTION('',(-0.,0.,-1.));
#7633 = DIRECTION('',(-8.881784197001E-15,-1.,0.));
#7634 = PLANE('',#7635);
#7635 = AXIS2_PLACEMENT_3D('',#7636,#7637,#7638);
#7636 = CARTESIAN_POINT('',(0.,0.,1.510198));
#7637 = DIRECTION('',(0.,0.,1.));
#7638 = DIRECTION('',(1.,0.,-0.));
#7639 = ADVANCED_FACE('',(#7640),#7651,.T.);
#7640 = FACE_BOUND('',#7641,.T.);
#7641 = EDGE_LOOP('',(#7642,#7648,#7649,#7650));
#7642 = ORIENTED_EDGE('',*,*,#7643,.T.);
#7643 = EDGE_CURVE('',#6920,#7283,#7644,.T.);
#7644 = LINE('',#7645,#7646);
#7645 = CARTESIAN_POINT('',(95.630154,-108.035745,0.));
#7646 = VECTOR('',#7647,1.);
#7647 = DIRECTION('',(0.,0.,1.));
#7648 = ORIENTED_EDGE('',*,*,#7282,.T.);
#7649 = ORIENTED_EDGE('',*,*,#6853,.F.);
#7650 = ORIENTED_EDGE('',*,*,#6919,.F.);
#7651 = PLANE('',#7652);
#7652 = AXIS2_PLACEMENT_3D('',#7653,#7654,#7655);
#7653 = CARTESIAN_POINT('',(95.630154,-108.035745,0.));
#7654 = DIRECTION('',(-0.70841234781,0.705798799567,0.));
#7655 = DIRECTION('',(0.705798799567,0.70841234781,0.));
#7656 = ADVANCED_FACE('',(#7657),#7668,.T.);
#7657 = FACE_BOUND('',#7658,.T.);
#7658 = EDGE_LOOP('',(#7659,#7660,#7661,#7667));
#7659 = ORIENTED_EDGE('',*,*,#6895,.T.);
#7660 = ORIENTED_EDGE('',*,*,#7341,.T.);
#7661 = ORIENTED_EDGE('',*,*,#7662,.F.);
#7662 = EDGE_CURVE('',#6971,#7334,#7663,.T.);
#7663 = LINE('',#7664,#7665);
#7664 = CARTESIAN_POINT('',(147.675,-110.975,0.));
#7665 = VECTOR('',#7666,1.);
#7666 = DIRECTION('',(0.,0.,1.));
#7667 = ORIENTED_EDGE('',*,*,#6978,.F.);
#7668 = CYLINDRICAL_SURFACE('',#7669,4.999988849887);
#7669 = AXIS2_PLACEMENT_3D('',#7670,#7671,#7672);
#7670 = CARTESIAN_POINT('',(142.67501115011,-110.9749991617,0.));
#7671 = DIRECTION('',(0.,0.,-1.));
#7672 = DIRECTION('',(0.810223576794,0.586120939403,0.));
#7673 = ADVANCED_FACE('',(#7674),#7685,.T.);
#7674 = FACE_BOUND('',#7675,.T.);
#7675 = EDGE_LOOP('',(#7676,#7682,#7683,#7684));
#7676 = ORIENTED_EDGE('',*,*,#7677,.T.);
#7677 = EDGE_CURVE('',#6928,#7291,#7678,.T.);
#7678 = LINE('',#7679,#7680);
#7679 = CARTESIAN_POINT('',(94.675,-110.975,0.));
#7680 = VECTOR('',#7681,1.);
#7681 = DIRECTION('',(0.,0.,1.));
#7682 = ORIENTED_EDGE('',*,*,#7290,.T.);
#7683 = ORIENTED_EDGE('',*,*,#7643,.F.);
#7684 = ORIENTED_EDGE('',*,*,#6927,.F.);
#7685 = CYLINDRICAL_SURFACE('',#7686,4.99999648576);
#7686 = AXIS2_PLACEMENT_3D('',#7687,#7688,#7689);
#7687 = CARTESIAN_POINT('',(99.67499648576,-110.9749990079,0.));
#7688 = DIRECTION('',(0.,0.,-1.));
#7689 = DIRECTION('',(-1.,-1.984184964028E-07,-0.));
#7690 = ADVANCED_FACE('',(#7691),#7702,.T.);
#7691 = FACE_BOUND('',#7692,.T.);
#7692 = EDGE_LOOP('',(#7693,#7694,#7695,#7701));
#7693 = ORIENTED_EDGE('',*,*,#7662,.T.);
#7694 = ORIENTED_EDGE('',*,*,#7333,.T.);
#7695 = ORIENTED_EDGE('',*,*,#7696,.F.);
#7696 = EDGE_CURVE('',#6962,#7325,#7697,.T.);
#7697 = LINE('',#7698,#7699);
#7698 = CARTESIAN_POINT('',(144.403772,-145.4,0.));
#7699 = VECTOR('',#7700,1.);
#7700 = DIRECTION('',(0.,0.,1.));
#7701 = ORIENTED_EDGE('',*,*,#6970,.F.);
#7702 = PLANE('',#7703);
#7703 = AXIS2_PLACEMENT_3D('',#7704,#7705,#7706);
#7704 = CARTESIAN_POINT('',(147.675,-110.975,0.));
#7705 = DIRECTION('',(0.995515493326,-9.459863925059E-02,0.));
#7706 = DIRECTION('',(-9.459863925059E-02,-0.995515493326,0.));
#7707 = ADVANCED_FACE('',(#7708),#7719,.T.);
#7708 = FACE_BOUND('',#7709,.T.);
#7709 = EDGE_LOOP('',(#7710,#7716,#7717,#7718));
#7710 = ORIENTED_EDGE('',*,*,#7711,.T.);
#7711 = EDGE_CURVE('',#6937,#7300,#7712,.T.);
#7712 = LINE('',#7713,#7714);
#7713 = CARTESIAN_POINT('',(97.872878,-145.4,0.));
#7714 = VECTOR('',#7715,1.);
#7715 = DIRECTION('',(0.,0.,1.));
#7716 = ORIENTED_EDGE('',*,*,#7299,.T.);
#7717 = ORIENTED_EDGE('',*,*,#7677,.F.);
#7718 = ORIENTED_EDGE('',*,*,#6936,.F.);
#7719 = PLANE('',#7720);
#7720 = AXIS2_PLACEMENT_3D('',#7721,#7722,#7723);
#7721 = CARTESIAN_POINT('',(97.872878,-145.4,0.));
#7722 = DIRECTION('',(-0.995713071896,-9.249582939516E-02,0.));
#7723 = DIRECTION('',(-9.249582939516E-02,0.995713071896,0.));
#7724 = ADVANCED_FACE('',(#7725),#7736,.T.);
#7725 = FACE_BOUND('',#7726,.T.);
#7726 = EDGE_LOOP('',(#7727,#7728,#7729,#7735));
#7727 = ORIENTED_EDGE('',*,*,#7696,.T.);
#7728 = ORIENTED_EDGE('',*,*,#7324,.T.);
#7729 = ORIENTED_EDGE('',*,*,#7730,.F.);
#7730 = EDGE_CURVE('',#6954,#7317,#7731,.T.);
#7731 = LINE('',#7732,#7733);
#7732 = CARTESIAN_POINT('',(139.1,-150.703772,0.));
#7733 = VECTOR('',#7734,1.);
#7734 = DIRECTION('',(0.,0.,1.));
#7735 = ORIENTED_EDGE('',*,*,#6961,.F.);
#7736 = CYLINDRICAL_SURFACE('',#7737,5.303772502119);
#7737 = AXIS2_PLACEMENT_3D('',#7738,#7739,#7740);
#7738 = CARTESIAN_POINT('',(139.09999949788,-145.3999994978,0.));
#7739 = DIRECTION('',(0.,0.,-1.));
#7740 = DIRECTION('',(1.,-9.467211283398E-08,0.));
#7741 = ADVANCED_FACE('',(#7742),#7753,.T.);
#7742 = FACE_BOUND('',#7743,.T.);
#7743 = EDGE_LOOP('',(#7744,#7750,#7751,#7752));
#7744 = ORIENTED_EDGE('',*,*,#7745,.T.);
#7745 = EDGE_CURVE('',#6945,#7308,#7746,.T.);
#7746 = LINE('',#7747,#7748);
#7747 = CARTESIAN_POINT('',(103.324956,-150.7,0.));
#7748 = VECTOR('',#7749,1.);
#7749 = DIRECTION('',(0.,0.,1.));
#7750 = ORIENTED_EDGE('',*,*,#7307,.T.);
#7751 = ORIENTED_EDGE('',*,*,#7711,.F.);
#7752 = ORIENTED_EDGE('',*,*,#6944,.F.);
#7753 = CYLINDRICAL_SURFACE('',#7754,5.302119599074);
#7754 = AXIS2_PLACEMENT_3D('',#7755,#7756,#7757);
#7755 = CARTESIAN_POINT('',(103.17499759907,-145.4000014414,0.));
#7756 = DIRECTION('',(0.,0.,-1.));
#7757 = DIRECTION('',(2.828272695938E-02,-0.999599963663,0.));
#7758 = ADVANCED_FACE('',(#7759),#7765,.T.);
#7759 = FACE_BOUND('',#7760,.T.);
#7760 = EDGE_LOOP('',(#7761,#7762,#7763,#7764));
#7761 = ORIENTED_EDGE('',*,*,#7730,.T.);
#7762 = ORIENTED_EDGE('',*,*,#7316,.T.);
#7763 = ORIENTED_EDGE('',*,*,#7745,.F.);
#7764 = ORIENTED_EDGE('',*,*,#6953,.F.);
#7765 = PLANE('',#7766);
#7766 = AXIS2_PLACEMENT_3D('',#7767,#7768,#7769);
#7767 = CARTESIAN_POINT('',(139.1,-150.703772,0.));
#7768 = DIRECTION('',(-1.054366272486E-04,-0.999999994442,0.));
#7769 = DIRECTION('',(-0.999999994442,1.054366272486E-04,0.));
#7770 = ADVANCED_FACE('',(#7771),#7782,.F.);
#7771 = FACE_BOUND('',#7772,.T.);
#7772 = EDGE_LOOP('',(#7773,#7774,#7780,#7781));
#7773 = ORIENTED_EDGE('',*,*,#6988,.T.);
#7774 = ORIENTED_EDGE('',*,*,#7775,.T.);
#7775 = EDGE_CURVE('',#6989,#7352,#7776,.T.);
#7776 = LINE('',#7777,#7778);
#7777 = CARTESIAN_POINT('',(105.56,-144.255,-4.6E-02));
#7778 = VECTOR('',#7779,1.);
#7779 = DIRECTION('',(0.,0.,1.));
#7780 = ORIENTED_EDGE('',*,*,#7351,.F.);
#7781 = ORIENTED_EDGE('',*,*,#7775,.F.);
#7782 = CYLINDRICAL_SURFACE('',#7783,0.5);
#7783 = AXIS2_PLACEMENT_3D('',#7784,#7785,#7786);
#7784 = CARTESIAN_POINT('',(105.56,-143.755,-4.6E-02));
#7785 = DIRECTION('',(-0.,-0.,-1.));
#7786 = DIRECTION('',(-0.,-1.,0.));
#7787 = ADVANCED_FACE('',(#7788),#7799,.F.);
#7788 = FACE_BOUND('',#7789,.T.);
#7789 = EDGE_LOOP('',(#7790,#7791,#7797,#7798));
#7790 = ORIENTED_EDGE('',*,*,#6999,.T.);
#7791 = ORIENTED_EDGE('',*,*,#7792,.T.);
#7792 = EDGE_CURVE('',#7000,#7363,#7793,.T.);
#7793 = LINE('',#7794,#7795);
#7794 = CARTESIAN_POINT('',(105.56,-141.715,-4.6E-02));
#7795 = VECTOR('',#7796,1.);
#7796 = DIRECTION('',(0.,0.,1.));
#7797 = ORIENTED_EDGE('',*,*,#7362,.F.);
#7798 = ORIENTED_EDGE('',*,*,#7792,.F.);
#7799 = CYLINDRICAL_SURFACE('',#7800,0.5);
#7800 = AXIS2_PLACEMENT_3D('',#7801,#7802,#7803);
#7801 = CARTESIAN_POINT('',(105.56,-141.215,-4.6E-02));
#7802 = DIRECTION('',(-0.,-0.,-1.));
#7803 = DIRECTION('',(-0.,-1.,0.));
#7804 = ADVANCED_FACE('',(#7805),#7816,.F.);
#7805 = FACE_BOUND('',#7806,.T.);
#7806 = EDGE_LOOP('',(#7807,#7808,#7814,#7815));
#7807 = ORIENTED_EDGE('',*,*,#7010,.T.);
#7808 = ORIENTED_EDGE('',*,*,#7809,.T.);
#7809 = EDGE_CURVE('',#7011,#7374,#7810,.T.);
#7810 = LINE('',#7811,#7812);
#7811 = CARTESIAN_POINT('',(105.56,-139.175,-4.6E-02));
#7812 = VECTOR('',#7813,1.);
#7813 = DIRECTION('',(0.,0.,1.));
#7814 = ORIENTED_EDGE('',*,*,#7373,.F.);
#7815 = ORIENTED_EDGE('',*,*,#7809,.F.);
#7816 = CYLINDRICAL_SURFACE('',#7817,0.5);
#7817 = AXIS2_PLACEMENT_3D('',#7818,#7819,#7820);
#7818 = CARTESIAN_POINT('',(105.56,-138.675,-4.6E-02));
#7819 = DIRECTION('',(-0.,-0.,-1.));
#7820 = DIRECTION('',(-0.,-1.,0.));
#7821 = ADVANCED_FACE('',(#7822),#7833,.F.);
#7822 = FACE_BOUND('',#7823,.T.);
#7823 = EDGE_LOOP('',(#7824,#7825,#7831,#7832));
#7824 = ORIENTED_EDGE('',*,*,#7021,.T.);
#7825 = ORIENTED_EDGE('',*,*,#7826,.T.);
#7826 = EDGE_CURVE('',#7022,#7385,#7827,.T.);
#7827 = LINE('',#7828,#7829);
#7828 = CARTESIAN_POINT('',(105.56,-136.635,-4.6E-02));
#7829 = VECTOR('',#7830,1.);
#7830 = DIRECTION('',(0.,0.,1.));
#7831 = ORIENTED_EDGE('',*,*,#7384,.F.);
#7832 = ORIENTED_EDGE('',*,*,#7826,.F.);
#7833 = CYLINDRICAL_SURFACE('',#7834,0.5);
#7834 = AXIS2_PLACEMENT_3D('',#7835,#7836,#7837);
#7835 = CARTESIAN_POINT('',(105.56,-136.135,-4.6E-02));
#7836 = DIRECTION('',(-0.,-0.,-1.));
#7837 = DIRECTION('',(-0.,-1.,0.));
#7838 = ADVANCED_FACE('',(#7839),#7850,.F.);
#7839 = FACE_BOUND('',#7840,.T.);
#7840 = EDGE_LOOP('',(#7841,#7842,#7848,#7849));
#7841 = ORIENTED_EDGE('',*,*,#7032,.T.);
#7842 = ORIENTED_EDGE('',*,*,#7843,.T.);
#7843 = EDGE_CURVE('',#7033,#7396,#7844,.T.);
#7844 = LINE('',#7845,#7846);
#7845 = CARTESIAN_POINT('',(105.56,-134.095,-4.6E-02));
#7846 = VECTOR('',#7847,1.);
#7847 = DIRECTION('',(0.,0.,1.));
#7848 = ORIENTED_EDGE('',*,*,#7395,.F.);
#7849 = ORIENTED_EDGE('',*,*,#7843,.F.);
#7850 = CYLINDRICAL_SURFACE('',#7851,0.5);
#7851 = AXIS2_PLACEMENT_3D('',#7852,#7853,#7854);
#7852 = CARTESIAN_POINT('',(105.56,-133.595,-4.6E-02));
#7853 = DIRECTION('',(-0.,-0.,-1.));
#7854 = DIRECTION('',(-0.,-1.,0.));
#7855 = ADVANCED_FACE('',(#7856),#7867,.F.);
#7856 = FACE_BOUND('',#7857,.T.);
#7857 = EDGE_LOOP('',(#7858,#7859,#7865,#7866));
#7858 = ORIENTED_EDGE('',*,*,#7043,.T.);
#7859 = ORIENTED_EDGE('',*,*,#7860,.T.);
#7860 = EDGE_CURVE('',#7044,#7407,#7861,.T.);
#7861 = LINE('',#7862,#7863);
#7862 = CARTESIAN_POINT('',(105.56,-131.555,-4.6E-02));
#7863 = VECTOR('',#7864,1.);
#7864 = DIRECTION('',(0.,0.,1.));
#7865 = ORIENTED_EDGE('',*,*,#7406,.F.);
#7866 = ORIENTED_EDGE('',*,*,#7860,.F.);
#7867 = CYLINDRICAL_SURFACE('',#7868,0.5);
#7868 = AXIS2_PLACEMENT_3D('',#7869,#7870,#7871);
#7869 = CARTESIAN_POINT('',(105.56,-131.055,-4.6E-02));
#7870 = DIRECTION('',(-0.,-0.,-1.));
#7871 = DIRECTION('',(-0.,-1.,0.));
#7872 = ADVANCED_FACE('',(#7873),#7884,.F.);
#7873 = FACE_BOUND('',#7874,.T.);
#7874 = EDGE_LOOP('',(#7875,#7876,#7882,#7883));
#7875 = ORIENTED_EDGE('',*,*,#7054,.T.);
#7876 = ORIENTED_EDGE('',*,*,#7877,.T.);
#7877 = EDGE_CURVE('',#7055,#7418,#7878,.T.);
#7878 = LINE('',#7879,#7880);
#7879 = CARTESIAN_POINT('',(116.020001,-140.7,-4.6E-02));
#7880 = VECTOR('',#7881,1.);
#7881 = DIRECTION('',(0.,0.,1.));
#7882 = ORIENTED_EDGE('',*,*,#7417,.F.);
#7883 = ORIENTED_EDGE('',*,*,#7877,.F.);
#7884 = CYLINDRICAL_SURFACE('',#7885,0.65);
#7885 = AXIS2_PLACEMENT_3D('',#7886,#7887,#7888);
#7886 = CARTESIAN_POINT('',(116.020001,-140.05,-4.6E-02));
#7887 = DIRECTION('',(-0.,-0.,-1.));
#7888 = DIRECTION('',(-2.1862853408E-14,-1.,0.));
#7889 = ADVANCED_FACE('',(#7890),#7901,.F.);
#7890 = FACE_BOUND('',#7891,.T.);
#7891 = EDGE_LOOP('',(#7892,#7893,#7899,#7900));
#7892 = ORIENTED_EDGE('',*,*,#7065,.T.);
#7893 = ORIENTED_EDGE('',*,*,#7894,.T.);
#7894 = EDGE_CURVE('',#7066,#7429,#7895,.T.);
#7895 = LINE('',#7896,#7897);
#7896 = CARTESIAN_POINT('',(121.1,-140.7,-4.6E-02));
#7897 = VECTOR('',#7898,1.);
#7898 = DIRECTION('',(0.,0.,1.));
#7899 = ORIENTED_EDGE('',*,*,#7428,.F.);
#7900 = ORIENTED_EDGE('',*,*,#7894,.F.);
#7901 = CYLINDRICAL_SURFACE('',#7902,0.65);
#7902 = AXIS2_PLACEMENT_3D('',#7903,#7904,#7905);
#7903 = CARTESIAN_POINT('',(121.1,-140.05,-4.6E-02));
#7904 = DIRECTION('',(-0.,-0.,-1.));
#7905 = DIRECTION('',(-0.,-1.,0.));
#7906 = ADVANCED_FACE('',(#7907),#7918,.F.);
#7907 = FACE_BOUND('',#7908,.T.);
#7908 = EDGE_LOOP('',(#7909,#7910,#7916,#7917));
#7909 = ORIENTED_EDGE('',*,*,#7076,.T.);
#7910 = ORIENTED_EDGE('',*,*,#7911,.T.);
#7911 = EDGE_CURVE('',#7077,#7440,#7912,.T.);
#7912 = LINE('',#7913,#7914);
#7913 = CARTESIAN_POINT('',(105.56,-129.015,-4.6E-02));
#7914 = VECTOR('',#7915,1.);
#7915 = DIRECTION('',(0.,0.,1.));
#7916 = ORIENTED_EDGE('',*,*,#7439,.F.);
#7917 = ORIENTED_EDGE('',*,*,#7911,.F.);
#7918 = CYLINDRICAL_SURFACE('',#7919,0.5);
#7919 = AXIS2_PLACEMENT_3D('',#7920,#7921,#7922);
#7920 = CARTESIAN_POINT('',(105.56,-128.515,-4.6E-02));
#7921 = DIRECTION('',(-0.,-0.,-1.));
#7922 = DIRECTION('',(-0.,-1.,0.));
#7923 = ADVANCED_FACE('',(#7924),#7935,.F.);
#7924 = FACE_BOUND('',#7925,.T.);
#7925 = EDGE_LOOP('',(#7926,#7927,#7933,#7934));
#7926 = ORIENTED_EDGE('',*,*,#7087,.T.);
#7927 = ORIENTED_EDGE('',*,*,#7928,.T.);
#7928 = EDGE_CURVE('',#7088,#7451,#7929,.T.);
#7929 = LINE('',#7930,#7931);
#7930 = CARTESIAN_POINT('',(105.56,-126.475,-4.6E-02));
#7931 = VECTOR('',#7932,1.);
#7932 = DIRECTION('',(0.,0.,1.));
#7933 = ORIENTED_EDGE('',*,*,#7450,.F.);
#7934 = ORIENTED_EDGE('',*,*,#7928,.F.);
#7935 = CYLINDRICAL_SURFACE('',#7936,0.5);
#7936 = AXIS2_PLACEMENT_3D('',#7937,#7938,#7939);
#7937 = CARTESIAN_POINT('',(105.56,-125.975,-4.6E-02));
#7938 = DIRECTION('',(-0.,-0.,-1.));
#7939 = DIRECTION('',(-0.,-1.,0.));
#7940 = ADVANCED_FACE('',(#7941),#7952,.F.);
#7941 = FACE_BOUND('',#7942,.T.);
#7942 = EDGE_LOOP('',(#7943,#7944,#7950,#7951));
#7943 = ORIENTED_EDGE('',*,*,#7098,.T.);
#7944 = ORIENTED_EDGE('',*,*,#7945,.T.);
#7945 = EDGE_CURVE('',#7099,#7462,#7946,.T.);
#7946 = LINE('',#7947,#7948);
#7947 = CARTESIAN_POINT('',(137.05,-144.255,-4.6E-02));
#7948 = VECTOR('',#7949,1.);
#7949 = DIRECTION('',(0.,0.,1.));
#7950 = ORIENTED_EDGE('',*,*,#7461,.F.);
#7951 = ORIENTED_EDGE('',*,*,#7945,.F.);
#7952 = CYLINDRICAL_SURFACE('',#7953,0.5);
#7953 = AXIS2_PLACEMENT_3D('',#7954,#7955,#7956);
#7954 = CARTESIAN_POINT('',(137.05,-143.755,-4.6E-02));
#7955 = DIRECTION('',(-0.,-0.,-1.));
#7956 = DIRECTION('',(-0.,-1.,0.));
#7957 = ADVANCED_FACE('',(#7958),#7969,.F.);
#7958 = FACE_BOUND('',#7959,.T.);
#7959 = EDGE_LOOP('',(#7960,#7961,#7967,#7968));
#7960 = ORIENTED_EDGE('',*,*,#7109,.T.);
#7961 = ORIENTED_EDGE('',*,*,#7962,.T.);
#7962 = EDGE_CURVE('',#7110,#7473,#7963,.T.);
#7963 = LINE('',#7964,#7965);
#7964 = CARTESIAN_POINT('',(137.05,-141.715,-4.6E-02));
#7965 = VECTOR('',#7966,1.);
#7966 = DIRECTION('',(0.,0.,1.));
#7967 = ORIENTED_EDGE('',*,*,#7472,.F.);
#7968 = ORIENTED_EDGE('',*,*,#7962,.F.);
#7969 = CYLINDRICAL_SURFACE('',#7970,0.5);
#7970 = AXIS2_PLACEMENT_3D('',#7971,#7972,#7973);
#7971 = CARTESIAN_POINT('',(137.05,-141.215,-4.6E-02));
#7972 = DIRECTION('',(-0.,-0.,-1.));
#7973 = DIRECTION('',(-0.,-1.,0.));
#7974 = ADVANCED_FACE('',(#7975),#7986,.F.);
#7975 = FACE_BOUND('',#7976,.T.);
#7976 = EDGE_LOOP('',(#7977,#7978,#7984,#7985));
#7977 = ORIENTED_EDGE('',*,*,#7120,.T.);
#7978 = ORIENTED_EDGE('',*,*,#7979,.T.);
#7979 = EDGE_CURVE('',#7121,#7484,#7980,.T.);
#7980 = LINE('',#7981,#7982);
#7981 = CARTESIAN_POINT('',(132.74,-139.175,-4.6E-02));
#7982 = VECTOR('',#7983,1.);
#7983 = DIRECTION('',(0.,0.,1.));
#7984 = ORIENTED_EDGE('',*,*,#7483,.F.);
#7985 = ORIENTED_EDGE('',*,*,#7979,.F.);
#7986 = CYLINDRICAL_SURFACE('',#7987,0.5);
#7987 = AXIS2_PLACEMENT_3D('',#7988,#7989,#7990);
#7988 = CARTESIAN_POINT('',(132.74,-138.675,-4.6E-02));
#7989 = DIRECTION('',(-0.,-0.,-1.));
#7990 = DIRECTION('',(-0.,-1.,0.));
#7991 = ADVANCED_FACE('',(#7992),#8003,.F.);
#7992 = FACE_BOUND('',#7993,.T.);
#7993 = EDGE_LOOP('',(#7994,#7995,#8001,#8002));
#7994 = ORIENTED_EDGE('',*,*,#7131,.T.);
#7995 = ORIENTED_EDGE('',*,*,#7996,.T.);
#7996 = EDGE_CURVE('',#7132,#7495,#7997,.T.);
#7997 = LINE('',#7998,#7999);
#7998 = CARTESIAN_POINT('',(137.05,-139.175,-4.6E-02));
#7999 = VECTOR('',#8000,1.);
#8000 = DIRECTION('',(0.,0.,1.));
#8001 = ORIENTED_EDGE('',*,*,#7494,.F.);
#8002 = ORIENTED_EDGE('',*,*,#7996,.F.);
#8003 = CYLINDRICAL_SURFACE('',#8004,0.5);
#8004 = AXIS2_PLACEMENT_3D('',#8005,#8006,#8007);
#8005 = CARTESIAN_POINT('',(137.05,-138.675,-4.6E-02));
#8006 = DIRECTION('',(-0.,-0.,-1.));
#8007 = DIRECTION('',(-0.,-1.,0.));
#8008 = ADVANCED_FACE('',(#8009),#8020,.F.);
#8009 = FACE_BOUND('',#8010,.T.);
#8010 = EDGE_LOOP('',(#8011,#8012,#8018,#8019));
#8011 = ORIENTED_EDGE('',*,*,#7142,.T.);
#8012 = ORIENTED_EDGE('',*,*,#8013,.T.);
#8013 = EDGE_CURVE('',#7143,#7506,#8014,.T.);
#8014 = LINE('',#8015,#8016);
#8015 = CARTESIAN_POINT('',(132.74,-136.635,-4.6E-02));
#8016 = VECTOR('',#8017,1.);
#8017 = DIRECTION('',(0.,0.,1.));
#8018 = ORIENTED_EDGE('',*,*,#7505,.F.);
#8019 = ORIENTED_EDGE('',*,*,#8013,.F.);
#8020 = CYLINDRICAL_SURFACE('',#8021,0.5);
#8021 = AXIS2_PLACEMENT_3D('',#8022,#8023,#8024);
#8022 = CARTESIAN_POINT('',(132.74,-136.135,-4.6E-02));
#8023 = DIRECTION('',(-0.,-0.,-1.));
#8024 = DIRECTION('',(-0.,-1.,0.));
#8025 = ADVANCED_FACE('',(#8026),#8037,.F.);
#8026 = FACE_BOUND('',#8027,.T.);
#8027 = EDGE_LOOP('',(#8028,#8029,#8035,#8036));
#8028 = ORIENTED_EDGE('',*,*,#7153,.T.);
#8029 = ORIENTED_EDGE('',*,*,#8030,.T.);
#8030 = EDGE_CURVE('',#7154,#7517,#8031,.T.);
#8031 = LINE('',#8032,#8033);
#8032 = CARTESIAN_POINT('',(132.74,-134.095,-4.6E-02));
#8033 = VECTOR('',#8034,1.);
#8034 = DIRECTION('',(0.,0.,1.));
#8035 = ORIENTED_EDGE('',*,*,#7516,.F.);
#8036 = ORIENTED_EDGE('',*,*,#8030,.F.);
#8037 = CYLINDRICAL_SURFACE('',#8038,0.5);
#8038 = AXIS2_PLACEMENT_3D('',#8039,#8040,#8041);
#8039 = CARTESIAN_POINT('',(132.74,-133.595,-4.6E-02));
#8040 = DIRECTION('',(-0.,-0.,-1.));
#8041 = DIRECTION('',(-0.,-1.,0.));
#8042 = ADVANCED_FACE('',(#8043),#8054,.F.);
#8043 = FACE_BOUND('',#8044,.T.);
#8044 = EDGE_LOOP('',(#8045,#8046,#8052,#8053));
#8045 = ORIENTED_EDGE('',*,*,#7164,.T.);
#8046 = ORIENTED_EDGE('',*,*,#8047,.T.);
#8047 = EDGE_CURVE('',#7165,#7528,#8048,.T.);
#8048 = LINE('',#8049,#8050);
#8049 = CARTESIAN_POINT('',(137.05,-136.635,-4.6E-02));
#8050 = VECTOR('',#8051,1.);
#8051 = DIRECTION('',(0.,0.,1.));
#8052 = ORIENTED_EDGE('',*,*,#7527,.F.);
#8053 = ORIENTED_EDGE('',*,*,#8047,.F.);
#8054 = CYLINDRICAL_SURFACE('',#8055,0.5);
#8055 = AXIS2_PLACEMENT_3D('',#8056,#8057,#8058);
#8056 = CARTESIAN_POINT('',(137.05,-136.135,-4.6E-02));
#8057 = DIRECTION('',(-0.,-0.,-1.));
#8058 = DIRECTION('',(-0.,-1.,0.));
#8059 = ADVANCED_FACE('',(#8060),#8071,.F.);
#8060 = FACE_BOUND('',#8061,.T.);
#8061 = EDGE_LOOP('',(#8062,#8063,#8069,#8070));
#8062 = ORIENTED_EDGE('',*,*,#7175,.T.);
#8063 = ORIENTED_EDGE('',*,*,#8064,.T.);
#8064 = EDGE_CURVE('',#7176,#7539,#8065,.T.);
#8065 = LINE('',#8066,#8067);
#8066 = CARTESIAN_POINT('',(137.05,-134.095,-4.6E-02));
#8067 = VECTOR('',#8068,1.);
#8068 = DIRECTION('',(0.,0.,1.));
#8069 = ORIENTED_EDGE('',*,*,#7538,.F.);
#8070 = ORIENTED_EDGE('',*,*,#8064,.F.);
#8071 = CYLINDRICAL_SURFACE('',#8072,0.5);
#8072 = AXIS2_PLACEMENT_3D('',#8073,#8074,#8075);
#8073 = CARTESIAN_POINT('',(137.05,-133.595,-4.6E-02));
#8074 = DIRECTION('',(-0.,-0.,-1.));
#8075 = DIRECTION('',(-0.,-1.,0.));
#8076 = ADVANCED_FACE('',(#8077),#8088,.F.);
#8077 = FACE_BOUND('',#8078,.T.);
#8078 = EDGE_LOOP('',(#8079,#8080,#8086,#8087));
#8079 = ORIENTED_EDGE('',*,*,#7186,.T.);
#8080 = ORIENTED_EDGE('',*,*,#8081,.T.);
#8081 = EDGE_CURVE('',#7187,#7550,#8082,.T.);
#8082 = LINE('',#8083,#8084);
#8083 = CARTESIAN_POINT('',(132.74,-131.555,-4.6E-02));
#8084 = VECTOR('',#8085,1.);
#8085 = DIRECTION('',(0.,0.,1.));
#8086 = ORIENTED_EDGE('',*,*,#7549,.F.);
#8087 = ORIENTED_EDGE('',*,*,#8081,.F.);
#8088 = CYLINDRICAL_SURFACE('',#8089,0.5);
#8089 = AXIS2_PLACEMENT_3D('',#8090,#8091,#8092);
#8090 = CARTESIAN_POINT('',(132.74,-131.055,-4.6E-02));
#8091 = DIRECTION('',(-0.,-0.,-1.));
#8092 = DIRECTION('',(-0.,-1.,0.));
#8093 = ADVANCED_FACE('',(#8094),#8105,.F.);
#8094 = FACE_BOUND('',#8095,.T.);
#8095 = EDGE_LOOP('',(#8096,#8097,#8103,#8104));
#8096 = ORIENTED_EDGE('',*,*,#7197,.T.);
#8097 = ORIENTED_EDGE('',*,*,#8098,.T.);
#8098 = EDGE_CURVE('',#7198,#7561,#8099,.T.);
#8099 = LINE('',#8100,#8101);
#8100 = CARTESIAN_POINT('',(137.05,-131.555,-4.6E-02));
#8101 = VECTOR('',#8102,1.);
#8102 = DIRECTION('',(0.,0.,1.));
#8103 = ORIENTED_EDGE('',*,*,#7560,.F.);
#8104 = ORIENTED_EDGE('',*,*,#8098,.F.);
#8105 = CYLINDRICAL_SURFACE('',#8106,0.5);
#8106 = AXIS2_PLACEMENT_3D('',#8107,#8108,#8109);
#8107 = CARTESIAN_POINT('',(137.05,-131.055,-4.6E-02));
#8108 = DIRECTION('',(-0.,-0.,-1.));
#8109 = DIRECTION('',(-0.,-1.,0.));
#8110 = ADVANCED_FACE('',(#8111),#8122,.F.);
#8111 = FACE_BOUND('',#8112,.T.);
#8112 = EDGE_LOOP('',(#8113,#8114,#8120,#8121));
#8113 = ORIENTED_EDGE('',*,*,#7208,.T.);
#8114 = ORIENTED_EDGE('',*,*,#8115,.T.);
#8115 = EDGE_CURVE('',#7209,#7572,#8116,.T.);
#8116 = LINE('',#8117,#8118);
#8117 = CARTESIAN_POINT('',(132.74,-129.015,-4.6E-02));
#8118 = VECTOR('',#8119,1.);
#8119 = DIRECTION('',(0.,0.,1.));
#8120 = ORIENTED_EDGE('',*,*,#7571,.F.);
#8121 = ORIENTED_EDGE('',*,*,#8115,.F.);
#8122 = CYLINDRICAL_SURFACE('',#8123,0.5);
#8123 = AXIS2_PLACEMENT_3D('',#8124,#8125,#8126);
#8124 = CARTESIAN_POINT('',(132.74,-128.515,-4.6E-02));
#8125 = DIRECTION('',(-0.,-0.,-1.));
#8126 = DIRECTION('',(-0.,-1.,0.));
#8127 = ADVANCED_FACE('',(#8128),#8139,.F.);
#8128 = FACE_BOUND('',#8129,.T.);
#8129 = EDGE_LOOP('',(#8130,#8131,#8137,#8138));
#8130 = ORIENTED_EDGE('',*,*,#7219,.T.);
#8131 = ORIENTED_EDGE('',*,*,#8132,.T.);
#8132 = EDGE_CURVE('',#7220,#7583,#8133,.T.);
#8133 = LINE('',#8134,#8135);
#8134 = CARTESIAN_POINT('',(137.05,-129.015,-4.6E-02));
#8135 = VECTOR('',#8136,1.);
#8136 = DIRECTION('',(0.,0.,1.));
#8137 = ORIENTED_EDGE('',*,*,#7582,.F.);
#8138 = ORIENTED_EDGE('',*,*,#8132,.F.);
#8139 = CYLINDRICAL_SURFACE('',#8140,0.5);
#8140 = AXIS2_PLACEMENT_3D('',#8141,#8142,#8143);
#8141 = CARTESIAN_POINT('',(137.05,-128.515,-4.6E-02));
#8142 = DIRECTION('',(-0.,-0.,-1.));
#8143 = DIRECTION('',(-0.,-1.,0.));
#8144 = ADVANCED_FACE('',(#8145),#8156,.F.);
#8145 = FACE_BOUND('',#8146,.T.);
#8146 = EDGE_LOOP('',(#8147,#8148,#8154,#8155));
#8147 = ORIENTED_EDGE('',*,*,#7230,.T.);
#8148 = ORIENTED_EDGE('',*,*,#8149,.T.);
#8149 = EDGE_CURVE('',#7231,#7594,#8150,.T.);
#8150 = LINE('',#8151,#8152);
#8151 = CARTESIAN_POINT('',(137.05,-126.475,-4.6E-02));
#8152 = VECTOR('',#8153,1.);
#8153 = DIRECTION('',(0.,0.,1.));
#8154 = ORIENTED_EDGE('',*,*,#7593,.F.);
#8155 = ORIENTED_EDGE('',*,*,#8149,.F.);
#8156 = CYLINDRICAL_SURFACE('',#8157,0.5);
#8157 = AXIS2_PLACEMENT_3D('',#8158,#8159,#8160);
#8158 = CARTESIAN_POINT('',(137.05,-125.975,-4.6E-02));
#8159 = DIRECTION('',(-0.,-0.,-1.));
#8160 = DIRECTION('',(-0.,-1.,0.));
#8161 = ADVANCED_FACE('',(#8162),#8173,.F.);
#8162 = FACE_BOUND('',#8163,.T.);
#8163 = EDGE_LOOP('',(#8164,#8165,#8171,#8172));
#8164 = ORIENTED_EDGE('',*,*,#7241,.T.);
#8165 = ORIENTED_EDGE('',*,*,#8166,.T.);
#8166 = EDGE_CURVE('',#7242,#7605,#8167,.T.);
#8167 = LINE('',#8168,#8169);
#8168 = CARTESIAN_POINT('',(99.675,-112.575,-4.6E-02));
#8169 = VECTOR('',#8170,1.);
#8170 = DIRECTION('',(0.,0.,1.));
#8171 = ORIENTED_EDGE('',*,*,#7604,.F.);
#8172 = ORIENTED_EDGE('',*,*,#8166,.F.);
#8173 = CYLINDRICAL_SURFACE('',#8174,1.6);
#8174 = AXIS2_PLACEMENT_3D('',#8175,#8176,#8177);
#8175 = CARTESIAN_POINT('',(99.675,-110.975,-4.6E-02));
#8176 = DIRECTION('',(-0.,-0.,-1.));
#8177 = DIRECTION('',(-8.881784197001E-15,-1.,0.));
#8178 = ADVANCED_FACE('',(#8179),#8190,.F.);
#8179 = FACE_BOUND('',#8180,.T.);
#8180 = EDGE_LOOP('',(#8181,#8182,#8188,#8189));
#8181 = ORIENTED_EDGE('',*,*,#7252,.T.);
#8182 = ORIENTED_EDGE('',*,*,#8183,.T.);
#8183 = EDGE_CURVE('',#7253,#7616,#8184,.T.);
#8184 = LINE('',#8185,#8186);
#8185 = CARTESIAN_POINT('',(142.675,-112.575,-4.6E-02));
#8186 = VECTOR('',#8187,1.);
#8187 = DIRECTION('',(0.,0.,1.));
#8188 = ORIENTED_EDGE('',*,*,#7615,.F.);
#8189 = ORIENTED_EDGE('',*,*,#8183,.F.);
#8190 = CYLINDRICAL_SURFACE('',#8191,1.6);
#8191 = AXIS2_PLACEMENT_3D('',#8192,#8193,#8194);
#8192 = CARTESIAN_POINT('',(142.675,-110.975,-4.6E-02));
#8193 = DIRECTION('',(-0.,-0.,-1.));
#8194 = DIRECTION('',(-0.,-1.,0.));
#8195 = ADVANCED_FACE('',(#8196),#8207,.F.);
#8196 = FACE_BOUND('',#8197,.T.);
#8197 = EDGE_LOOP('',(#8198,#8199,#8205,#8206));
#8198 = ORIENTED_EDGE('',*,*,#7263,.T.);
#8199 = ORIENTED_EDGE('',*,*,#8200,.T.);
#8200 = EDGE_CURVE('',#7264,#7627,#8201,.T.);
#8201 = LINE('',#8202,#8203);
#8202 = CARTESIAN_POINT('',(122.675,-89.575,-4.6E-02));
#8203 = VECTOR('',#8204,1.);
#8204 = DIRECTION('',(0.,0.,1.));
#8205 = ORIENTED_EDGE('',*,*,#7626,.F.);
#8206 = ORIENTED_EDGE('',*,*,#8200,.F.);
#8207 = CYLINDRICAL_SURFACE('',#8208,1.6);
#8208 = AXIS2_PLACEMENT_3D('',#8209,#8210,#8211);
#8209 = CARTESIAN_POINT('',(122.675,-87.975,-4.6E-02));
#8210 = DIRECTION('',(-0.,-0.,-1.));
#8211 = DIRECTION('',(-8.881784197001E-15,-1.,0.));
#8212 = ( GEOMETRIC_REPRESENTATION_CONTEXT(3) 
GLOBAL_UNCERTAINTY_ASSIGNED_CONTEXT((#8216)) 
GLOBAL_UNIT_ASSIGNED_CONTEXT((#8213,#8214,#8215)) REPRESENTATION_CONTEXT
('Context #1','3D Context with UNIT and UNCERTAINTY') );
#8213 = ( LENGTH_UNIT() NAMED_UNIT(*) SI_UNIT(.MILLI.,.METRE.) );
#8214 = ( NAMED_UNIT(*) PLANE_ANGLE_UNIT() SI_UNIT($,.RADIAN.) );
#8215 = ( NAMED_UNIT(*) SI_UNIT($,.STERADIAN.) SOLID_ANGLE_UNIT() );
#8216 = UNCERTAINTY_MEASURE_WITH_UNIT(LENGTH_MEASURE(1.E-07),#8213,
  'distance_accuracy_value','confusion accuracy');
#8217 = CONTEXT_DEPENDENT_SHAPE_REPRESENTATION(#8218,#8220);
#8218 = ( REPRESENTATION_RELATIONSHIP('','',#6804,#10) 
REPRESENTATION_RELATIONSHIP_WITH_TRANSFORMATION(#8219) 
SHAPE_REPRESENTATION_RELATIONSHIP() );
#8219 = ITEM_DEFINED_TRANSFORMATION('','',#11,#35);
#8220 = PRODUCT_DEFINITION_SHAPE('Placement','Placement of an item',
  #8221);
#8221 = NEXT_ASSEMBLY_USAGE_OCCURRENCE('6','=>[0:1:1:5]','',#5,#6799,$);
#8222 = PRODUCT_RELATED_PRODUCT_CATEGORY('part',$,(#6801));
#8223 = MECHANICAL_DESIGN_GEOMETRIC_PRESENTATION_REPRESENTATION('',(
    #8224,#8234,#8243,#8252,#8261,#8270,#8279,#8289,#8298,#8307,#8316,
    #8325,#8334,#8343,#8352,#8362,#8371,#8380,#8389,#8398,#8407,#8416,
    #8425,#8434,#8443,#8452,#8461,#8470,#8479,#8488,#8497,#8506,#8515,
    #8524,#8533,#8542,#8551,#8560,#8569,#8578,#8587,#8596,#8605,#8614,
    #8623,#8632,#8641,#8650,#8659,#8668,#8677,#8686,#8695,#8704,#8713,
    #8722,#8731,#8740,#8749,#8758,#8767,#8776,#8785,#8794,#8803,#8812,
    #8821,#8830,#8839,#8848,#8857,#8866,#8875,#8884,#8893,#8902,#8911,
    #8920,#8929,#8938,#8947,#8956,#8965,#8974,#8983,#8992,#9001,#9010,
    #9019,#9028,#9037,#9046,#9055,#9064,#9073,#9082,#9091,#9100,#9109,
    #9118,#9127,#9136,#9145,#9154,#9163,#9172,#9181,#9190,#9199,#9208,
    #9217,#9226,#9235,#9244,#9253),#3327);
#8224 = STYLED_ITEM('color',(#8225),#55);
#8225 = PRESENTATION_STYLE_ASSIGNMENT((#8226,#8232));
#8226 = SURFACE_STYLE_USAGE(.BOTH.,#8227);
#8227 = SURFACE_SIDE_STYLE('',(#8228));
#8228 = SURFACE_STYLE_FILL_AREA(#8229);
#8229 = FILL_AREA_STYLE('',(#8230));
#8230 = FILL_AREA_STYLE_COLOUR('',#8231);
#8231 = COLOUR_RGB('',0.147999998088,0.145000001626,0.145000001626);
#8232 = CURVE_STYLE('',#8233,POSITIVE_LENGTH_MEASURE(0.1),#8231);
#8233 = DRAUGHTING_PRE_DEFINED_CURVE_FONT('continuous');
#8234 = STYLED_ITEM('color',(#8235),#104);
#8235 = PRESENTATION_STYLE_ASSIGNMENT((#8236,#8241));
#8236 = SURFACE_STYLE_USAGE(.BOTH.,#8237);
#8237 = SURFACE_SIDE_STYLE('',(#8238));
#8238 = SURFACE_STYLE_FILL_AREA(#8239);
#8239 = FILL_AREA_STYLE('',(#8240));
#8240 = FILL_AREA_STYLE_COLOUR('',#8231);
#8241 = CURVE_STYLE('',#8242,POSITIVE_LENGTH_MEASURE(0.1),#8231);
#8242 = DRAUGHTING_PRE_DEFINED_CURVE_FONT('continuous');
#8243 = STYLED_ITEM('color',(#8244),#136);
#8244 = PRESENTATION_STYLE_ASSIGNMENT((#8245,#8250));
#8245 = SURFACE_STYLE_USAGE(.BOTH.,#8246);
#8246 = SURFACE_SIDE_STYLE('',(#8247));
#8247 = SURFACE_STYLE_FILL_AREA(#8248);
#8248 = FILL_AREA_STYLE('',(#8249));
#8249 = FILL_AREA_STYLE_COLOUR('',#8231);
#8250 = CURVE_STYLE('',#8251,POSITIVE_LENGTH_MEASURE(0.1),#8231);
#8251 = DRAUGHTING_PRE_DEFINED_CURVE_FONT('continuous');
#8252 = STYLED_ITEM('color',(#8253),#276);
#8253 = PRESENTATION_STYLE_ASSIGNMENT((#8254,#8259));
#8254 = SURFACE_STYLE_USAGE(.BOTH.,#8255);
#8255 = SURFACE_SIDE_STYLE('',(#8256));
#8256 = SURFACE_STYLE_FILL_AREA(#8257);
#8257 = FILL_AREA_STYLE('',(#8258));
#8258 = FILL_AREA_STYLE_COLOUR('',#8231);
#8259 = CURVE_STYLE('',#8260,POSITIVE_LENGTH_MEASURE(0.1),#8231);
#8260 = DRAUGHTING_PRE_DEFINED_CURVE_FONT('continuous');
#8261 = STYLED_ITEM('color',(#8262),#300);
#8262 = PRESENTATION_STYLE_ASSIGNMENT((#8263,#8268));
#8263 = SURFACE_STYLE_USAGE(.BOTH.,#8264);
#8264 = SURFACE_SIDE_STYLE('',(#8265));
#8265 = SURFACE_STYLE_FILL_AREA(#8266);
#8266 = FILL_AREA_STYLE('',(#8267));
#8267 = FILL_AREA_STYLE_COLOUR('',#8231);
#8268 = CURVE_STYLE('',#8269,POSITIVE_LENGTH_MEASURE(0.1),#8231);
#8269 = DRAUGHTING_PRE_DEFINED_CURVE_FONT('continuous');
#8270 = STYLED_ITEM('color',(#8271),#324);
#8271 = PRESENTATION_STYLE_ASSIGNMENT((#8272,#8277));
#8272 = SURFACE_STYLE_USAGE(.BOTH.,#8273);
#8273 = SURFACE_SIDE_STYLE('',(#8274));
#8274 = SURFACE_STYLE_FILL_AREA(#8275);
#8275 = FILL_AREA_STYLE('',(#8276));
#8276 = FILL_AREA_STYLE_COLOUR('',#8231);
#8277 = CURVE_STYLE('',#8278,POSITIVE_LENGTH_MEASURE(0.1),#8231);
#8278 = DRAUGHTING_PRE_DEFINED_CURVE_FONT('continuous');
#8279 = STYLED_ITEM('color',(#8280),#389);
#8280 = PRESENTATION_STYLE_ASSIGNMENT((#8281,#8287));
#8281 = SURFACE_STYLE_USAGE(.BOTH.,#8282);
#8282 = SURFACE_SIDE_STYLE('',(#8283));
#8283 = SURFACE_STYLE_FILL_AREA(#8284);
#8284 = FILL_AREA_STYLE('',(#8285));
#8285 = FILL_AREA_STYLE_COLOUR('',#8286);
#8286 = COLOUR_RGB('',0.507540004841,0.507540004841,0.507540004841);
#8287 = CURVE_STYLE('',#8288,POSITIVE_LENGTH_MEASURE(0.1),#8286);
#8288 = DRAUGHTING_PRE_DEFINED_CURVE_FONT('continuous');
#8289 = STYLED_ITEM('color',(#8290),#421);
#8290 = PRESENTATION_STYLE_ASSIGNMENT((#8291,#8296));
#8291 = SURFACE_STYLE_USAGE(.BOTH.,#8292);
#8292 = SURFACE_SIDE_STYLE('',(#8293));
#8293 = SURFACE_STYLE_FILL_AREA(#8294);
#8294 = FILL_AREA_STYLE('',(#8295));
#8295 = FILL_AREA_STYLE_COLOUR('',#8231);
#8296 = CURVE_STYLE('',#8297,POSITIVE_LENGTH_MEASURE(0.1),#8231);
#8297 = DRAUGHTING_PRE_DEFINED_CURVE_FONT('continuous');
#8298 = STYLED_ITEM('color',(#8299),#461);
#8299 = PRESENTATION_STYLE_ASSIGNMENT((#8300,#8305));
#8300 = SURFACE_STYLE_USAGE(.BOTH.,#8301);
#8301 = SURFACE_SIDE_STYLE('',(#8302));
#8302 = SURFACE_STYLE_FILL_AREA(#8303);
#8303 = FILL_AREA_STYLE('',(#8304));
#8304 = FILL_AREA_STYLE_COLOUR('',#8231);
#8305 = CURVE_STYLE('',#8306,POSITIVE_LENGTH_MEASURE(0.1),#8231);
#8306 = DRAUGHTING_PRE_DEFINED_CURVE_FONT('continuous');
#8307 = STYLED_ITEM('color',(#8308),#486);
#8308 = PRESENTATION_STYLE_ASSIGNMENT((#8309,#8314));
#8309 = SURFACE_STYLE_USAGE(.BOTH.,#8310);
#8310 = SURFACE_SIDE_STYLE('',(#8311));
#8311 = SURFACE_STYLE_FILL_AREA(#8312);
#8312 = FILL_AREA_STYLE('',(#8313));
#8313 = FILL_AREA_STYLE_COLOUR('',#8231);
#8314 = CURVE_STYLE('',#8315,POSITIVE_LENGTH_MEASURE(0.1),#8231);
#8315 = DRAUGHTING_PRE_DEFINED_CURVE_FONT('continuous');
#8316 = STYLED_ITEM('color',(#8317),#510);
#8317 = PRESENTATION_STYLE_ASSIGNMENT((#8318,#8323));
#8318 = SURFACE_STYLE_USAGE(.BOTH.,#8319);
#8319 = SURFACE_SIDE_STYLE('',(#8320));
#8320 = SURFACE_STYLE_FILL_AREA(#8321);
#8321 = FILL_AREA_STYLE('',(#8322));
#8322 = FILL_AREA_STYLE_COLOUR('',#8286);
#8323 = CURVE_STYLE('',#8324,POSITIVE_LENGTH_MEASURE(0.1),#8286);
#8324 = DRAUGHTING_PRE_DEFINED_CURVE_FONT('continuous');
#8325 = STYLED_ITEM('color',(#8326),#541);
#8326 = PRESENTATION_STYLE_ASSIGNMENT((#8327,#8332));
#8327 = SURFACE_STYLE_USAGE(.BOTH.,#8328);
#8328 = SURFACE_SIDE_STYLE('',(#8329));
#8329 = SURFACE_STYLE_FILL_AREA(#8330);
#8330 = FILL_AREA_STYLE('',(#8331));
#8331 = FILL_AREA_STYLE_COLOUR('',#8231);
#8332 = CURVE_STYLE('',#8333,POSITIVE_LENGTH_MEASURE(0.1),#8231);
#8333 = DRAUGHTING_PRE_DEFINED_CURVE_FONT('continuous');
#8334 = STYLED_ITEM('color',(#8335),#608);
#8335 = PRESENTATION_STYLE_ASSIGNMENT((#8336,#8341));
#8336 = SURFACE_STYLE_USAGE(.BOTH.,#8337);
#8337 = SURFACE_SIDE_STYLE('',(#8338));
#8338 = SURFACE_STYLE_FILL_AREA(#8339);
#8339 = FILL_AREA_STYLE('',(#8340));
#8340 = FILL_AREA_STYLE_COLOUR('',#8231);
#8341 = CURVE_STYLE('',#8342,POSITIVE_LENGTH_MEASURE(0.1),#8231);
#8342 = DRAUGHTING_PRE_DEFINED_CURVE_FONT('continuous');
#8343 = STYLED_ITEM('color',(#8344),#639);
#8344 = PRESENTATION_STYLE_ASSIGNMENT((#8345,#8350));
#8345 = SURFACE_STYLE_USAGE(.BOTH.,#8346);
#8346 = SURFACE_SIDE_STYLE('',(#8347));
#8347 = SURFACE_STYLE_FILL_AREA(#8348);
#8348 = FILL_AREA_STYLE('',(#8349));
#8349 = FILL_AREA_STYLE_COLOUR('',#8286);
#8350 = CURVE_STYLE('',#8351,POSITIVE_LENGTH_MEASURE(0.1),#8286);
#8351 = DRAUGHTING_PRE_DEFINED_CURVE_FONT('continuous');
#8352 = STYLED_ITEM('color',(#8353),#663);
#8353 = PRESENTATION_STYLE_ASSIGNMENT((#8354,#8360));
#8354 = SURFACE_STYLE_USAGE(.BOTH.,#8355);
#8355 = SURFACE_SIDE_STYLE('',(#8356));
#8356 = SURFACE_STYLE_FILL_AREA(#8357);
#8357 = FILL_AREA_STYLE('',(#8358));
#8358 = FILL_AREA_STYLE_COLOUR('',#8359);
#8359 = COLOUR_RGB('',0.823999987314,0.819999987296,0.781000009244);
#8360 = CURVE_STYLE('',#8361,POSITIVE_LENGTH_MEASURE(0.1),#8359);
#8361 = DRAUGHTING_PRE_DEFINED_CURVE_FONT('continuous');
#8362 = STYLED_ITEM('color',(#8363),#744);
#8363 = PRESENTATION_STYLE_ASSIGNMENT((#8364,#8369));
#8364 = SURFACE_STYLE_USAGE(.BOTH.,#8365);
#8365 = SURFACE_SIDE_STYLE('',(#8366));
#8366 = SURFACE_STYLE_FILL_AREA(#8367);
#8367 = FILL_AREA_STYLE('',(#8368));
#8368 = FILL_AREA_STYLE_COLOUR('',#8359);
#8369 = CURVE_STYLE('',#8370,POSITIVE_LENGTH_MEASURE(0.1),#8359);
#8370 = DRAUGHTING_PRE_DEFINED_CURVE_FONT('continuous');
#8371 = STYLED_ITEM('color',(#8372),#768);
#8372 = PRESENTATION_STYLE_ASSIGNMENT((#8373,#8378));
#8373 = SURFACE_STYLE_USAGE(.BOTH.,#8374);
#8374 = SURFACE_SIDE_STYLE('',(#8375));
#8375 = SURFACE_STYLE_FILL_AREA(#8376);
#8376 = FILL_AREA_STYLE('',(#8377));
#8377 = FILL_AREA_STYLE_COLOUR('',#8359);
#8378 = CURVE_STYLE('',#8379,POSITIVE_LENGTH_MEASURE(0.1),#8359);
#8379 = DRAUGHTING_PRE_DEFINED_CURVE_FONT('continuous');
#8380 = STYLED_ITEM('color',(#8381),#842);
#8381 = PRESENTATION_STYLE_ASSIGNMENT((#8382,#8387));
#8382 = SURFACE_STYLE_USAGE(.BOTH.,#8383);
#8383 = SURFACE_SIDE_STYLE('',(#8384));
#8384 = SURFACE_STYLE_FILL_AREA(#8385);
#8385 = FILL_AREA_STYLE('',(#8386));
#8386 = FILL_AREA_STYLE_COLOUR('',#8359);
#8387 = CURVE_STYLE('',#8388,POSITIVE_LENGTH_MEASURE(0.1),#8359);
#8388 = DRAUGHTING_PRE_DEFINED_CURVE_FONT('continuous');
#8389 = STYLED_ITEM('color',(#8390),#859);
#8390 = PRESENTATION_STYLE_ASSIGNMENT((#8391,#8396));
#8391 = SURFACE_STYLE_USAGE(.BOTH.,#8392);
#8392 = SURFACE_SIDE_STYLE('',(#8393));
#8393 = SURFACE_STYLE_FILL_AREA(#8394);
#8394 = FILL_AREA_STYLE('',(#8395));
#8395 = FILL_AREA_STYLE_COLOUR('',#8359);
#8396 = CURVE_STYLE('',#8397,POSITIVE_LENGTH_MEASURE(0.1),#8359);
#8397 = DRAUGHTING_PRE_DEFINED_CURVE_FONT('continuous');
#8398 = STYLED_ITEM('color',(#8399),#940);
#8399 = PRESENTATION_STYLE_ASSIGNMENT((#8400,#8405));
#8400 = SURFACE_STYLE_USAGE(.BOTH.,#8401);
#8401 = SURFACE_SIDE_STYLE('',(#8402));
#8402 = SURFACE_STYLE_FILL_AREA(#8403);
#8403 = FILL_AREA_STYLE('',(#8404));
#8404 = FILL_AREA_STYLE_COLOUR('',#8359);
#8405 = CURVE_STYLE('',#8406,POSITIVE_LENGTH_MEASURE(0.1),#8359);
#8406 = DRAUGHTING_PRE_DEFINED_CURVE_FONT('continuous');
#8407 = STYLED_ITEM('color',(#8408),#964);
#8408 = PRESENTATION_STYLE_ASSIGNMENT((#8409,#8414));
#8409 = SURFACE_STYLE_USAGE(.BOTH.,#8410);
#8410 = SURFACE_SIDE_STYLE('',(#8411));
#8411 = SURFACE_STYLE_FILL_AREA(#8412);
#8412 = FILL_AREA_STYLE('',(#8413));
#8413 = FILL_AREA_STYLE_COLOUR('',#8359);
#8414 = CURVE_STYLE('',#8415,POSITIVE_LENGTH_MEASURE(0.1),#8359);
#8415 = DRAUGHTING_PRE_DEFINED_CURVE_FONT('continuous');
#8416 = STYLED_ITEM('color',(#8417),#1038);
#8417 = PRESENTATION_STYLE_ASSIGNMENT((#8418,#8423));
#8418 = SURFACE_STYLE_USAGE(.BOTH.,#8419);
#8419 = SURFACE_SIDE_STYLE('',(#8420));
#8420 = SURFACE_STYLE_FILL_AREA(#8421);
#8421 = FILL_AREA_STYLE('',(#8422));
#8422 = FILL_AREA_STYLE_COLOUR('',#8359);
#8423 = CURVE_STYLE('',#8424,POSITIVE_LENGTH_MEASURE(0.1),#8359);
#8424 = DRAUGHTING_PRE_DEFINED_CURVE_FONT('continuous');
#8425 = STYLED_ITEM('color',(#8426),#1055);
#8426 = PRESENTATION_STYLE_ASSIGNMENT((#8427,#8432));
#8427 = SURFACE_STYLE_USAGE(.BOTH.,#8428);
#8428 = SURFACE_SIDE_STYLE('',(#8429));
#8429 = SURFACE_STYLE_FILL_AREA(#8430);
#8430 = FILL_AREA_STYLE('',(#8431));
#8431 = FILL_AREA_STYLE_COLOUR('',#8231);
#8432 = CURVE_STYLE('',#8433,POSITIVE_LENGTH_MEASURE(0.1),#8231);
#8433 = DRAUGHTING_PRE_DEFINED_CURVE_FONT('continuous');
#8434 = STYLED_ITEM('color',(#8435),#1079);
#8435 = PRESENTATION_STYLE_ASSIGNMENT((#8436,#8441));
#8436 = SURFACE_STYLE_USAGE(.BOTH.,#8437);
#8437 = SURFACE_SIDE_STYLE('',(#8438));
#8438 = SURFACE_STYLE_FILL_AREA(#8439);
#8439 = FILL_AREA_STYLE('',(#8440));
#8440 = FILL_AREA_STYLE_COLOUR('',#8231);
#8441 = CURVE_STYLE('',#8442,POSITIVE_LENGTH_MEASURE(0.1),#8231);
#8442 = DRAUGHTING_PRE_DEFINED_CURVE_FONT('continuous');
#8443 = STYLED_ITEM('color',(#8444),#1112);
#8444 = PRESENTATION_STYLE_ASSIGNMENT((#8445,#8450));
#8445 = SURFACE_STYLE_USAGE(.BOTH.,#8446);
#8446 = SURFACE_SIDE_STYLE('',(#8447));
#8447 = SURFACE_STYLE_FILL_AREA(#8448);
#8448 = FILL_AREA_STYLE('',(#8449));
#8449 = FILL_AREA_STYLE_COLOUR('',#8231);
#8450 = CURVE_STYLE('',#8451,POSITIVE_LENGTH_MEASURE(0.1),#8231);
#8451 = DRAUGHTING_PRE_DEFINED_CURVE_FONT('continuous');
#8452 = STYLED_ITEM('color',(#8453),#1137);
#8453 = PRESENTATION_STYLE_ASSIGNMENT((#8454,#8459));
#8454 = SURFACE_STYLE_USAGE(.BOTH.,#8455);
#8455 = SURFACE_SIDE_STYLE('',(#8456));
#8456 = SURFACE_STYLE_FILL_AREA(#8457);
#8457 = FILL_AREA_STYLE('',(#8458));
#8458 = FILL_AREA_STYLE_COLOUR('',#8286);
#8459 = CURVE_STYLE('',#8460,POSITIVE_LENGTH_MEASURE(0.1),#8286);
#8460 = DRAUGHTING_PRE_DEFINED_CURVE_FONT('continuous');
#8461 = STYLED_ITEM('color',(#8462),#1161);
#8462 = PRESENTATION_STYLE_ASSIGNMENT((#8463,#8468));
#8463 = SURFACE_STYLE_USAGE(.BOTH.,#8464);
#8464 = SURFACE_SIDE_STYLE('',(#8465));
#8465 = SURFACE_STYLE_FILL_AREA(#8466);
#8466 = FILL_AREA_STYLE('',(#8467));
#8467 = FILL_AREA_STYLE_COLOUR('',#8231);
#8468 = CURVE_STYLE('',#8469,POSITIVE_LENGTH_MEASURE(0.1),#8231);
#8469 = DRAUGHTING_PRE_DEFINED_CURVE_FONT('continuous');
#8470 = STYLED_ITEM('color',(#8471),#1192);
#8471 = PRESENTATION_STYLE_ASSIGNMENT((#8472,#8477));
#8472 = SURFACE_STYLE_USAGE(.BOTH.,#8473);
#8473 = SURFACE_SIDE_STYLE('',(#8474));
#8474 = SURFACE_STYLE_FILL_AREA(#8475);
#8475 = FILL_AREA_STYLE('',(#8476));
#8476 = FILL_AREA_STYLE_COLOUR('',#8286);
#8477 = CURVE_STYLE('',#8478,POSITIVE_LENGTH_MEASURE(0.1),#8286);
#8478 = DRAUGHTING_PRE_DEFINED_CURVE_FONT('continuous');
#8479 = STYLED_ITEM('color',(#8480),#1223);
#8480 = PRESENTATION_STYLE_ASSIGNMENT((#8481,#8486));
#8481 = SURFACE_STYLE_USAGE(.BOTH.,#8482);
#8482 = SURFACE_SIDE_STYLE('',(#8483));
#8483 = SURFACE_STYLE_FILL_AREA(#8484);
#8484 = FILL_AREA_STYLE('',(#8485));
#8485 = FILL_AREA_STYLE_COLOUR('',#8286);
#8486 = CURVE_STYLE('',#8487,POSITIVE_LENGTH_MEASURE(0.1),#8286);
#8487 = DRAUGHTING_PRE_DEFINED_CURVE_FONT('continuous');
#8488 = OVER_RIDING_STYLED_ITEM('overriding color',(#8489),#1383,#8479);
#8489 = PRESENTATION_STYLE_ASSIGNMENT((#8490,#8495));
#8490 = SURFACE_STYLE_USAGE(.BOTH.,#8491);
#8491 = SURFACE_SIDE_STYLE('',(#8492));
#8492 = SURFACE_STYLE_FILL_AREA(#8493);
#8493 = FILL_AREA_STYLE('',(#8494));
#8494 = FILL_AREA_STYLE_COLOUR('',#8286);
#8495 = CURVE_STYLE('',#8496,POSITIVE_LENGTH_MEASURE(0.1),#8286);
#8496 = DRAUGHTING_PRE_DEFINED_CURVE_FONT('continuous');
#8497 = OVER_RIDING_STYLED_ITEM('overriding color',(#8498),#1394,#8479);
#8498 = PRESENTATION_STYLE_ASSIGNMENT((#8499,#8504));
#8499 = SURFACE_STYLE_USAGE(.BOTH.,#8500);
#8500 = SURFACE_SIDE_STYLE('',(#8501));
#8501 = SURFACE_STYLE_FILL_AREA(#8502);
#8502 = FILL_AREA_STYLE('',(#8503));
#8503 = FILL_AREA_STYLE_COLOUR('',#8286);
#8504 = CURVE_STYLE('',#8505,POSITIVE_LENGTH_MEASURE(0.1),#8286);
#8505 = DRAUGHTING_PRE_DEFINED_CURVE_FONT('continuous');
#8506 = OVER_RIDING_STYLED_ITEM('overriding color',(#8507),#1405,#8479);
#8507 = PRESENTATION_STYLE_ASSIGNMENT((#8508,#8513));
#8508 = SURFACE_STYLE_USAGE(.BOTH.,#8509);
#8509 = SURFACE_SIDE_STYLE('',(#8510));
#8510 = SURFACE_STYLE_FILL_AREA(#8511);
#8511 = FILL_AREA_STYLE('',(#8512));
#8512 = FILL_AREA_STYLE_COLOUR('',#8286);
#8513 = CURVE_STYLE('',#8514,POSITIVE_LENGTH_MEASURE(0.1),#8286);
#8514 = DRAUGHTING_PRE_DEFINED_CURVE_FONT('continuous');
#8515 = OVER_RIDING_STYLED_ITEM('overriding color',(#8516),#1427,#8479);
#8516 = PRESENTATION_STYLE_ASSIGNMENT((#8517,#8522));
#8517 = SURFACE_STYLE_USAGE(.BOTH.,#8518);
#8518 = SURFACE_SIDE_STYLE('',(#8519));
#8519 = SURFACE_STYLE_FILL_AREA(#8520);
#8520 = FILL_AREA_STYLE('',(#8521));
#8521 = FILL_AREA_STYLE_COLOUR('',#8286);
#8522 = CURVE_STYLE('',#8523,POSITIVE_LENGTH_MEASURE(0.1),#8286);
#8523 = DRAUGHTING_PRE_DEFINED_CURVE_FONT('continuous');
#8524 = STYLED_ITEM('color',(#8525),#1440);
#8525 = PRESENTATION_STYLE_ASSIGNMENT((#8526,#8531));
#8526 = SURFACE_STYLE_USAGE(.BOTH.,#8527);
#8527 = SURFACE_SIDE_STYLE('',(#8528));
#8528 = SURFACE_STYLE_FILL_AREA(#8529);
#8529 = FILL_AREA_STYLE('',(#8530));
#8530 = FILL_AREA_STYLE_COLOUR('',#8231);
#8531 = CURVE_STYLE('',#8532,POSITIVE_LENGTH_MEASURE(0.1),#8231);
#8532 = DRAUGHTING_PRE_DEFINED_CURVE_FONT('continuous');
#8533 = STYLED_ITEM('color',(#8534),#1503);
#8534 = PRESENTATION_STYLE_ASSIGNMENT((#8535,#8540));
#8535 = SURFACE_STYLE_USAGE(.BOTH.,#8536);
#8536 = SURFACE_SIDE_STYLE('',(#8537));
#8537 = SURFACE_STYLE_FILL_AREA(#8538);
#8538 = FILL_AREA_STYLE('',(#8539));
#8539 = FILL_AREA_STYLE_COLOUR('',#8231);
#8540 = CURVE_STYLE('',#8541,POSITIVE_LENGTH_MEASURE(0.1),#8231);
#8541 = DRAUGHTING_PRE_DEFINED_CURVE_FONT('continuous');
#8542 = STYLED_ITEM('color',(#8543),#1515);
#8543 = PRESENTATION_STYLE_ASSIGNMENT((#8544,#8549));
#8544 = SURFACE_STYLE_USAGE(.BOTH.,#8545);
#8545 = SURFACE_SIDE_STYLE('',(#8546));
#8546 = SURFACE_STYLE_FILL_AREA(#8547);
#8547 = FILL_AREA_STYLE('',(#8548));
#8548 = FILL_AREA_STYLE_COLOUR('',#8286);
#8549 = CURVE_STYLE('',#8550,POSITIVE_LENGTH_MEASURE(0.1),#8286);
#8550 = DRAUGHTING_PRE_DEFINED_CURVE_FONT('continuous');
#8551 = STYLED_ITEM('color',(#8552),#1532);
#8552 = PRESENTATION_STYLE_ASSIGNMENT((#8553,#8558));
#8553 = SURFACE_STYLE_USAGE(.BOTH.,#8554);
#8554 = SURFACE_SIDE_STYLE('',(#8555));
#8555 = SURFACE_STYLE_FILL_AREA(#8556);
#8556 = FILL_AREA_STYLE('',(#8557));
#8557 = FILL_AREA_STYLE_COLOUR('',#8286);
#8558 = CURVE_STYLE('',#8559,POSITIVE_LENGTH_MEASURE(0.1),#8286);
#8559 = DRAUGHTING_PRE_DEFINED_CURVE_FONT('continuous');
#8560 = STYLED_ITEM('color',(#8561),#1549);
#8561 = PRESENTATION_STYLE_ASSIGNMENT((#8562,#8567));
#8562 = SURFACE_STYLE_USAGE(.BOTH.,#8563);
#8563 = SURFACE_SIDE_STYLE('',(#8564));
#8564 = SURFACE_STYLE_FILL_AREA(#8565);
#8565 = FILL_AREA_STYLE('',(#8566));
#8566 = FILL_AREA_STYLE_COLOUR('',#8231);
#8567 = CURVE_STYLE('',#8568,POSITIVE_LENGTH_MEASURE(0.1),#8231);
#8568 = DRAUGHTING_PRE_DEFINED_CURVE_FONT('continuous');
#8569 = STYLED_ITEM('color',(#8570),#1566);
#8570 = PRESENTATION_STYLE_ASSIGNMENT((#8571,#8576));
#8571 = SURFACE_STYLE_USAGE(.BOTH.,#8572);
#8572 = SURFACE_SIDE_STYLE('',(#8573));
#8573 = SURFACE_STYLE_FILL_AREA(#8574);
#8574 = FILL_AREA_STYLE('',(#8575));
#8575 = FILL_AREA_STYLE_COLOUR('',#8231);
#8576 = CURVE_STYLE('',#8577,POSITIVE_LENGTH_MEASURE(0.1),#8231);
#8577 = DRAUGHTING_PRE_DEFINED_CURVE_FONT('continuous');
#8578 = STYLED_ITEM('color',(#8579),#1692);
#8579 = PRESENTATION_STYLE_ASSIGNMENT((#8580,#8585));
#8580 = SURFACE_STYLE_USAGE(.BOTH.,#8581);
#8581 = SURFACE_SIDE_STYLE('',(#8582));
#8582 = SURFACE_STYLE_FILL_AREA(#8583);
#8583 = FILL_AREA_STYLE('',(#8584));
#8584 = FILL_AREA_STYLE_COLOUR('',#8231);
#8585 = CURVE_STYLE('',#8586,POSITIVE_LENGTH_MEASURE(0.1),#8231);
#8586 = DRAUGHTING_PRE_DEFINED_CURVE_FONT('continuous');
#8587 = STYLED_ITEM('color',(#8588),#1716);
#8588 = PRESENTATION_STYLE_ASSIGNMENT((#8589,#8594));
#8589 = SURFACE_STYLE_USAGE(.BOTH.,#8590);
#8590 = SURFACE_SIDE_STYLE('',(#8591));
#8591 = SURFACE_STYLE_FILL_AREA(#8592);
#8592 = FILL_AREA_STYLE('',(#8593));
#8593 = FILL_AREA_STYLE_COLOUR('',#8231);
#8594 = CURVE_STYLE('',#8595,POSITIVE_LENGTH_MEASURE(0.1),#8231);
#8595 = DRAUGHTING_PRE_DEFINED_CURVE_FONT('continuous');
#8596 = STYLED_ITEM('color',(#8597),#1733);
#8597 = PRESENTATION_STYLE_ASSIGNMENT((#8598,#8603));
#8598 = SURFACE_STYLE_USAGE(.BOTH.,#8599);
#8599 = SURFACE_SIDE_STYLE('',(#8600));
#8600 = SURFACE_STYLE_FILL_AREA(#8601);
#8601 = FILL_AREA_STYLE('',(#8602));
#8602 = FILL_AREA_STYLE_COLOUR('',#8286);
#8603 = CURVE_STYLE('',#8604,POSITIVE_LENGTH_MEASURE(0.1),#8286);
#8604 = DRAUGHTING_PRE_DEFINED_CURVE_FONT('continuous');
#8605 = STYLED_ITEM('color',(#8606),#1750);
#8606 = PRESENTATION_STYLE_ASSIGNMENT((#8607,#8612));
#8607 = SURFACE_STYLE_USAGE(.BOTH.,#8608);
#8608 = SURFACE_SIDE_STYLE('',(#8609));
#8609 = SURFACE_STYLE_FILL_AREA(#8610);
#8610 = FILL_AREA_STYLE('',(#8611));
#8611 = FILL_AREA_STYLE_COLOUR('',#8286);
#8612 = CURVE_STYLE('',#8613,POSITIVE_LENGTH_MEASURE(0.1),#8286);
#8613 = DRAUGHTING_PRE_DEFINED_CURVE_FONT('continuous');
#8614 = STYLED_ITEM('color',(#8615),#1762);
#8615 = PRESENTATION_STYLE_ASSIGNMENT((#8616,#8621));
#8616 = SURFACE_STYLE_USAGE(.BOTH.,#8617);
#8617 = SURFACE_SIDE_STYLE('',(#8618));
#8618 = SURFACE_STYLE_FILL_AREA(#8619);
#8619 = FILL_AREA_STYLE('',(#8620));
#8620 = FILL_AREA_STYLE_COLOUR('',#8359);
#8621 = CURVE_STYLE('',#8622,POSITIVE_LENGTH_MEASURE(0.1),#8359);
#8622 = DRAUGHTING_PRE_DEFINED_CURVE_FONT('continuous');
#8623 = STYLED_ITEM('color',(#8624),#1784);
#8624 = PRESENTATION_STYLE_ASSIGNMENT((#8625,#8630));
#8625 = SURFACE_STYLE_USAGE(.BOTH.,#8626);
#8626 = SURFACE_SIDE_STYLE('',(#8627));
#8627 = SURFACE_STYLE_FILL_AREA(#8628);
#8628 = FILL_AREA_STYLE('',(#8629));
#8629 = FILL_AREA_STYLE_COLOUR('',#8359);
#8630 = CURVE_STYLE('',#8631,POSITIVE_LENGTH_MEASURE(0.1),#8359);
#8631 = DRAUGHTING_PRE_DEFINED_CURVE_FONT('continuous');
#8632 = STYLED_ITEM('color',(#8633),#1801);
#8633 = PRESENTATION_STYLE_ASSIGNMENT((#8634,#8639));
#8634 = SURFACE_STYLE_USAGE(.BOTH.,#8635);
#8635 = SURFACE_SIDE_STYLE('',(#8636));
#8636 = SURFACE_STYLE_FILL_AREA(#8637);
#8637 = FILL_AREA_STYLE('',(#8638));
#8638 = FILL_AREA_STYLE_COLOUR('',#8359);
#8639 = CURVE_STYLE('',#8640,POSITIVE_LENGTH_MEASURE(0.1),#8359);
#8640 = DRAUGHTING_PRE_DEFINED_CURVE_FONT('continuous');
#8641 = STYLED_ITEM('color',(#8642),#1813);
#8642 = PRESENTATION_STYLE_ASSIGNMENT((#8643,#8648));
#8643 = SURFACE_STYLE_USAGE(.BOTH.,#8644);
#8644 = SURFACE_SIDE_STYLE('',(#8645));
#8645 = SURFACE_STYLE_FILL_AREA(#8646);
#8646 = FILL_AREA_STYLE('',(#8647));
#8647 = FILL_AREA_STYLE_COLOUR('',#8359);
#8648 = CURVE_STYLE('',#8649,POSITIVE_LENGTH_MEASURE(0.1),#8359);
#8649 = DRAUGHTING_PRE_DEFINED_CURVE_FONT('continuous');
#8650 = STYLED_ITEM('color',(#8651),#1830);
#8651 = PRESENTATION_STYLE_ASSIGNMENT((#8652,#8657));
#8652 = SURFACE_STYLE_USAGE(.BOTH.,#8653);
#8653 = SURFACE_SIDE_STYLE('',(#8654));
#8654 = SURFACE_STYLE_FILL_AREA(#8655);
#8655 = FILL_AREA_STYLE('',(#8656));
#8656 = FILL_AREA_STYLE_COLOUR('',#8359);
#8657 = CURVE_STYLE('',#8658,POSITIVE_LENGTH_MEASURE(0.1),#8359);
#8658 = DRAUGHTING_PRE_DEFINED_CURVE_FONT('continuous');
#8659 = STYLED_ITEM('color',(#8660),#1847);
#8660 = PRESENTATION_STYLE_ASSIGNMENT((#8661,#8666));
#8661 = SURFACE_STYLE_USAGE(.BOTH.,#8662);
#8662 = SURFACE_SIDE_STYLE('',(#8663));
#8663 = SURFACE_STYLE_FILL_AREA(#8664);
#8664 = FILL_AREA_STYLE('',(#8665));
#8665 = FILL_AREA_STYLE_COLOUR('',#8359);
#8666 = CURVE_STYLE('',#8667,POSITIVE_LENGTH_MEASURE(0.1),#8359);
#8667 = DRAUGHTING_PRE_DEFINED_CURVE_FONT('continuous');
#8668 = STYLED_ITEM('color',(#8669),#1864);
#8669 = PRESENTATION_STYLE_ASSIGNMENT((#8670,#8675));
#8670 = SURFACE_STYLE_USAGE(.BOTH.,#8671);
#8671 = SURFACE_SIDE_STYLE('',(#8672));
#8672 = SURFACE_STYLE_FILL_AREA(#8673);
#8673 = FILL_AREA_STYLE('',(#8674));
#8674 = FILL_AREA_STYLE_COLOUR('',#8359);
#8675 = CURVE_STYLE('',#8676,POSITIVE_LENGTH_MEASURE(0.1),#8359);
#8676 = DRAUGHTING_PRE_DEFINED_CURVE_FONT('continuous');
#8677 = STYLED_ITEM('color',(#8678),#1876);
#8678 = PRESENTATION_STYLE_ASSIGNMENT((#8679,#8684));
#8679 = SURFACE_STYLE_USAGE(.BOTH.,#8680);
#8680 = SURFACE_SIDE_STYLE('',(#8681));
#8681 = SURFACE_STYLE_FILL_AREA(#8682);
#8682 = FILL_AREA_STYLE('',(#8683));
#8683 = FILL_AREA_STYLE_COLOUR('',#8359);
#8684 = CURVE_STYLE('',#8685,POSITIVE_LENGTH_MEASURE(0.1),#8359);
#8685 = DRAUGHTING_PRE_DEFINED_CURVE_FONT('continuous');
#8686 = STYLED_ITEM('color',(#8687),#1898);
#8687 = PRESENTATION_STYLE_ASSIGNMENT((#8688,#8693));
#8688 = SURFACE_STYLE_USAGE(.BOTH.,#8689);
#8689 = SURFACE_SIDE_STYLE('',(#8690));
#8690 = SURFACE_STYLE_FILL_AREA(#8691);
#8691 = FILL_AREA_STYLE('',(#8692));
#8692 = FILL_AREA_STYLE_COLOUR('',#8359);
#8693 = CURVE_STYLE('',#8694,POSITIVE_LENGTH_MEASURE(0.1),#8359);
#8694 = DRAUGHTING_PRE_DEFINED_CURVE_FONT('continuous');
#8695 = STYLED_ITEM('color',(#8696),#1915);
#8696 = PRESENTATION_STYLE_ASSIGNMENT((#8697,#8702));
#8697 = SURFACE_STYLE_USAGE(.BOTH.,#8698);
#8698 = SURFACE_SIDE_STYLE('',(#8699));
#8699 = SURFACE_STYLE_FILL_AREA(#8700);
#8700 = FILL_AREA_STYLE('',(#8701));
#8701 = FILL_AREA_STYLE_COLOUR('',#8359);
#8702 = CURVE_STYLE('',#8703,POSITIVE_LENGTH_MEASURE(0.1),#8359);
#8703 = DRAUGHTING_PRE_DEFINED_CURVE_FONT('continuous');
#8704 = STYLED_ITEM('color',(#8705),#1927);
#8705 = PRESENTATION_STYLE_ASSIGNMENT((#8706,#8711));
#8706 = SURFACE_STYLE_USAGE(.BOTH.,#8707);
#8707 = SURFACE_SIDE_STYLE('',(#8708));
#8708 = SURFACE_STYLE_FILL_AREA(#8709);
#8709 = FILL_AREA_STYLE('',(#8710));
#8710 = FILL_AREA_STYLE_COLOUR('',#8359);
#8711 = CURVE_STYLE('',#8712,POSITIVE_LENGTH_MEASURE(0.1),#8359);
#8712 = DRAUGHTING_PRE_DEFINED_CURVE_FONT('continuous');
#8713 = STYLED_ITEM('color',(#8714),#1944);
#8714 = PRESENTATION_STYLE_ASSIGNMENT((#8715,#8720));
#8715 = SURFACE_STYLE_USAGE(.BOTH.,#8716);
#8716 = SURFACE_SIDE_STYLE('',(#8717));
#8717 = SURFACE_STYLE_FILL_AREA(#8718);
#8718 = FILL_AREA_STYLE('',(#8719));
#8719 = FILL_AREA_STYLE_COLOUR('',#8359);
#8720 = CURVE_STYLE('',#8721,POSITIVE_LENGTH_MEASURE(0.1),#8359);
#8721 = DRAUGHTING_PRE_DEFINED_CURVE_FONT('continuous');
#8722 = STYLED_ITEM('color',(#8723),#1961);
#8723 = PRESENTATION_STYLE_ASSIGNMENT((#8724,#8729));
#8724 = SURFACE_STYLE_USAGE(.BOTH.,#8725);
#8725 = SURFACE_SIDE_STYLE('',(#8726));
#8726 = SURFACE_STYLE_FILL_AREA(#8727);
#8727 = FILL_AREA_STYLE('',(#8728));
#8728 = FILL_AREA_STYLE_COLOUR('',#8359);
#8729 = CURVE_STYLE('',#8730,POSITIVE_LENGTH_MEASURE(0.1),#8359);
#8730 = DRAUGHTING_PRE_DEFINED_CURVE_FONT('continuous');
#8731 = STYLED_ITEM('color',(#8732),#1978);
#8732 = PRESENTATION_STYLE_ASSIGNMENT((#8733,#8738));
#8733 = SURFACE_STYLE_USAGE(.BOTH.,#8734);
#8734 = SURFACE_SIDE_STYLE('',(#8735));
#8735 = SURFACE_STYLE_FILL_AREA(#8736);
#8736 = FILL_AREA_STYLE('',(#8737));
#8737 = FILL_AREA_STYLE_COLOUR('',#8359);
#8738 = CURVE_STYLE('',#8739,POSITIVE_LENGTH_MEASURE(0.1),#8359);
#8739 = DRAUGHTING_PRE_DEFINED_CURVE_FONT('continuous');
#8740 = STYLED_ITEM('color',(#8741),#1990);
#8741 = PRESENTATION_STYLE_ASSIGNMENT((#8742,#8747));
#8742 = SURFACE_STYLE_USAGE(.BOTH.,#8743);
#8743 = SURFACE_SIDE_STYLE('',(#8744));
#8744 = SURFACE_STYLE_FILL_AREA(#8745);
#8745 = FILL_AREA_STYLE('',(#8746));
#8746 = FILL_AREA_STYLE_COLOUR('',#8286);
#8747 = CURVE_STYLE('',#8748,POSITIVE_LENGTH_MEASURE(0.1),#8286);
#8748 = DRAUGHTING_PRE_DEFINED_CURVE_FONT('continuous');
#8749 = STYLED_ITEM('color',(#8750),#2007);
#8750 = PRESENTATION_STYLE_ASSIGNMENT((#8751,#8756));
#8751 = SURFACE_STYLE_USAGE(.BOTH.,#8752);
#8752 = SURFACE_SIDE_STYLE('',(#8753));
#8753 = SURFACE_STYLE_FILL_AREA(#8754);
#8754 = FILL_AREA_STYLE('',(#8755));
#8755 = FILL_AREA_STYLE_COLOUR('',#8286);
#8756 = CURVE_STYLE('',#8757,POSITIVE_LENGTH_MEASURE(0.1),#8286);
#8757 = DRAUGHTING_PRE_DEFINED_CURVE_FONT('continuous');
#8758 = STYLED_ITEM('color',(#8759),#2024);
#8759 = PRESENTATION_STYLE_ASSIGNMENT((#8760,#8765));
#8760 = SURFACE_STYLE_USAGE(.BOTH.,#8761);
#8761 = SURFACE_SIDE_STYLE('',(#8762));
#8762 = SURFACE_STYLE_FILL_AREA(#8763);
#8763 = FILL_AREA_STYLE('',(#8764));
#8764 = FILL_AREA_STYLE_COLOUR('',#8286);
#8765 = CURVE_STYLE('',#8766,POSITIVE_LENGTH_MEASURE(0.1),#8286);
#8766 = DRAUGHTING_PRE_DEFINED_CURVE_FONT('continuous');
#8767 = STYLED_ITEM('color',(#8768),#2041);
#8768 = PRESENTATION_STYLE_ASSIGNMENT((#8769,#8774));
#8769 = SURFACE_STYLE_USAGE(.BOTH.,#8770);
#8770 = SURFACE_SIDE_STYLE('',(#8771));
#8771 = SURFACE_STYLE_FILL_AREA(#8772);
#8772 = FILL_AREA_STYLE('',(#8773));
#8773 = FILL_AREA_STYLE_COLOUR('',#8286);
#8774 = CURVE_STYLE('',#8775,POSITIVE_LENGTH_MEASURE(0.1),#8286);
#8775 = DRAUGHTING_PRE_DEFINED_CURVE_FONT('continuous');
#8776 = STYLED_ITEM('color',(#8777),#2053);
#8777 = PRESENTATION_STYLE_ASSIGNMENT((#8778,#8783));
#8778 = SURFACE_STYLE_USAGE(.BOTH.,#8779);
#8779 = SURFACE_SIDE_STYLE('',(#8780));
#8780 = SURFACE_STYLE_FILL_AREA(#8781);
#8781 = FILL_AREA_STYLE('',(#8782));
#8782 = FILL_AREA_STYLE_COLOUR('',#8286);
#8783 = CURVE_STYLE('',#8784,POSITIVE_LENGTH_MEASURE(0.1),#8286);
#8784 = DRAUGHTING_PRE_DEFINED_CURVE_FONT('continuous');
#8785 = STYLED_ITEM('color',(#8786),#2070);
#8786 = PRESENTATION_STYLE_ASSIGNMENT((#8787,#8792));
#8787 = SURFACE_STYLE_USAGE(.BOTH.,#8788);
#8788 = SURFACE_SIDE_STYLE('',(#8789));
#8789 = SURFACE_STYLE_FILL_AREA(#8790);
#8790 = FILL_AREA_STYLE('',(#8791));
#8791 = FILL_AREA_STYLE_COLOUR('',#8286);
#8792 = CURVE_STYLE('',#8793,POSITIVE_LENGTH_MEASURE(0.1),#8286);
#8793 = DRAUGHTING_PRE_DEFINED_CURVE_FONT('continuous');
#8794 = STYLED_ITEM('color',(#8795),#2094);
#8795 = PRESENTATION_STYLE_ASSIGNMENT((#8796,#8801));
#8796 = SURFACE_STYLE_USAGE(.BOTH.,#8797);
#8797 = SURFACE_SIDE_STYLE('',(#8798));
#8798 = SURFACE_STYLE_FILL_AREA(#8799);
#8799 = FILL_AREA_STYLE('',(#8800));
#8800 = FILL_AREA_STYLE_COLOUR('',#8286);
#8801 = CURVE_STYLE('',#8802,POSITIVE_LENGTH_MEASURE(0.1),#8286);
#8802 = DRAUGHTING_PRE_DEFINED_CURVE_FONT('continuous');
#8803 = STYLED_ITEM('color',(#8804),#2118);
#8804 = PRESENTATION_STYLE_ASSIGNMENT((#8805,#8810));
#8805 = SURFACE_STYLE_USAGE(.BOTH.,#8806);
#8806 = SURFACE_SIDE_STYLE('',(#8807));
#8807 = SURFACE_STYLE_FILL_AREA(#8808);
#8808 = FILL_AREA_STYLE('',(#8809));
#8809 = FILL_AREA_STYLE_COLOUR('',#8286);
#8810 = CURVE_STYLE('',#8811,POSITIVE_LENGTH_MEASURE(0.1),#8286);
#8811 = DRAUGHTING_PRE_DEFINED_CURVE_FONT('continuous');
#8812 = STYLED_ITEM('color',(#8813),#2140);
#8813 = PRESENTATION_STYLE_ASSIGNMENT((#8814,#8819));
#8814 = SURFACE_STYLE_USAGE(.BOTH.,#8815);
#8815 = SURFACE_SIDE_STYLE('',(#8816));
#8816 = SURFACE_STYLE_FILL_AREA(#8817);
#8817 = FILL_AREA_STYLE('',(#8818));
#8818 = FILL_AREA_STYLE_COLOUR('',#8286);
#8819 = CURVE_STYLE('',#8820,POSITIVE_LENGTH_MEASURE(0.1),#8286);
#8820 = DRAUGHTING_PRE_DEFINED_CURVE_FONT('continuous');
#8821 = STYLED_ITEM('color',(#8822),#2157);
#8822 = PRESENTATION_STYLE_ASSIGNMENT((#8823,#8828));
#8823 = SURFACE_STYLE_USAGE(.BOTH.,#8824);
#8824 = SURFACE_SIDE_STYLE('',(#8825));
#8825 = SURFACE_STYLE_FILL_AREA(#8826);
#8826 = FILL_AREA_STYLE('',(#8827));
#8827 = FILL_AREA_STYLE_COLOUR('',#8286);
#8828 = CURVE_STYLE('',#8829,POSITIVE_LENGTH_MEASURE(0.1),#8286);
#8829 = DRAUGHTING_PRE_DEFINED_CURVE_FONT('continuous');
#8830 = STYLED_ITEM('color',(#8831),#2180);
#8831 = PRESENTATION_STYLE_ASSIGNMENT((#8832,#8837));
#8832 = SURFACE_STYLE_USAGE(.BOTH.,#8833);
#8833 = SURFACE_SIDE_STYLE('',(#8834));
#8834 = SURFACE_STYLE_FILL_AREA(#8835);
#8835 = FILL_AREA_STYLE('',(#8836));
#8836 = FILL_AREA_STYLE_COLOUR('',#8286);
#8837 = CURVE_STYLE('',#8838,POSITIVE_LENGTH_MEASURE(0.1),#8286);
#8838 = DRAUGHTING_PRE_DEFINED_CURVE_FONT('continuous');
#8839 = STYLED_ITEM('color',(#8840),#2197);
#8840 = PRESENTATION_STYLE_ASSIGNMENT((#8841,#8846));
#8841 = SURFACE_STYLE_USAGE(.BOTH.,#8842);
#8842 = SURFACE_SIDE_STYLE('',(#8843));
#8843 = SURFACE_STYLE_FILL_AREA(#8844);
#8844 = FILL_AREA_STYLE('',(#8845));
#8845 = FILL_AREA_STYLE_COLOUR('',#8286);
#8846 = CURVE_STYLE('',#8847,POSITIVE_LENGTH_MEASURE(0.1),#8286);
#8847 = DRAUGHTING_PRE_DEFINED_CURVE_FONT('continuous');
#8848 = STYLED_ITEM('color',(#8849),#2221);
#8849 = PRESENTATION_STYLE_ASSIGNMENT((#8850,#8855));
#8850 = SURFACE_STYLE_USAGE(.BOTH.,#8851);
#8851 = SURFACE_SIDE_STYLE('',(#8852));
#8852 = SURFACE_STYLE_FILL_AREA(#8853);
#8853 = FILL_AREA_STYLE('',(#8854));
#8854 = FILL_AREA_STYLE_COLOUR('',#8286);
#8855 = CURVE_STYLE('',#8856,POSITIVE_LENGTH_MEASURE(0.1),#8286);
#8856 = DRAUGHTING_PRE_DEFINED_CURVE_FONT('continuous');
#8857 = STYLED_ITEM('color',(#8858),#2245);
#8858 = PRESENTATION_STYLE_ASSIGNMENT((#8859,#8864));
#8859 = SURFACE_STYLE_USAGE(.BOTH.,#8860);
#8860 = SURFACE_SIDE_STYLE('',(#8861));
#8861 = SURFACE_STYLE_FILL_AREA(#8862);
#8862 = FILL_AREA_STYLE('',(#8863));
#8863 = FILL_AREA_STYLE_COLOUR('',#8286);
#8864 = CURVE_STYLE('',#8865,POSITIVE_LENGTH_MEASURE(0.1),#8286);
#8865 = DRAUGHTING_PRE_DEFINED_CURVE_FONT('continuous');
#8866 = STYLED_ITEM('color',(#8867),#2267);
#8867 = PRESENTATION_STYLE_ASSIGNMENT((#8868,#8873));
#8868 = SURFACE_STYLE_USAGE(.BOTH.,#8869);
#8869 = SURFACE_SIDE_STYLE('',(#8870));
#8870 = SURFACE_STYLE_FILL_AREA(#8871);
#8871 = FILL_AREA_STYLE('',(#8872));
#8872 = FILL_AREA_STYLE_COLOUR('',#8286);
#8873 = CURVE_STYLE('',#8874,POSITIVE_LENGTH_MEASURE(0.1),#8286);
#8874 = DRAUGHTING_PRE_DEFINED_CURVE_FONT('continuous');
#8875 = STYLED_ITEM('color',(#8876),#2279);
#8876 = PRESENTATION_STYLE_ASSIGNMENT((#8877,#8882));
#8877 = SURFACE_STYLE_USAGE(.BOTH.,#8878);
#8878 = SURFACE_SIDE_STYLE('',(#8879));
#8879 = SURFACE_STYLE_FILL_AREA(#8880);
#8880 = FILL_AREA_STYLE('',(#8881));
#8881 = FILL_AREA_STYLE_COLOUR('',#8231);
#8882 = CURVE_STYLE('',#8883,POSITIVE_LENGTH_MEASURE(0.1),#8231);
#8883 = DRAUGHTING_PRE_DEFINED_CURVE_FONT('continuous');
#8884 = STYLED_ITEM('color',(#8885),#2304);
#8885 = PRESENTATION_STYLE_ASSIGNMENT((#8886,#8891));
#8886 = SURFACE_STYLE_USAGE(.BOTH.,#8887);
#8887 = SURFACE_SIDE_STYLE('',(#8888));
#8888 = SURFACE_STYLE_FILL_AREA(#8889);
#8889 = FILL_AREA_STYLE('',(#8890));
#8890 = FILL_AREA_STYLE_COLOUR('',#8231);
#8891 = CURVE_STYLE('',#8892,POSITIVE_LENGTH_MEASURE(0.1),#8231);
#8892 = DRAUGHTING_PRE_DEFINED_CURVE_FONT('continuous');
#8893 = STYLED_ITEM('color',(#8894),#2329);
#8894 = PRESENTATION_STYLE_ASSIGNMENT((#8895,#8900));
#8895 = SURFACE_STYLE_USAGE(.BOTH.,#8896);
#8896 = SURFACE_SIDE_STYLE('',(#8897));
#8897 = SURFACE_STYLE_FILL_AREA(#8898);
#8898 = FILL_AREA_STYLE('',(#8899));
#8899 = FILL_AREA_STYLE_COLOUR('',#8231);
#8900 = CURVE_STYLE('',#8901,POSITIVE_LENGTH_MEASURE(0.1),#8231);
#8901 = DRAUGHTING_PRE_DEFINED_CURVE_FONT('continuous');
#8902 = STYLED_ITEM('color',(#8903),#2354);
#8903 = PRESENTATION_STYLE_ASSIGNMENT((#8904,#8909));
#8904 = SURFACE_STYLE_USAGE(.BOTH.,#8905);
#8905 = SURFACE_SIDE_STYLE('',(#8906));
#8906 = SURFACE_STYLE_FILL_AREA(#8907);
#8907 = FILL_AREA_STYLE('',(#8908));
#8908 = FILL_AREA_STYLE_COLOUR('',#8286);
#8909 = CURVE_STYLE('',#8910,POSITIVE_LENGTH_MEASURE(0.1),#8286);
#8910 = DRAUGHTING_PRE_DEFINED_CURVE_FONT('continuous');
#8911 = STYLED_ITEM('color',(#8912),#2379);
#8912 = PRESENTATION_STYLE_ASSIGNMENT((#8913,#8918));
#8913 = SURFACE_STYLE_USAGE(.BOTH.,#8914);
#8914 = SURFACE_SIDE_STYLE('',(#8915));
#8915 = SURFACE_STYLE_FILL_AREA(#8916);
#8916 = FILL_AREA_STYLE('',(#8917));
#8917 = FILL_AREA_STYLE_COLOUR('',#8231);
#8918 = CURVE_STYLE('',#8919,POSITIVE_LENGTH_MEASURE(0.1),#8231);
#8919 = DRAUGHTING_PRE_DEFINED_CURVE_FONT('continuous');
#8920 = STYLED_ITEM('color',(#8921),#2404);
#8921 = PRESENTATION_STYLE_ASSIGNMENT((#8922,#8927));
#8922 = SURFACE_STYLE_USAGE(.BOTH.,#8923);
#8923 = SURFACE_SIDE_STYLE('',(#8924));
#8924 = SURFACE_STYLE_FILL_AREA(#8925);
#8925 = FILL_AREA_STYLE('',(#8926));
#8926 = FILL_AREA_STYLE_COLOUR('',#8231);
#8927 = CURVE_STYLE('',#8928,POSITIVE_LENGTH_MEASURE(0.1),#8231);
#8928 = DRAUGHTING_PRE_DEFINED_CURVE_FONT('continuous');
#8929 = STYLED_ITEM('color',(#8930),#2423);
#8930 = PRESENTATION_STYLE_ASSIGNMENT((#8931,#8936));
#8931 = SURFACE_STYLE_USAGE(.BOTH.,#8932);
#8932 = SURFACE_SIDE_STYLE('',(#8933));
#8933 = SURFACE_STYLE_FILL_AREA(#8934);
#8934 = FILL_AREA_STYLE('',(#8935));
#8935 = FILL_AREA_STYLE_COLOUR('',#8231);
#8936 = CURVE_STYLE('',#8937,POSITIVE_LENGTH_MEASURE(0.1),#8231);
#8937 = DRAUGHTING_PRE_DEFINED_CURVE_FONT('continuous');
#8938 = STYLED_ITEM('color',(#8939),#2435);
#8939 = PRESENTATION_STYLE_ASSIGNMENT((#8940,#8945));
#8940 = SURFACE_STYLE_USAGE(.BOTH.,#8941);
#8941 = SURFACE_SIDE_STYLE('',(#8942));
#8942 = SURFACE_STYLE_FILL_AREA(#8943);
#8943 = FILL_AREA_STYLE('',(#8944));
#8944 = FILL_AREA_STYLE_COLOUR('',#8231);
#8945 = CURVE_STYLE('',#8946,POSITIVE_LENGTH_MEASURE(0.1),#8231);
#8946 = DRAUGHTING_PRE_DEFINED_CURVE_FONT('continuous');
#8947 = STYLED_ITEM('color',(#8948),#2447);
#8948 = PRESENTATION_STYLE_ASSIGNMENT((#8949,#8954));
#8949 = SURFACE_STYLE_USAGE(.BOTH.,#8950);
#8950 = SURFACE_SIDE_STYLE('',(#8951));
#8951 = SURFACE_STYLE_FILL_AREA(#8952);
#8952 = FILL_AREA_STYLE('',(#8953));
#8953 = FILL_AREA_STYLE_COLOUR('',#8231);
#8954 = CURVE_STYLE('',#8955,POSITIVE_LENGTH_MEASURE(0.1),#8231);
#8955 = DRAUGHTING_PRE_DEFINED_CURVE_FONT('continuous');
#8956 = STYLED_ITEM('color',(#8957),#2459);
#8957 = PRESENTATION_STYLE_ASSIGNMENT((#8958,#8963));
#8958 = SURFACE_STYLE_USAGE(.BOTH.,#8959);
#8959 = SURFACE_SIDE_STYLE('',(#8960));
#8960 = SURFACE_STYLE_FILL_AREA(#8961);
#8961 = FILL_AREA_STYLE('',(#8962));
#8962 = FILL_AREA_STYLE_COLOUR('',#8359);
#8963 = CURVE_STYLE('',#8964,POSITIVE_LENGTH_MEASURE(0.1),#8359);
#8964 = DRAUGHTING_PRE_DEFINED_CURVE_FONT('continuous');
#8965 = STYLED_ITEM('color',(#8966),#2540);
#8966 = PRESENTATION_STYLE_ASSIGNMENT((#8967,#8972));
#8967 = SURFACE_STYLE_USAGE(.BOTH.,#8968);
#8968 = SURFACE_SIDE_STYLE('',(#8969));
#8969 = SURFACE_STYLE_FILL_AREA(#8970);
#8970 = FILL_AREA_STYLE('',(#8971));
#8971 = FILL_AREA_STYLE_COLOUR('',#8359);
#8972 = CURVE_STYLE('',#8973,POSITIVE_LENGTH_MEASURE(0.1),#8359);
#8973 = DRAUGHTING_PRE_DEFINED_CURVE_FONT('continuous');
#8974 = STYLED_ITEM('color',(#8975),#2564);
#8975 = PRESENTATION_STYLE_ASSIGNMENT((#8976,#8981));
#8976 = SURFACE_STYLE_USAGE(.BOTH.,#8977);
#8977 = SURFACE_SIDE_STYLE('',(#8978));
#8978 = SURFACE_STYLE_FILL_AREA(#8979);
#8979 = FILL_AREA_STYLE('',(#8980));
#8980 = FILL_AREA_STYLE_COLOUR('',#8359);
#8981 = CURVE_STYLE('',#8982,POSITIVE_LENGTH_MEASURE(0.1),#8359);
#8982 = DRAUGHTING_PRE_DEFINED_CURVE_FONT('continuous');
#8983 = STYLED_ITEM('color',(#8984),#2638);
#8984 = PRESENTATION_STYLE_ASSIGNMENT((#8985,#8990));
#8985 = SURFACE_STYLE_USAGE(.BOTH.,#8986);
#8986 = SURFACE_SIDE_STYLE('',(#8987));
#8987 = SURFACE_STYLE_FILL_AREA(#8988);
#8988 = FILL_AREA_STYLE('',(#8989));
#8989 = FILL_AREA_STYLE_COLOUR('',#8359);
#8990 = CURVE_STYLE('',#8991,POSITIVE_LENGTH_MEASURE(0.1),#8359);
#8991 = DRAUGHTING_PRE_DEFINED_CURVE_FONT('continuous');
#8992 = STYLED_ITEM('color',(#8993),#2655);
#8993 = PRESENTATION_STYLE_ASSIGNMENT((#8994,#8999));
#8994 = SURFACE_STYLE_USAGE(.BOTH.,#8995);
#8995 = SURFACE_SIDE_STYLE('',(#8996));
#8996 = SURFACE_STYLE_FILL_AREA(#8997);
#8997 = FILL_AREA_STYLE('',(#8998));
#8998 = FILL_AREA_STYLE_COLOUR('',#8359);
#8999 = CURVE_STYLE('',#9000,POSITIVE_LENGTH_MEASURE(0.1),#8359);
#9000 = DRAUGHTING_PRE_DEFINED_CURVE_FONT('continuous');
#9001 = STYLED_ITEM('color',(#9002),#2736);
#9002 = PRESENTATION_STYLE_ASSIGNMENT((#9003,#9008));
#9003 = SURFACE_STYLE_USAGE(.BOTH.,#9004);
#9004 = SURFACE_SIDE_STYLE('',(#9005));
#9005 = SURFACE_STYLE_FILL_AREA(#9006);
#9006 = FILL_AREA_STYLE('',(#9007));
#9007 = FILL_AREA_STYLE_COLOUR('',#8359);
#9008 = CURVE_STYLE('',#9009,POSITIVE_LENGTH_MEASURE(0.1),#8359);
#9009 = DRAUGHTING_PRE_DEFINED_CURVE_FONT('continuous');
#9010 = STYLED_ITEM('color',(#9011),#2760);
#9011 = PRESENTATION_STYLE_ASSIGNMENT((#9012,#9017));
#9012 = SURFACE_STYLE_USAGE(.BOTH.,#9013);
#9013 = SURFACE_SIDE_STYLE('',(#9014));
#9014 = SURFACE_STYLE_FILL_AREA(#9015);
#9015 = FILL_AREA_STYLE('',(#9016));
#9016 = FILL_AREA_STYLE_COLOUR('',#8359);
#9017 = CURVE_STYLE('',#9018,POSITIVE_LENGTH_MEASURE(0.1),#8359);
#9018 = DRAUGHTING_PRE_DEFINED_CURVE_FONT('continuous');
#9019 = STYLED_ITEM('color',(#9020),#2834);
#9020 = PRESENTATION_STYLE_ASSIGNMENT((#9021,#9026));
#9021 = SURFACE_STYLE_USAGE(.BOTH.,#9022);
#9022 = SURFACE_SIDE_STYLE('',(#9023));
#9023 = SURFACE_STYLE_FILL_AREA(#9024);
#9024 = FILL_AREA_STYLE('',(#9025));
#9025 = FILL_AREA_STYLE_COLOUR('',#8359);
#9026 = CURVE_STYLE('',#9027,POSITIVE_LENGTH_MEASURE(0.1),#8359);
#9027 = DRAUGHTING_PRE_DEFINED_CURVE_FONT('continuous');
#9028 = STYLED_ITEM('color',(#9029),#2851);
#9029 = PRESENTATION_STYLE_ASSIGNMENT((#9030,#9035));
#9030 = SURFACE_STYLE_USAGE(.BOTH.,#9031);
#9031 = SURFACE_SIDE_STYLE('',(#9032));
#9032 = SURFACE_STYLE_FILL_AREA(#9033);
#9033 = FILL_AREA_STYLE('',(#9034));
#9034 = FILL_AREA_STYLE_COLOUR('',#8231);
#9035 = CURVE_STYLE('',#9036,POSITIVE_LENGTH_MEASURE(0.1),#8231);
#9036 = DRAUGHTING_PRE_DEFINED_CURVE_FONT('continuous');
#9037 = STYLED_ITEM('color',(#9038),#2884);
#9038 = PRESENTATION_STYLE_ASSIGNMENT((#9039,#9044));
#9039 = SURFACE_STYLE_USAGE(.BOTH.,#9040);
#9040 = SURFACE_SIDE_STYLE('',(#9041));
#9041 = SURFACE_STYLE_FILL_AREA(#9042);
#9042 = FILL_AREA_STYLE('',(#9043));
#9043 = FILL_AREA_STYLE_COLOUR('',#8231);
#9044 = CURVE_STYLE('',#9045,POSITIVE_LENGTH_MEASURE(0.1),#8231);
#9045 = DRAUGHTING_PRE_DEFINED_CURVE_FONT('continuous');
#9046 = STYLED_ITEM('color',(#9047),#2917);
#9047 = PRESENTATION_STYLE_ASSIGNMENT((#9048,#9053));
#9048 = SURFACE_STYLE_USAGE(.BOTH.,#9049);
#9049 = SURFACE_SIDE_STYLE('',(#9050));
#9050 = SURFACE_STYLE_FILL_AREA(#9051);
#9051 = FILL_AREA_STYLE('',(#9052));
#9052 = FILL_AREA_STYLE_COLOUR('',#8231);
#9053 = CURVE_STYLE('',#9054,POSITIVE_LENGTH_MEASURE(0.1),#8231);
#9054 = DRAUGHTING_PRE_DEFINED_CURVE_FONT('continuous');
#9055 = STYLED_ITEM('color',(#9056),#2950);
#9056 = PRESENTATION_STYLE_ASSIGNMENT((#9057,#9062));
#9057 = SURFACE_STYLE_USAGE(.BOTH.,#9058);
#9058 = SURFACE_SIDE_STYLE('',(#9059));
#9059 = SURFACE_STYLE_FILL_AREA(#9060);
#9060 = FILL_AREA_STYLE('',(#9061));
#9061 = FILL_AREA_STYLE_COLOUR('',#8231);
#9062 = CURVE_STYLE('',#9063,POSITIVE_LENGTH_MEASURE(0.1),#8231);
#9063 = DRAUGHTING_PRE_DEFINED_CURVE_FONT('continuous');
#9064 = STYLED_ITEM('color',(#9065),#2970);
#9065 = PRESENTATION_STYLE_ASSIGNMENT((#9066,#9071));
#9066 = SURFACE_STYLE_USAGE(.BOTH.,#9067);
#9067 = SURFACE_SIDE_STYLE('',(#9068));
#9068 = SURFACE_STYLE_FILL_AREA(#9069);
#9069 = FILL_AREA_STYLE('',(#9070));
#9070 = FILL_AREA_STYLE_COLOUR('',#8231);
#9071 = CURVE_STYLE('',#9072,POSITIVE_LENGTH_MEASURE(0.1),#8231);
#9072 = DRAUGHTING_PRE_DEFINED_CURVE_FONT('continuous');
#9073 = STYLED_ITEM('color',(#9074),#3003);
#9074 = PRESENTATION_STYLE_ASSIGNMENT((#9075,#9080));
#9075 = SURFACE_STYLE_USAGE(.BOTH.,#9076);
#9076 = SURFACE_SIDE_STYLE('',(#9077));
#9077 = SURFACE_STYLE_FILL_AREA(#9078);
#9078 = FILL_AREA_STYLE('',(#9079));
#9079 = FILL_AREA_STYLE_COLOUR('',#8359);
#9080 = CURVE_STYLE('',#9081,POSITIVE_LENGTH_MEASURE(0.1),#8359);
#9081 = DRAUGHTING_PRE_DEFINED_CURVE_FONT('continuous');
#9082 = STYLED_ITEM('color',(#9083),#3025);
#9083 = PRESENTATION_STYLE_ASSIGNMENT((#9084,#9089));
#9084 = SURFACE_STYLE_USAGE(.BOTH.,#9085);
#9085 = SURFACE_SIDE_STYLE('',(#9086));
#9086 = SURFACE_STYLE_FILL_AREA(#9087);
#9087 = FILL_AREA_STYLE('',(#9088));
#9088 = FILL_AREA_STYLE_COLOUR('',#8359);
#9089 = CURVE_STYLE('',#9090,POSITIVE_LENGTH_MEASURE(0.1),#8359);
#9090 = DRAUGHTING_PRE_DEFINED_CURVE_FONT('continuous');
#9091 = STYLED_ITEM('color',(#9092),#3042);
#9092 = PRESENTATION_STYLE_ASSIGNMENT((#9093,#9098));
#9093 = SURFACE_STYLE_USAGE(.BOTH.,#9094);
#9094 = SURFACE_SIDE_STYLE('',(#9095));
#9095 = SURFACE_STYLE_FILL_AREA(#9096);
#9096 = FILL_AREA_STYLE('',(#9097));
#9097 = FILL_AREA_STYLE_COLOUR('',#8359);
#9098 = CURVE_STYLE('',#9099,POSITIVE_LENGTH_MEASURE(0.1),#8359);
#9099 = DRAUGHTING_PRE_DEFINED_CURVE_FONT('continuous');
#9100 = STYLED_ITEM('color',(#9101),#3054);
#9101 = PRESENTATION_STYLE_ASSIGNMENT((#9102,#9107));
#9102 = SURFACE_STYLE_USAGE(.BOTH.,#9103);
#9103 = SURFACE_SIDE_STYLE('',(#9104));
#9104 = SURFACE_STYLE_FILL_AREA(#9105);
#9105 = FILL_AREA_STYLE('',(#9106));
#9106 = FILL_AREA_STYLE_COLOUR('',#8359);
#9107 = CURVE_STYLE('',#9108,POSITIVE_LENGTH_MEASURE(0.1),#8359);
#9108 = DRAUGHTING_PRE_DEFINED_CURVE_FONT('continuous');
#9109 = STYLED_ITEM('color',(#9110),#3071);
#9110 = PRESENTATION_STYLE_ASSIGNMENT((#9111,#9116));
#9111 = SURFACE_STYLE_USAGE(.BOTH.,#9112);
#9112 = SURFACE_SIDE_STYLE('',(#9113));
#9113 = SURFACE_STYLE_FILL_AREA(#9114);
#9114 = FILL_AREA_STYLE('',(#9115));
#9115 = FILL_AREA_STYLE_COLOUR('',#8359);
#9116 = CURVE_STYLE('',#9117,POSITIVE_LENGTH_MEASURE(0.1),#8359);
#9117 = DRAUGHTING_PRE_DEFINED_CURVE_FONT('continuous');
#9118 = STYLED_ITEM('color',(#9119),#3088);
#9119 = PRESENTATION_STYLE_ASSIGNMENT((#9120,#9125));
#9120 = SURFACE_STYLE_USAGE(.BOTH.,#9121);
#9121 = SURFACE_SIDE_STYLE('',(#9122));
#9122 = SURFACE_STYLE_FILL_AREA(#9123);
#9123 = FILL_AREA_STYLE('',(#9124));
#9124 = FILL_AREA_STYLE_COLOUR('',#8359);
#9125 = CURVE_STYLE('',#9126,POSITIVE_LENGTH_MEASURE(0.1),#8359);
#9126 = DRAUGHTING_PRE_DEFINED_CURVE_FONT('continuous');
#9127 = STYLED_ITEM('color',(#9128),#3105);
#9128 = PRESENTATION_STYLE_ASSIGNMENT((#9129,#9134));
#9129 = SURFACE_STYLE_USAGE(.BOTH.,#9130);
#9130 = SURFACE_SIDE_STYLE('',(#9131));
#9131 = SURFACE_STYLE_FILL_AREA(#9132);
#9132 = FILL_AREA_STYLE('',(#9133));
#9133 = FILL_AREA_STYLE_COLOUR('',#8359);
#9134 = CURVE_STYLE('',#9135,POSITIVE_LENGTH_MEASURE(0.1),#8359);
#9135 = DRAUGHTING_PRE_DEFINED_CURVE_FONT('continuous');
#9136 = STYLED_ITEM('color',(#9137),#3117);
#9137 = PRESENTATION_STYLE_ASSIGNMENT((#9138,#9143));
#9138 = SURFACE_STYLE_USAGE(.BOTH.,#9139);
#9139 = SURFACE_SIDE_STYLE('',(#9140));
#9140 = SURFACE_STYLE_FILL_AREA(#9141);
#9141 = FILL_AREA_STYLE('',(#9142));
#9142 = FILL_AREA_STYLE_COLOUR('',#8359);
#9143 = CURVE_STYLE('',#9144,POSITIVE_LENGTH_MEASURE(0.1),#8359);
#9144 = DRAUGHTING_PRE_DEFINED_CURVE_FONT('continuous');
#9145 = STYLED_ITEM('color',(#9146),#3139);
#9146 = PRESENTATION_STYLE_ASSIGNMENT((#9147,#9152));
#9147 = SURFACE_STYLE_USAGE(.BOTH.,#9148);
#9148 = SURFACE_SIDE_STYLE('',(#9149));
#9149 = SURFACE_STYLE_FILL_AREA(#9150);
#9150 = FILL_AREA_STYLE('',(#9151));
#9151 = FILL_AREA_STYLE_COLOUR('',#8359);
#9152 = CURVE_STYLE('',#9153,POSITIVE_LENGTH_MEASURE(0.1),#8359);
#9153 = DRAUGHTING_PRE_DEFINED_CURVE_FONT('continuous');
#9154 = STYLED_ITEM('color',(#9155),#3156);
#9155 = PRESENTATION_STYLE_ASSIGNMENT((#9156,#9161));
#9156 = SURFACE_STYLE_USAGE(.BOTH.,#9157);
#9157 = SURFACE_SIDE_STYLE('',(#9158));
#9158 = SURFACE_STYLE_FILL_AREA(#9159);
#9159 = FILL_AREA_STYLE('',(#9160));
#9160 = FILL_AREA_STYLE_COLOUR('',#8359);
#9161 = CURVE_STYLE('',#9162,POSITIVE_LENGTH_MEASURE(0.1),#8359);
#9162 = DRAUGHTING_PRE_DEFINED_CURVE_FONT('continuous');
#9163 = STYLED_ITEM('color',(#9164),#3168);
#9164 = PRESENTATION_STYLE_ASSIGNMENT((#9165,#9170));
#9165 = SURFACE_STYLE_USAGE(.BOTH.,#9166);
#9166 = SURFACE_SIDE_STYLE('',(#9167));
#9167 = SURFACE_STYLE_FILL_AREA(#9168);
#9168 = FILL_AREA_STYLE('',(#9169));
#9169 = FILL_AREA_STYLE_COLOUR('',#8359);
#9170 = CURVE_STYLE('',#9171,POSITIVE_LENGTH_MEASURE(0.1),#8359);
#9171 = DRAUGHTING_PRE_DEFINED_CURVE_FONT('continuous');
#9172 = STYLED_ITEM('color',(#9173),#3185);
#9173 = PRESENTATION_STYLE_ASSIGNMENT((#9174,#9179));
#9174 = SURFACE_STYLE_USAGE(.BOTH.,#9175);
#9175 = SURFACE_SIDE_STYLE('',(#9176));
#9176 = SURFACE_STYLE_FILL_AREA(#9177);
#9177 = FILL_AREA_STYLE('',(#9178));
#9178 = FILL_AREA_STYLE_COLOUR('',#8359);
#9179 = CURVE_STYLE('',#9180,POSITIVE_LENGTH_MEASURE(0.1),#8359);
#9180 = DRAUGHTING_PRE_DEFINED_CURVE_FONT('continuous');
#9181 = STYLED_ITEM('color',(#9182),#3202);
#9182 = PRESENTATION_STYLE_ASSIGNMENT((#9183,#9188));
#9183 = SURFACE_STYLE_USAGE(.BOTH.,#9184);
#9184 = SURFACE_SIDE_STYLE('',(#9185));
#9185 = SURFACE_STYLE_FILL_AREA(#9186);
#9186 = FILL_AREA_STYLE('',(#9187));
#9187 = FILL_AREA_STYLE_COLOUR('',#8359);
#9188 = CURVE_STYLE('',#9189,POSITIVE_LENGTH_MEASURE(0.1),#8359);
#9189 = DRAUGHTING_PRE_DEFINED_CURVE_FONT('continuous');
#9190 = STYLED_ITEM('color',(#9191),#3219);
#9191 = PRESENTATION_STYLE_ASSIGNMENT((#9192,#9197));
#9192 = SURFACE_STYLE_USAGE(.BOTH.,#9193);
#9193 = SURFACE_SIDE_STYLE('',(#9194));
#9194 = SURFACE_STYLE_FILL_AREA(#9195);
#9195 = FILL_AREA_STYLE('',(#9196));
#9196 = FILL_AREA_STYLE_COLOUR('',#8359);
#9197 = CURVE_STYLE('',#9198,POSITIVE_LENGTH_MEASURE(0.1),#8359);
#9198 = DRAUGHTING_PRE_DEFINED_CURVE_FONT('continuous');
#9199 = STYLED_ITEM('color',(#9200),#3231);
#9200 = PRESENTATION_STYLE_ASSIGNMENT((#9201,#9206));
#9201 = SURFACE_STYLE_USAGE(.BOTH.,#9202);
#9202 = SURFACE_SIDE_STYLE('',(#9203));
#9203 = SURFACE_STYLE_FILL_AREA(#9204);
#9204 = FILL_AREA_STYLE('',(#9205));
#9205 = FILL_AREA_STYLE_COLOUR('',#8231);
#9206 = CURVE_STYLE('',#9207,POSITIVE_LENGTH_MEASURE(0.1),#8231);
#9207 = DRAUGHTING_PRE_DEFINED_CURVE_FONT('continuous');
#9208 = STYLED_ITEM('color',(#9209),#3240);
#9209 = PRESENTATION_STYLE_ASSIGNMENT((#9210,#9215));
#9210 = SURFACE_STYLE_USAGE(.BOTH.,#9211);
#9211 = SURFACE_SIDE_STYLE('',(#9212));
#9212 = SURFACE_STYLE_FILL_AREA(#9213);
#9213 = FILL_AREA_STYLE('',(#9214));
#9214 = FILL_AREA_STYLE_COLOUR('',#8231);
#9215 = CURVE_STYLE('',#9216,POSITIVE_LENGTH_MEASURE(0.1),#8231);
#9216 = DRAUGHTING_PRE_DEFINED_CURVE_FONT('continuous');
#9217 = STYLED_ITEM('color',(#9218),#3249);
#9218 = PRESENTATION_STYLE_ASSIGNMENT((#9219,#9224));
#9219 = SURFACE_STYLE_USAGE(.BOTH.,#9220);
#9220 = SURFACE_SIDE_STYLE('',(#9221));
#9221 = SURFACE_STYLE_FILL_AREA(#9222);
#9222 = FILL_AREA_STYLE('',(#9223));
#9223 = FILL_AREA_STYLE_COLOUR('',#8231);
#9224 = CURVE_STYLE('',#9225,POSITIVE_LENGTH_MEASURE(0.1),#8231);
#9225 = DRAUGHTING_PRE_DEFINED_CURVE_FONT('continuous');
#9226 = STYLED_ITEM('color',(#9227),#3258);
#9227 = PRESENTATION_STYLE_ASSIGNMENT((#9228,#9233));
#9228 = SURFACE_STYLE_USAGE(.BOTH.,#9229);
#9229 = SURFACE_SIDE_STYLE('',(#9230));
#9230 = SURFACE_STYLE_FILL_AREA(#9231);
#9231 = FILL_AREA_STYLE('',(#9232));
#9232 = FILL_AREA_STYLE_COLOUR('',#8231);
#9233 = CURVE_STYLE('',#9234,POSITIVE_LENGTH_MEASURE(0.1),#8231);
#9234 = DRAUGHTING_PRE_DEFINED_CURVE_FONT('continuous');
#9235 = STYLED_ITEM('color',(#9236),#3283);
#9236 = PRESENTATION_STYLE_ASSIGNMENT((#9237,#9242));
#9237 = SURFACE_STYLE_USAGE(.BOTH.,#9238);
#9238 = SURFACE_SIDE_STYLE('',(#9239));
#9239 = SURFACE_STYLE_FILL_AREA(#9240);
#9240 = FILL_AREA_STYLE('',(#9241));
#9241 = FILL_AREA_STYLE_COLOUR('',#8231);
#9242 = CURVE_STYLE('',#9243,POSITIVE_LENGTH_MEASURE(0.1),#8231);
#9243 = DRAUGHTING_PRE_DEFINED_CURVE_FONT('continuous');
#9244 = STYLED_ITEM('color',(#9245),#3292);
#9245 = PRESENTATION_STYLE_ASSIGNMENT((#9246,#9251));
#9246 = SURFACE_STYLE_USAGE(.BOTH.,#9247);
#9247 = SURFACE_SIDE_STYLE('',(#9248));
#9248 = SURFACE_STYLE_FILL_AREA(#9249);
#9249 = FILL_AREA_STYLE('',(#9250));
#9250 = FILL_AREA_STYLE_COLOUR('',#8231);
#9251 = CURVE_STYLE('',#9252,POSITIVE_LENGTH_MEASURE(0.1),#8231);
#9252 = DRAUGHTING_PRE_DEFINED_CURVE_FONT('continuous');
#9253 = STYLED_ITEM('color',(#9254),#3318);
#9254 = PRESENTATION_STYLE_ASSIGNMENT((#9255,#9260));
#9255 = SURFACE_STYLE_USAGE(.BOTH.,#9256);
#9256 = SURFACE_SIDE_STYLE('',(#9257));
#9257 = SURFACE_STYLE_FILL_AREA(#9258);
#9258 = FILL_AREA_STYLE('',(#9259));
#9259 = FILL_AREA_STYLE_COLOUR('',#8231);
#9260 = CURVE_STYLE('',#9261,POSITIVE_LENGTH_MEASURE(0.1),#8231);
#9261 = DRAUGHTING_PRE_DEFINED_CURVE_FONT('continuous');
#9262 = MECHANICAL_DESIGN_GEOMETRIC_PRESENTATION_REPRESENTATION('',(
    #9263,#9270,#9277,#9284,#9291,#9298,#9305,#9312,#9320,#9327,#9334,
    #9341,#9348,#9355,#9363,#9370,#9377,#9384,#9391,#9398,#9405,#9412,
    #9419,#9426,#9433,#9440),#6776);
#9263 = STYLED_ITEM('color',(#9264),#5988);
#9264 = PRESENTATION_STYLE_ASSIGNMENT((#9265));
#9265 = SURFACE_STYLE_USAGE(.BOTH.,#9266);
#9266 = SURFACE_SIDE_STYLE('',(#9267));
#9267 = SURFACE_STYLE_FILL_AREA(#9268);
#9268 = FILL_AREA_STYLE('',(#9269));
#9269 = FILL_AREA_STYLE_COLOUR('',#8359);
#9270 = STYLED_ITEM('color',(#9271),#6028);
#9271 = PRESENTATION_STYLE_ASSIGNMENT((#9272));
#9272 = SURFACE_STYLE_USAGE(.BOTH.,#9273);
#9273 = SURFACE_SIDE_STYLE('',(#9274));
#9274 = SURFACE_STYLE_FILL_AREA(#9275);
#9275 = FILL_AREA_STYLE('',(#9276));
#9276 = FILL_AREA_STYLE_COLOUR('',#8359);
#9277 = STYLED_ITEM('color',(#9278),#6111);
#9278 = PRESENTATION_STYLE_ASSIGNMENT((#9279));
#9279 = SURFACE_STYLE_USAGE(.BOTH.,#9280);
#9280 = SURFACE_SIDE_STYLE('',(#9281));
#9281 = SURFACE_STYLE_FILL_AREA(#9282);
#9282 = FILL_AREA_STYLE('',(#9283));
#9283 = FILL_AREA_STYLE_COLOUR('',#8359);
#9284 = STYLED_ITEM('color',(#9285),#6136);
#9285 = PRESENTATION_STYLE_ASSIGNMENT((#9286));
#9286 = SURFACE_STYLE_USAGE(.BOTH.,#9287);
#9287 = SURFACE_SIDE_STYLE('',(#9288));
#9288 = SURFACE_STYLE_FILL_AREA(#9289);
#9289 = FILL_AREA_STYLE('',(#9290));
#9290 = FILL_AREA_STYLE_COLOUR('',#8359);
#9291 = STYLED_ITEM('color',(#9292),#6161);
#9292 = PRESENTATION_STYLE_ASSIGNMENT((#9293));
#9293 = SURFACE_STYLE_USAGE(.BOTH.,#9294);
#9294 = SURFACE_SIDE_STYLE('',(#9295));
#9295 = SURFACE_STYLE_FILL_AREA(#9296);
#9296 = FILL_AREA_STYLE('',(#9297));
#9297 = FILL_AREA_STYLE_COLOUR('',#8359);
#9298 = STYLED_ITEM('color',(#9299),#6228);
#9299 = PRESENTATION_STYLE_ASSIGNMENT((#9300));
#9300 = SURFACE_STYLE_USAGE(.BOTH.,#9301);
#9301 = SURFACE_SIDE_STYLE('',(#9302));
#9302 = SURFACE_STYLE_FILL_AREA(#9303);
#9303 = FILL_AREA_STYLE('',(#9304));
#9304 = FILL_AREA_STYLE_COLOUR('',#8359);
#9305 = STYLED_ITEM('color',(#9306),#6245);
#9306 = PRESENTATION_STYLE_ASSIGNMENT((#9307));
#9307 = SURFACE_STYLE_USAGE(.BOTH.,#9308);
#9308 = SURFACE_SIDE_STYLE('',(#9309));
#9309 = SURFACE_STYLE_FILL_AREA(#9310);
#9310 = FILL_AREA_STYLE('',(#9311));
#9311 = FILL_AREA_STYLE_COLOUR('',#8359);
#9312 = STYLED_ITEM('color',(#9313),#6262);
#9313 = PRESENTATION_STYLE_ASSIGNMENT((#9314));
#9314 = SURFACE_STYLE_USAGE(.BOTH.,#9315);
#9315 = SURFACE_SIDE_STYLE('',(#9316));
#9316 = SURFACE_STYLE_FILL_AREA(#9317);
#9317 = FILL_AREA_STYLE('',(#9318));
#9318 = FILL_AREA_STYLE_COLOUR('',#9319);
#9319 = COLOUR_RGB('',0.894999966383,0.890999961016,0.813000030345);
#9320 = STYLED_ITEM('color',(#9321),#6311);
#9321 = PRESENTATION_STYLE_ASSIGNMENT((#9322));
#9322 = SURFACE_STYLE_USAGE(.BOTH.,#9323);
#9323 = SURFACE_SIDE_STYLE('',(#9324));
#9324 = SURFACE_STYLE_FILL_AREA(#9325);
#9325 = FILL_AREA_STYLE('',(#9326));
#9326 = FILL_AREA_STYLE_COLOUR('',#8359);
#9327 = STYLED_ITEM('color',(#9328),#6328);
#9328 = PRESENTATION_STYLE_ASSIGNMENT((#9329));
#9329 = SURFACE_STYLE_USAGE(.BOTH.,#9330);
#9330 = SURFACE_SIDE_STYLE('',(#9331));
#9331 = SURFACE_STYLE_FILL_AREA(#9332);
#9332 = FILL_AREA_STYLE('',(#9333));
#9333 = FILL_AREA_STYLE_COLOUR('',#8359);
#9334 = STYLED_ITEM('color',(#9335),#6345);
#9335 = PRESENTATION_STYLE_ASSIGNMENT((#9336));
#9336 = SURFACE_STYLE_USAGE(.BOTH.,#9337);
#9337 = SURFACE_SIDE_STYLE('',(#9338));
#9338 = SURFACE_STYLE_FILL_AREA(#9339);
#9339 = FILL_AREA_STYLE('',(#9340));
#9340 = FILL_AREA_STYLE_COLOUR('',#9319);
#9341 = STYLED_ITEM('color',(#9342),#6394);
#9342 = PRESENTATION_STYLE_ASSIGNMENT((#9343));
#9343 = SURFACE_STYLE_USAGE(.BOTH.,#9344);
#9344 = SURFACE_SIDE_STYLE('',(#9345));
#9345 = SURFACE_STYLE_FILL_AREA(#9346);
#9346 = FILL_AREA_STYLE('',(#9347));
#9347 = FILL_AREA_STYLE_COLOUR('',#9319);
#9348 = STYLED_ITEM('color',(#9349),#6411);
#9349 = PRESENTATION_STYLE_ASSIGNMENT((#9350));
#9350 = SURFACE_STYLE_USAGE(.BOTH.,#9351);
#9351 = SURFACE_SIDE_STYLE('',(#9352));
#9352 = SURFACE_STYLE_FILL_AREA(#9353);
#9353 = FILL_AREA_STYLE('',(#9354));
#9354 = FILL_AREA_STYLE_COLOUR('',#8359);
#9355 = STYLED_ITEM('color',(#9356),#6480);
#9356 = PRESENTATION_STYLE_ASSIGNMENT((#9357));
#9357 = SURFACE_STYLE_USAGE(.BOTH.,#9358);
#9358 = SURFACE_SIDE_STYLE('',(#9359));
#9359 = SURFACE_STYLE_FILL_AREA(#9360);
#9360 = FILL_AREA_STYLE('',(#9361));
#9361 = FILL_AREA_STYLE_COLOUR('',#9362);
#9362 = COLOUR_RGB('',8.200000279077E-02,8.600000121357E-02,
  9.399999706163E-02);
#9363 = STYLED_ITEM('color',(#9364),#6511);
#9364 = PRESENTATION_STYLE_ASSIGNMENT((#9365));
#9365 = SURFACE_STYLE_USAGE(.BOTH.,#9366);
#9366 = SURFACE_SIDE_STYLE('',(#9367));
#9367 = SURFACE_STYLE_FILL_AREA(#9368);
#9368 = FILL_AREA_STYLE('',(#9369));
#9369 = FILL_AREA_STYLE_COLOUR('',#9362);
#9370 = STYLED_ITEM('color',(#9371),#6535);
#9371 = PRESENTATION_STYLE_ASSIGNMENT((#9372));
#9372 = SURFACE_STYLE_USAGE(.BOTH.,#9373);
#9373 = SURFACE_SIDE_STYLE('',(#9374));
#9374 = SURFACE_STYLE_FILL_AREA(#9375);
#9375 = FILL_AREA_STYLE('',(#9376));
#9376 = FILL_AREA_STYLE_COLOUR('',#8359);
#9377 = STYLED_ITEM('color',(#9378),#6604);
#9378 = PRESENTATION_STYLE_ASSIGNMENT((#9379));
#9379 = SURFACE_STYLE_USAGE(.BOTH.,#9380);
#9380 = SURFACE_SIDE_STYLE('',(#9381));
#9381 = SURFACE_STYLE_FILL_AREA(#9382);
#9382 = FILL_AREA_STYLE('',(#9383));
#9383 = FILL_AREA_STYLE_COLOUR('',#9362);
#9384 = STYLED_ITEM('color',(#9385),#6628);
#9385 = PRESENTATION_STYLE_ASSIGNMENT((#9386));
#9386 = SURFACE_STYLE_USAGE(.BOTH.,#9387);
#9387 = SURFACE_SIDE_STYLE('',(#9388));
#9388 = SURFACE_STYLE_FILL_AREA(#9389);
#9389 = FILL_AREA_STYLE('',(#9390));
#9390 = FILL_AREA_STYLE_COLOUR('',#8359);
#9391 = STYLED_ITEM('color',(#9392),#6645);
#9392 = PRESENTATION_STYLE_ASSIGNMENT((#9393));
#9393 = SURFACE_STYLE_USAGE(.BOTH.,#9394);
#9394 = SURFACE_SIDE_STYLE('',(#9395));
#9395 = SURFACE_STYLE_FILL_AREA(#9396);
#9396 = FILL_AREA_STYLE('',(#9397));
#9397 = FILL_AREA_STYLE_COLOUR('',#8359);
#9398 = STYLED_ITEM('color',(#9399),#6662);
#9399 = PRESENTATION_STYLE_ASSIGNMENT((#9400));
#9400 = SURFACE_STYLE_USAGE(.BOTH.,#9401);
#9401 = SURFACE_SIDE_STYLE('',(#9402));
#9402 = SURFACE_STYLE_FILL_AREA(#9403);
#9403 = FILL_AREA_STYLE('',(#9404));
#9404 = FILL_AREA_STYLE_COLOUR('',#8359);
#9405 = STYLED_ITEM('color',(#9406),#6679);
#9406 = PRESENTATION_STYLE_ASSIGNMENT((#9407));
#9407 = SURFACE_STYLE_USAGE(.BOTH.,#9408);
#9408 = SURFACE_SIDE_STYLE('',(#9409));
#9409 = SURFACE_STYLE_FILL_AREA(#9410);
#9410 = FILL_AREA_STYLE('',(#9411));
#9411 = FILL_AREA_STYLE_COLOUR('',#8359);
#9412 = STYLED_ITEM('color',(#9413),#6696);
#9413 = PRESENTATION_STYLE_ASSIGNMENT((#9414));
#9414 = SURFACE_STYLE_USAGE(.BOTH.,#9415);
#9415 = SURFACE_SIDE_STYLE('',(#9416));
#9416 = SURFACE_STYLE_FILL_AREA(#9417);
#9417 = FILL_AREA_STYLE('',(#9418));
#9418 = FILL_AREA_STYLE_COLOUR('',#8359);
#9419 = STYLED_ITEM('color',(#9420),#6713);
#9420 = PRESENTATION_STYLE_ASSIGNMENT((#9421));
#9421 = SURFACE_STYLE_USAGE(.BOTH.,#9422);
#9422 = SURFACE_SIDE_STYLE('',(#9423));
#9423 = SURFACE_STYLE_FILL_AREA(#9424);
#9424 = FILL_AREA_STYLE('',(#9425));
#9425 = FILL_AREA_STYLE_COLOUR('',#8359);
#9426 = STYLED_ITEM('color',(#9427),#6730);
#9427 = PRESENTATION_STYLE_ASSIGNMENT((#9428));
#9428 = SURFACE_STYLE_USAGE(.BOTH.,#9429);
#9429 = SURFACE_SIDE_STYLE('',(#9430));
#9430 = SURFACE_STYLE_FILL_AREA(#9431);
#9431 = FILL_AREA_STYLE('',(#9432));
#9432 = FILL_AREA_STYLE_COLOUR('',#8359);
#9433 = STYLED_ITEM('color',(#9434),#6747);
#9434 = PRESENTATION_STYLE_ASSIGNMENT((#9435));
#9435 = SURFACE_STYLE_USAGE(.BOTH.,#9436);
#9436 = SURFACE_SIDE_STYLE('',(#9437));
#9437 = SURFACE_STYLE_FILL_AREA(#9438);
#9438 = FILL_AREA_STYLE('',(#9439));
#9439 = FILL_AREA_STYLE_COLOUR('',#9362);
#9440 = STYLED_ITEM('color',(#9441),#6764);
#9441 = PRESENTATION_STYLE_ASSIGNMENT((#9442));
#9442 = SURFACE_STYLE_USAGE(.BOTH.,#9443);
#9443 = SURFACE_SIDE_STYLE('',(#9444));
#9444 = SURFACE_STYLE_FILL_AREA(#9445);
#9445 = FILL_AREA_STYLE('',(#9446));
#9446 = FILL_AREA_STYLE_COLOUR('',#9362);
#9447 = MECHANICAL_DESIGN_GEOMETRIC_PRESENTATION_REPRESENTATION('',(
    #9448),#8212);
#9448 = STYLED_ITEM('color',(#9449),#6805);
#9449 = PRESENTATION_STYLE_ASSIGNMENT((#9450));
#9450 = SURFACE_STYLE_USAGE(.BOTH.,#9451);
#9451 = SURFACE_SIDE_STYLE('',(#9452));
#9452 = SURFACE_STYLE_FILL_AREA(#9453);
#9453 = FILL_AREA_STYLE('',(#9454));
#9454 = FILL_AREA_STYLE_COLOUR('',#9455);
#9455 = COLOUR_RGB('',0.313304153717,0.484529207832,0.410020903123);
#9456 = MECHANICAL_DESIGN_GEOMETRIC_PRESENTATION_REPRESENTATION('',(
    #9457,#9465,#9472,#9479,#9486,#9493,#9500,#9507,#9514,#9521,#9528,
    #9535,#9542,#9549,#9556,#9563,#9570,#9577,#9584,#9591,#9598,#9605,
    #9612,#9619,#9626,#9633,#9640,#9647,#9654,#9661,#9668,#9675,#9682,
    #9689,#9696,#9703,#9710,#9717,#9724,#9731,#9738,#9745,#9752,#9759,
    #9766,#9773,#9780,#9787,#9794,#9801,#9808,#9815,#9822,#9829,#9836,
    #9843,#9850,#9857,#9864,#9871,#9878,#9885,#9892,#9899,#9906,#9913,
    #9920,#9927,#9934,#9941,#9948,#9955,#9962,#9969,#9976,#9983,#9990,
    #9997,#10004,#10011,#10018,#10025,#10032,#10039,#10046,#10053,#10060
    ,#10067,#10074),#5967);
#9457 = STYLED_ITEM('color',(#9458),#3348);
#9458 = PRESENTATION_STYLE_ASSIGNMENT((#9459));
#9459 = SURFACE_STYLE_USAGE(.BOTH.,#9460);
#9460 = SURFACE_SIDE_STYLE('',(#9461));
#9461 = SURFACE_STYLE_FILL_AREA(#9462);
#9462 = FILL_AREA_STYLE('',(#9463));
#9463 = FILL_AREA_STYLE_COLOUR('',#9464);
#9464 = COLOUR_RGB('',0.340000006699,0.68000001254,0.444999988852);
#9465 = STYLED_ITEM('color',(#9466),#3444);
#9466 = PRESENTATION_STYLE_ASSIGNMENT((#9467));
#9467 = SURFACE_STYLE_USAGE(.BOTH.,#9468);
#9468 = SURFACE_SIDE_STYLE('',(#9469));
#9469 = SURFACE_STYLE_FILL_AREA(#9470);
#9470 = FILL_AREA_STYLE('',(#9471));
#9471 = FILL_AREA_STYLE_COLOUR('',#9464);
#9472 = STYLED_ITEM('color',(#9473),#3475);
#9473 = PRESENTATION_STYLE_ASSIGNMENT((#9474));
#9474 = SURFACE_STYLE_USAGE(.BOTH.,#9475);
#9475 = SURFACE_SIDE_STYLE('',(#9476));
#9476 = SURFACE_STYLE_FILL_AREA(#9477);
#9477 = FILL_AREA_STYLE('',(#9478));
#9478 = FILL_AREA_STYLE_COLOUR('',#9464);
#9479 = STYLED_ITEM('color',(#9480),#3521);
#9480 = PRESENTATION_STYLE_ASSIGNMENT((#9481));
#9481 = SURFACE_STYLE_USAGE(.BOTH.,#9482);
#9482 = SURFACE_SIDE_STYLE('',(#9483));
#9483 = SURFACE_STYLE_FILL_AREA(#9484);
#9484 = FILL_AREA_STYLE('',(#9485));
#9485 = FILL_AREA_STYLE_COLOUR('',#9464);
#9486 = STYLED_ITEM('color',(#9487),#3545);
#9487 = PRESENTATION_STYLE_ASSIGNMENT((#9488));
#9488 = SURFACE_STYLE_USAGE(.BOTH.,#9489);
#9489 = SURFACE_SIDE_STYLE('',(#9490));
#9490 = SURFACE_STYLE_FILL_AREA(#9491);
#9491 = FILL_AREA_STYLE('',(#9492));
#9492 = FILL_AREA_STYLE_COLOUR('',#9464);
#9493 = STYLED_ITEM('color',(#9494),#3569);
#9494 = PRESENTATION_STYLE_ASSIGNMENT((#9495));
#9495 = SURFACE_STYLE_USAGE(.BOTH.,#9496);
#9496 = SURFACE_SIDE_STYLE('',(#9497));
#9497 = SURFACE_STYLE_FILL_AREA(#9498);
#9498 = FILL_AREA_STYLE('',(#9499));
#9499 = FILL_AREA_STYLE_COLOUR('',#9464);
#9500 = STYLED_ITEM('color',(#9501),#3716);
#9501 = PRESENTATION_STYLE_ASSIGNMENT((#9502));
#9502 = SURFACE_STYLE_USAGE(.BOTH.,#9503);
#9503 = SURFACE_SIDE_STYLE('',(#9504));
#9504 = SURFACE_STYLE_FILL_AREA(#9505);
#9505 = FILL_AREA_STYLE('',(#9506));
#9506 = FILL_AREA_STYLE_COLOUR('',#9464);
#9507 = STYLED_ITEM('color',(#9508),#3740);
#9508 = PRESENTATION_STYLE_ASSIGNMENT((#9509));
#9509 = SURFACE_STYLE_USAGE(.BOTH.,#9510);
#9510 = SURFACE_SIDE_STYLE('',(#9511));
#9511 = SURFACE_STYLE_FILL_AREA(#9512);
#9512 = FILL_AREA_STYLE('',(#9513));
#9513 = FILL_AREA_STYLE_COLOUR('',#9464);
#9514 = STYLED_ITEM('color',(#9515),#3764);
#9515 = PRESENTATION_STYLE_ASSIGNMENT((#9516));
#9516 = SURFACE_STYLE_USAGE(.BOTH.,#9517);
#9517 = SURFACE_SIDE_STYLE('',(#9518));
#9518 = SURFACE_STYLE_FILL_AREA(#9519);
#9519 = FILL_AREA_STYLE('',(#9520));
#9520 = FILL_AREA_STYLE_COLOUR('',#9464);
#9521 = STYLED_ITEM('color',(#9522),#3781);
#9522 = PRESENTATION_STYLE_ASSIGNMENT((#9523));
#9523 = SURFACE_STYLE_USAGE(.BOTH.,#9524);
#9524 = SURFACE_SIDE_STYLE('',(#9525));
#9525 = SURFACE_STYLE_FILL_AREA(#9526);
#9526 = FILL_AREA_STYLE('',(#9527));
#9527 = FILL_AREA_STYLE_COLOUR('',#9464);
#9528 = STYLED_ITEM('color',(#9529),#3873);
#9529 = PRESENTATION_STYLE_ASSIGNMENT((#9530));
#9530 = SURFACE_STYLE_USAGE(.BOTH.,#9531);
#9531 = SURFACE_SIDE_STYLE('',(#9532));
#9532 = SURFACE_STYLE_FILL_AREA(#9533);
#9533 = FILL_AREA_STYLE('',(#9534));
#9534 = FILL_AREA_STYLE_COLOUR('',#9464);
#9535 = STYLED_ITEM('color',(#9536),#3890);
#9536 = PRESENTATION_STYLE_ASSIGNMENT((#9537));
#9537 = SURFACE_STYLE_USAGE(.BOTH.,#9538);
#9538 = SURFACE_SIDE_STYLE('',(#9539));
#9539 = SURFACE_STYLE_FILL_AREA(#9540);
#9540 = FILL_AREA_STYLE('',(#9541));
#9541 = FILL_AREA_STYLE_COLOUR('',#9464);
#9542 = STYLED_ITEM('color',(#9543),#3928);
#9543 = PRESENTATION_STYLE_ASSIGNMENT((#9544));
#9544 = SURFACE_STYLE_USAGE(.BOTH.,#9545);
#9545 = SURFACE_SIDE_STYLE('',(#9546));
#9546 = SURFACE_STYLE_FILL_AREA(#9547);
#9547 = FILL_AREA_STYLE('',(#9548));
#9548 = FILL_AREA_STYLE_COLOUR('',#9464);
#9549 = STYLED_ITEM('color',(#9550),#4039);
#9550 = PRESENTATION_STYLE_ASSIGNMENT((#9551));
#9551 = SURFACE_STYLE_USAGE(.BOTH.,#9552);
#9552 = SURFACE_SIDE_STYLE('',(#9553));
#9553 = SURFACE_STYLE_FILL_AREA(#9554);
#9554 = FILL_AREA_STYLE('',(#9555));
#9555 = FILL_AREA_STYLE_COLOUR('',#9464);
#9556 = STYLED_ITEM('color',(#9557),#4150);
#9557 = PRESENTATION_STYLE_ASSIGNMENT((#9558));
#9558 = SURFACE_STYLE_USAGE(.BOTH.,#9559);
#9559 = SURFACE_SIDE_STYLE('',(#9560));
#9560 = SURFACE_STYLE_FILL_AREA(#9561);
#9561 = FILL_AREA_STYLE('',(#9562));
#9562 = FILL_AREA_STYLE_COLOUR('',#9464);
#9563 = STYLED_ITEM('color',(#9564),#4162);
#9564 = PRESENTATION_STYLE_ASSIGNMENT((#9565));
#9565 = SURFACE_STYLE_USAGE(.BOTH.,#9566);
#9566 = SURFACE_SIDE_STYLE('',(#9567));
#9567 = SURFACE_STYLE_FILL_AREA(#9568);
#9568 = FILL_AREA_STYLE('',(#9569));
#9569 = FILL_AREA_STYLE_COLOUR('',#9464);
#9570 = STYLED_ITEM('color',(#9571),#4186);
#9571 = PRESENTATION_STYLE_ASSIGNMENT((#9572));
#9572 = SURFACE_STYLE_USAGE(.BOTH.,#9573);
#9573 = SURFACE_SIDE_STYLE('',(#9574));
#9574 = SURFACE_STYLE_FILL_AREA(#9575);
#9575 = FILL_AREA_STYLE('',(#9576));
#9576 = FILL_AREA_STYLE_COLOUR('',#9464);
#9577 = STYLED_ITEM('color',(#9578),#4210);
#9578 = PRESENTATION_STYLE_ASSIGNMENT((#9579));
#9579 = SURFACE_STYLE_USAGE(.BOTH.,#9580);
#9580 = SURFACE_SIDE_STYLE('',(#9581));
#9581 = SURFACE_STYLE_FILL_AREA(#9582);
#9582 = FILL_AREA_STYLE('',(#9583));
#9583 = FILL_AREA_STYLE_COLOUR('',#9464);
#9584 = STYLED_ITEM('color',(#9585),#4227);
#9585 = PRESENTATION_STYLE_ASSIGNMENT((#9586));
#9586 = SURFACE_STYLE_USAGE(.BOTH.,#9587);
#9587 = SURFACE_SIDE_STYLE('',(#9588));
#9588 = SURFACE_STYLE_FILL_AREA(#9589);
#9589 = FILL_AREA_STYLE('',(#9590));
#9590 = FILL_AREA_STYLE_COLOUR('',#8359);
#9591 = STYLED_ITEM('color',(#9592),#4258);
#9592 = PRESENTATION_STYLE_ASSIGNMENT((#9593));
#9593 = SURFACE_STYLE_USAGE(.BOTH.,#9594);
#9594 = SURFACE_SIDE_STYLE('',(#9595));
#9595 = SURFACE_STYLE_FILL_AREA(#9596);
#9596 = FILL_AREA_STYLE('',(#9597));
#9597 = FILL_AREA_STYLE_COLOUR('',#8359);
#9598 = STYLED_ITEM('color',(#9599),#4282);
#9599 = PRESENTATION_STYLE_ASSIGNMENT((#9600));
#9600 = SURFACE_STYLE_USAGE(.BOTH.,#9601);
#9601 = SURFACE_SIDE_STYLE('',(#9602));
#9602 = SURFACE_STYLE_FILL_AREA(#9603);
#9603 = FILL_AREA_STYLE('',(#9604));
#9604 = FILL_AREA_STYLE_COLOUR('',#8359);
#9605 = STYLED_ITEM('color',(#9606),#4306);
#9606 = PRESENTATION_STYLE_ASSIGNMENT((#9607));
#9607 = SURFACE_STYLE_USAGE(.BOTH.,#9608);
#9608 = SURFACE_SIDE_STYLE('',(#9609));
#9609 = SURFACE_STYLE_FILL_AREA(#9610);
#9610 = FILL_AREA_STYLE('',(#9611));
#9611 = FILL_AREA_STYLE_COLOUR('',#8359);
#9612 = STYLED_ITEM('color',(#9613),#4323);
#9613 = PRESENTATION_STYLE_ASSIGNMENT((#9614));
#9614 = SURFACE_STYLE_USAGE(.BOTH.,#9615);
#9615 = SURFACE_SIDE_STYLE('',(#9616));
#9616 = SURFACE_STYLE_FILL_AREA(#9617);
#9617 = FILL_AREA_STYLE('',(#9618));
#9618 = FILL_AREA_STYLE_COLOUR('',#8359);
#9619 = STYLED_ITEM('color',(#9620),#4354);
#9620 = PRESENTATION_STYLE_ASSIGNMENT((#9621));
#9621 = SURFACE_STYLE_USAGE(.BOTH.,#9622);
#9622 = SURFACE_SIDE_STYLE('',(#9623));
#9623 = SURFACE_STYLE_FILL_AREA(#9624);
#9624 = FILL_AREA_STYLE('',(#9625));
#9625 = FILL_AREA_STYLE_COLOUR('',#8359);
#9626 = STYLED_ITEM('color',(#9627),#4378);
#9627 = PRESENTATION_STYLE_ASSIGNMENT((#9628));
#9628 = SURFACE_STYLE_USAGE(.BOTH.,#9629);
#9629 = SURFACE_SIDE_STYLE('',(#9630));
#9630 = SURFACE_STYLE_FILL_AREA(#9631);
#9631 = FILL_AREA_STYLE('',(#9632));
#9632 = FILL_AREA_STYLE_COLOUR('',#8359);
#9633 = STYLED_ITEM('color',(#9634),#4402);
#9634 = PRESENTATION_STYLE_ASSIGNMENT((#9635));
#9635 = SURFACE_STYLE_USAGE(.BOTH.,#9636);
#9636 = SURFACE_SIDE_STYLE('',(#9637));
#9637 = SURFACE_STYLE_FILL_AREA(#9638);
#9638 = FILL_AREA_STYLE('',(#9639));
#9639 = FILL_AREA_STYLE_COLOUR('',#8359);
#9640 = STYLED_ITEM('color',(#9641),#4419);
#9641 = PRESENTATION_STYLE_ASSIGNMENT((#9642));
#9642 = SURFACE_STYLE_USAGE(.BOTH.,#9643);
#9643 = SURFACE_SIDE_STYLE('',(#9644));
#9644 = SURFACE_STYLE_FILL_AREA(#9645);
#9645 = FILL_AREA_STYLE('',(#9646));
#9646 = FILL_AREA_STYLE_COLOUR('',#9464);
#9647 = STYLED_ITEM('color',(#9648),#4448);
#9648 = PRESENTATION_STYLE_ASSIGNMENT((#9649));
#9649 = SURFACE_STYLE_USAGE(.BOTH.,#9650);
#9650 = SURFACE_SIDE_STYLE('',(#9651));
#9651 = SURFACE_STYLE_FILL_AREA(#9652);
#9652 = FILL_AREA_STYLE('',(#9653));
#9653 = FILL_AREA_STYLE_COLOUR('',#9464);
#9654 = STYLED_ITEM('color',(#9655),#4471);
#9655 = PRESENTATION_STYLE_ASSIGNMENT((#9656));
#9656 = SURFACE_STYLE_USAGE(.BOTH.,#9657);
#9657 = SURFACE_SIDE_STYLE('',(#9658));
#9658 = SURFACE_STYLE_FILL_AREA(#9659);
#9659 = FILL_AREA_STYLE('',(#9660));
#9660 = FILL_AREA_STYLE_COLOUR('',#9464);
#9661 = STYLED_ITEM('color',(#9662),#4494);
#9662 = PRESENTATION_STYLE_ASSIGNMENT((#9663));
#9663 = SURFACE_STYLE_USAGE(.BOTH.,#9664);
#9664 = SURFACE_SIDE_STYLE('',(#9665));
#9665 = SURFACE_STYLE_FILL_AREA(#9666);
#9666 = FILL_AREA_STYLE('',(#9667));
#9667 = FILL_AREA_STYLE_COLOUR('',#9464);
#9668 = STYLED_ITEM('color',(#9669),#4511);
#9669 = PRESENTATION_STYLE_ASSIGNMENT((#9670));
#9670 = SURFACE_STYLE_USAGE(.BOTH.,#9671);
#9671 = SURFACE_SIDE_STYLE('',(#9672));
#9672 = SURFACE_STYLE_FILL_AREA(#9673);
#9673 = FILL_AREA_STYLE('',(#9674));
#9674 = FILL_AREA_STYLE_COLOUR('',#9464);
#9675 = STYLED_ITEM('color',(#9676),#4540);
#9676 = PRESENTATION_STYLE_ASSIGNMENT((#9677));
#9677 = SURFACE_STYLE_USAGE(.BOTH.,#9678);
#9678 = SURFACE_SIDE_STYLE('',(#9679));
#9679 = SURFACE_STYLE_FILL_AREA(#9680);
#9680 = FILL_AREA_STYLE('',(#9681));
#9681 = FILL_AREA_STYLE_COLOUR('',#9464);
#9682 = STYLED_ITEM('color',(#9683),#4563);
#9683 = PRESENTATION_STYLE_ASSIGNMENT((#9684));
#9684 = SURFACE_STYLE_USAGE(.BOTH.,#9685);
#9685 = SURFACE_SIDE_STYLE('',(#9686));
#9686 = SURFACE_STYLE_FILL_AREA(#9687);
#9687 = FILL_AREA_STYLE('',(#9688));
#9688 = FILL_AREA_STYLE_COLOUR('',#9464);
#9689 = STYLED_ITEM('color',(#9690),#4586);
#9690 = PRESENTATION_STYLE_ASSIGNMENT((#9691));
#9691 = SURFACE_STYLE_USAGE(.BOTH.,#9692);
#9692 = SURFACE_SIDE_STYLE('',(#9693));
#9693 = SURFACE_STYLE_FILL_AREA(#9694);
#9694 = FILL_AREA_STYLE('',(#9695));
#9695 = FILL_AREA_STYLE_COLOUR('',#9464);
#9696 = STYLED_ITEM('color',(#9697),#4603);
#9697 = PRESENTATION_STYLE_ASSIGNMENT((#9698));
#9698 = SURFACE_STYLE_USAGE(.BOTH.,#9699);
#9699 = SURFACE_SIDE_STYLE('',(#9700));
#9700 = SURFACE_STYLE_FILL_AREA(#9701);
#9701 = FILL_AREA_STYLE('',(#9702));
#9702 = FILL_AREA_STYLE_COLOUR('',#9464);
#9703 = STYLED_ITEM('color',(#9704),#4615);
#9704 = PRESENTATION_STYLE_ASSIGNMENT((#9705));
#9705 = SURFACE_STYLE_USAGE(.BOTH.,#9706);
#9706 = SURFACE_SIDE_STYLE('',(#9707));
#9707 = SURFACE_STYLE_FILL_AREA(#9708);
#9708 = FILL_AREA_STYLE('',(#9709));
#9709 = FILL_AREA_STYLE_COLOUR('',#9464);
#9710 = STYLED_ITEM('color',(#9711),#4631);
#9711 = PRESENTATION_STYLE_ASSIGNMENT((#9712));
#9712 = SURFACE_STYLE_USAGE(.BOTH.,#9713);
#9713 = SURFACE_SIDE_STYLE('',(#9714));
#9714 = SURFACE_STYLE_FILL_AREA(#9715);
#9715 = FILL_AREA_STYLE('',(#9716));
#9716 = FILL_AREA_STYLE_COLOUR('',#8359);
#9717 = STYLED_ITEM('color',(#9718),#4664);
#9718 = PRESENTATION_STYLE_ASSIGNMENT((#9719));
#9719 = SURFACE_STYLE_USAGE(.BOTH.,#9720);
#9720 = SURFACE_SIDE_STYLE('',(#9721));
#9721 = SURFACE_STYLE_FILL_AREA(#9722);
#9722 = FILL_AREA_STYLE('',(#9723));
#9723 = FILL_AREA_STYLE_COLOUR('',#8359);
#9724 = STYLED_ITEM('color',(#9725),#4689);
#9725 = PRESENTATION_STYLE_ASSIGNMENT((#9726));
#9726 = SURFACE_STYLE_USAGE(.BOTH.,#9727);
#9727 = SURFACE_SIDE_STYLE('',(#9728));
#9728 = SURFACE_STYLE_FILL_AREA(#9729);
#9729 = FILL_AREA_STYLE('',(#9730));
#9730 = FILL_AREA_STYLE_COLOUR('',#9464);
#9731 = STYLED_ITEM('color',(#9732),#4727);
#9732 = PRESENTATION_STYLE_ASSIGNMENT((#9733));
#9733 = SURFACE_STYLE_USAGE(.BOTH.,#9734);
#9734 = SURFACE_SIDE_STYLE('',(#9735));
#9735 = SURFACE_STYLE_FILL_AREA(#9736);
#9736 = FILL_AREA_STYLE('',(#9737));
#9737 = FILL_AREA_STYLE_COLOUR('',#8359);
#9738 = STYLED_ITEM('color',(#9739),#4759);
#9739 = PRESENTATION_STYLE_ASSIGNMENT((#9740));
#9740 = SURFACE_STYLE_USAGE(.BOTH.,#9741);
#9741 = SURFACE_SIDE_STYLE('',(#9742));
#9742 = SURFACE_STYLE_FILL_AREA(#9743);
#9743 = FILL_AREA_STYLE('',(#9744));
#9744 = FILL_AREA_STYLE_COLOUR('',#8359);
#9745 = STYLED_ITEM('color',(#9746),#4790);
#9746 = PRESENTATION_STYLE_ASSIGNMENT((#9747));
#9747 = SURFACE_STYLE_USAGE(.BOTH.,#9748);
#9748 = SURFACE_SIDE_STYLE('',(#9749));
#9749 = SURFACE_STYLE_FILL_AREA(#9750);
#9750 = FILL_AREA_STYLE('',(#9751));
#9751 = FILL_AREA_STYLE_COLOUR('',#9464);
#9752 = STYLED_ITEM('color',(#9753),#4800);
#9753 = PRESENTATION_STYLE_ASSIGNMENT((#9754));
#9754 = SURFACE_STYLE_USAGE(.BOTH.,#9755);
#9755 = SURFACE_SIDE_STYLE('',(#9756));
#9756 = SURFACE_STYLE_FILL_AREA(#9757);
#9757 = FILL_AREA_STYLE('',(#9758));
#9758 = FILL_AREA_STYLE_COLOUR('',#8359);
#9759 = STYLED_ITEM('color',(#9760),#4818);
#9760 = PRESENTATION_STYLE_ASSIGNMENT((#9761));
#9761 = SURFACE_STYLE_USAGE(.BOTH.,#9762);
#9762 = SURFACE_SIDE_STYLE('',(#9763));
#9763 = SURFACE_STYLE_FILL_AREA(#9764);
#9764 = FILL_AREA_STYLE('',(#9765));
#9765 = FILL_AREA_STYLE_COLOUR('',#9464);
#9766 = STYLED_ITEM('color',(#9767),#4834);
#9767 = PRESENTATION_STYLE_ASSIGNMENT((#9768));
#9768 = SURFACE_STYLE_USAGE(.BOTH.,#9769);
#9769 = SURFACE_SIDE_STYLE('',(#9770));
#9770 = SURFACE_STYLE_FILL_AREA(#9771);
#9771 = FILL_AREA_STYLE('',(#9772));
#9772 = FILL_AREA_STYLE_COLOUR('',#8359);
#9773 = STYLED_ITEM('color',(#9774),#4867);
#9774 = PRESENTATION_STYLE_ASSIGNMENT((#9775));
#9775 = SURFACE_STYLE_USAGE(.BOTH.,#9776);
#9776 = SURFACE_SIDE_STYLE('',(#9777));
#9777 = SURFACE_STYLE_FILL_AREA(#9778);
#9778 = FILL_AREA_STYLE('',(#9779));
#9779 = FILL_AREA_STYLE_COLOUR('',#8359);
#9780 = STYLED_ITEM('color',(#9781),#4892);
#9781 = PRESENTATION_STYLE_ASSIGNMENT((#9782));
#9782 = SURFACE_STYLE_USAGE(.BOTH.,#9783);
#9783 = SURFACE_SIDE_STYLE('',(#9784));
#9784 = SURFACE_STYLE_FILL_AREA(#9785);
#9785 = FILL_AREA_STYLE('',(#9786));
#9786 = FILL_AREA_STYLE_COLOUR('',#9464);
#9787 = STYLED_ITEM('color',(#9788),#4930);
#9788 = PRESENTATION_STYLE_ASSIGNMENT((#9789));
#9789 = SURFACE_STYLE_USAGE(.BOTH.,#9790);
#9790 = SURFACE_SIDE_STYLE('',(#9791));
#9791 = SURFACE_STYLE_FILL_AREA(#9792);
#9792 = FILL_AREA_STYLE('',(#9793));
#9793 = FILL_AREA_STYLE_COLOUR('',#8359);
#9794 = STYLED_ITEM('color',(#9795),#4962);
#9795 = PRESENTATION_STYLE_ASSIGNMENT((#9796));
#9796 = SURFACE_STYLE_USAGE(.BOTH.,#9797);
#9797 = SURFACE_SIDE_STYLE('',(#9798));
#9798 = SURFACE_STYLE_FILL_AREA(#9799);
#9799 = FILL_AREA_STYLE('',(#9800));
#9800 = FILL_AREA_STYLE_COLOUR('',#8359);
#9801 = STYLED_ITEM('color',(#9802),#4993);
#9802 = PRESENTATION_STYLE_ASSIGNMENT((#9803));
#9803 = SURFACE_STYLE_USAGE(.BOTH.,#9804);
#9804 = SURFACE_SIDE_STYLE('',(#9805));
#9805 = SURFACE_STYLE_FILL_AREA(#9806);
#9806 = FILL_AREA_STYLE('',(#9807));
#9807 = FILL_AREA_STYLE_COLOUR('',#9464);
#9808 = STYLED_ITEM('color',(#9809),#5003);
#9809 = PRESENTATION_STYLE_ASSIGNMENT((#9810));
#9810 = SURFACE_STYLE_USAGE(.BOTH.,#9811);
#9811 = SURFACE_SIDE_STYLE('',(#9812));
#9812 = SURFACE_STYLE_FILL_AREA(#9813);
#9813 = FILL_AREA_STYLE('',(#9814));
#9814 = FILL_AREA_STYLE_COLOUR('',#8359);
#9815 = STYLED_ITEM('color',(#9816),#5021);
#9816 = PRESENTATION_STYLE_ASSIGNMENT((#9817));
#9817 = SURFACE_STYLE_USAGE(.BOTH.,#9818);
#9818 = SURFACE_SIDE_STYLE('',(#9819));
#9819 = SURFACE_STYLE_FILL_AREA(#9820);
#9820 = FILL_AREA_STYLE('',(#9821));
#9821 = FILL_AREA_STYLE_COLOUR('',#8359);
#9822 = STYLED_ITEM('color',(#9823),#5033);
#9823 = PRESENTATION_STYLE_ASSIGNMENT((#9824));
#9824 = SURFACE_STYLE_USAGE(.BOTH.,#9825);
#9825 = SURFACE_SIDE_STYLE('',(#9826));
#9826 = SURFACE_STYLE_FILL_AREA(#9827);
#9827 = FILL_AREA_STYLE('',(#9828));
#9828 = FILL_AREA_STYLE_COLOUR('',#8359);
#9829 = STYLED_ITEM('color',(#9830),#5045);
#9830 = PRESENTATION_STYLE_ASSIGNMENT((#9831));
#9831 = SURFACE_STYLE_USAGE(.BOTH.,#9832);
#9832 = SURFACE_SIDE_STYLE('',(#9833));
#9833 = SURFACE_STYLE_FILL_AREA(#9834);
#9834 = FILL_AREA_STYLE('',(#9835));
#9835 = FILL_AREA_STYLE_COLOUR('',#9464);
#9836 = STYLED_ITEM('color',(#9837),#5076);
#9837 = PRESENTATION_STYLE_ASSIGNMENT((#9838));
#9838 = SURFACE_STYLE_USAGE(.BOTH.,#9839);
#9839 = SURFACE_SIDE_STYLE('',(#9840));
#9840 = SURFACE_STYLE_FILL_AREA(#9841);
#9841 = FILL_AREA_STYLE('',(#9842));
#9842 = FILL_AREA_STYLE_COLOUR('',#9464);
#9843 = STYLED_ITEM('color',(#9844),#5093);
#9844 = PRESENTATION_STYLE_ASSIGNMENT((#9845));
#9845 = SURFACE_STYLE_USAGE(.BOTH.,#9846);
#9846 = SURFACE_SIDE_STYLE('',(#9847));
#9847 = SURFACE_STYLE_FILL_AREA(#9848);
#9848 = FILL_AREA_STYLE('',(#9849));
#9849 = FILL_AREA_STYLE_COLOUR('',#9464);
#9850 = STYLED_ITEM('color',(#9851),#5110);
#9851 = PRESENTATION_STYLE_ASSIGNMENT((#9852));
#9852 = SURFACE_STYLE_USAGE(.BOTH.,#9853);
#9853 = SURFACE_SIDE_STYLE('',(#9854));
#9854 = SURFACE_STYLE_FILL_AREA(#9855);
#9855 = FILL_AREA_STYLE('',(#9856));
#9856 = FILL_AREA_STYLE_COLOUR('',#9464);
#9857 = STYLED_ITEM('color',(#9858),#5141);
#9858 = PRESENTATION_STYLE_ASSIGNMENT((#9859));
#9859 = SURFACE_STYLE_USAGE(.BOTH.,#9860);
#9860 = SURFACE_SIDE_STYLE('',(#9861));
#9861 = SURFACE_STYLE_FILL_AREA(#9862);
#9862 = FILL_AREA_STYLE('',(#9863));
#9863 = FILL_AREA_STYLE_COLOUR('',#9464);
#9864 = STYLED_ITEM('color',(#9865),#5158);
#9865 = PRESENTATION_STYLE_ASSIGNMENT((#9866));
#9866 = SURFACE_STYLE_USAGE(.BOTH.,#9867);
#9867 = SURFACE_SIDE_STYLE('',(#9868));
#9868 = SURFACE_STYLE_FILL_AREA(#9869);
#9869 = FILL_AREA_STYLE('',(#9870));
#9870 = FILL_AREA_STYLE_COLOUR('',#9464);
#9871 = STYLED_ITEM('color',(#9872),#5175);
#9872 = PRESENTATION_STYLE_ASSIGNMENT((#9873));
#9873 = SURFACE_STYLE_USAGE(.BOTH.,#9874);
#9874 = SURFACE_SIDE_STYLE('',(#9875));
#9875 = SURFACE_STYLE_FILL_AREA(#9876);
#9876 = FILL_AREA_STYLE('',(#9877));
#9877 = FILL_AREA_STYLE_COLOUR('',#8359);
#9878 = STYLED_ITEM('color',(#9879),#5200);
#9879 = PRESENTATION_STYLE_ASSIGNMENT((#9880));
#9880 = SURFACE_STYLE_USAGE(.BOTH.,#9881);
#9881 = SURFACE_SIDE_STYLE('',(#9882));
#9882 = SURFACE_STYLE_FILL_AREA(#9883);
#9883 = FILL_AREA_STYLE('',(#9884));
#9884 = FILL_AREA_STYLE_COLOUR('',#8359);
#9885 = STYLED_ITEM('color',(#9886),#5311);
#9886 = PRESENTATION_STYLE_ASSIGNMENT((#9887));
#9887 = SURFACE_STYLE_USAGE(.BOTH.,#9888);
#9888 = SURFACE_SIDE_STYLE('',(#9889));
#9889 = SURFACE_STYLE_FILL_AREA(#9890);
#9890 = FILL_AREA_STYLE('',(#9891));
#9891 = FILL_AREA_STYLE_COLOUR('',#8359);
#9892 = STYLED_ITEM('color',(#9893),#5366);
#9893 = PRESENTATION_STYLE_ASSIGNMENT((#9894));
#9894 = SURFACE_STYLE_USAGE(.BOTH.,#9895);
#9895 = SURFACE_SIDE_STYLE('',(#9896));
#9896 = SURFACE_STYLE_FILL_AREA(#9897);
#9897 = FILL_AREA_STYLE('',(#9898));
#9898 = FILL_AREA_STYLE_COLOUR('',#8359);
#9899 = STYLED_ITEM('color',(#9900),#5376);
#9900 = PRESENTATION_STYLE_ASSIGNMENT((#9901));
#9901 = SURFACE_STYLE_USAGE(.BOTH.,#9902);
#9902 = SURFACE_SIDE_STYLE('',(#9903));
#9903 = SURFACE_STYLE_FILL_AREA(#9904);
#9904 = FILL_AREA_STYLE('',(#9905));
#9905 = FILL_AREA_STYLE_COLOUR('',#8359);
#9906 = STYLED_ITEM('color',(#9907),#5401);
#9907 = PRESENTATION_STYLE_ASSIGNMENT((#9908));
#9908 = SURFACE_STYLE_USAGE(.BOTH.,#9909);
#9909 = SURFACE_SIDE_STYLE('',(#9910));
#9910 = SURFACE_STYLE_FILL_AREA(#9911);
#9911 = FILL_AREA_STYLE('',(#9912));
#9912 = FILL_AREA_STYLE_COLOUR('',#8359);
#9913 = STYLED_ITEM('color',(#9914),#5512);
#9914 = PRESENTATION_STYLE_ASSIGNMENT((#9915));
#9915 = SURFACE_STYLE_USAGE(.BOTH.,#9916);
#9916 = SURFACE_SIDE_STYLE('',(#9917));
#9917 = SURFACE_STYLE_FILL_AREA(#9918);
#9918 = FILL_AREA_STYLE('',(#9919));
#9919 = FILL_AREA_STYLE_COLOUR('',#8359);
#9920 = STYLED_ITEM('color',(#9921),#5567);
#9921 = PRESENTATION_STYLE_ASSIGNMENT((#9922));
#9922 = SURFACE_STYLE_USAGE(.BOTH.,#9923);
#9923 = SURFACE_SIDE_STYLE('',(#9924));
#9924 = SURFACE_STYLE_FILL_AREA(#9925);
#9925 = FILL_AREA_STYLE('',(#9926));
#9926 = FILL_AREA_STYLE_COLOUR('',#8359);
#9927 = STYLED_ITEM('color',(#9928),#5577);
#9928 = PRESENTATION_STYLE_ASSIGNMENT((#9929));
#9929 = SURFACE_STYLE_USAGE(.BOTH.,#9930);
#9930 = SURFACE_SIDE_STYLE('',(#9931));
#9931 = SURFACE_STYLE_FILL_AREA(#9932);
#9932 = FILL_AREA_STYLE('',(#9933));
#9933 = FILL_AREA_STYLE_COLOUR('',#8359);
#9934 = STYLED_ITEM('color',(#9935),#5593);
#9935 = PRESENTATION_STYLE_ASSIGNMENT((#9936));
#9936 = SURFACE_STYLE_USAGE(.BOTH.,#9937);
#9937 = SURFACE_SIDE_STYLE('',(#9938));
#9938 = SURFACE_STYLE_FILL_AREA(#9939);
#9939 = FILL_AREA_STYLE('',(#9940));
#9940 = FILL_AREA_STYLE_COLOUR('',#8359);
#9941 = STYLED_ITEM('color',(#9942),#5610);
#9942 = PRESENTATION_STYLE_ASSIGNMENT((#9943));
#9943 = SURFACE_STYLE_USAGE(.BOTH.,#9944);
#9944 = SURFACE_SIDE_STYLE('',(#9945));
#9945 = SURFACE_STYLE_FILL_AREA(#9946);
#9946 = FILL_AREA_STYLE('',(#9947));
#9947 = FILL_AREA_STYLE_COLOUR('',#8359);
#9948 = STYLED_ITEM('color',(#9949),#5627);
#9949 = PRESENTATION_STYLE_ASSIGNMENT((#9950));
#9950 = SURFACE_STYLE_USAGE(.BOTH.,#9951);
#9951 = SURFACE_SIDE_STYLE('',(#9952));
#9952 = SURFACE_STYLE_FILL_AREA(#9953);
#9953 = FILL_AREA_STYLE('',(#9954));
#9954 = FILL_AREA_STYLE_COLOUR('',#8359);
#9955 = STYLED_ITEM('color',(#9956),#5644);
#9956 = PRESENTATION_STYLE_ASSIGNMENT((#9957));
#9957 = SURFACE_STYLE_USAGE(.BOTH.,#9958);
#9958 = SURFACE_SIDE_STYLE('',(#9959));
#9959 = SURFACE_STYLE_FILL_AREA(#9960);
#9960 = FILL_AREA_STYLE('',(#9961));
#9961 = FILL_AREA_STYLE_COLOUR('',#8359);
#9962 = STYLED_ITEM('color',(#9963),#5654);
#9963 = PRESENTATION_STYLE_ASSIGNMENT((#9964));
#9964 = SURFACE_STYLE_USAGE(.BOTH.,#9965);
#9965 = SURFACE_SIDE_STYLE('',(#9966));
#9966 = SURFACE_STYLE_FILL_AREA(#9967);
#9967 = FILL_AREA_STYLE('',(#9968));
#9968 = FILL_AREA_STYLE_COLOUR('',#8359);
#9969 = STYLED_ITEM('color',(#9970),#5664);
#9970 = PRESENTATION_STYLE_ASSIGNMENT((#9971));
#9971 = SURFACE_STYLE_USAGE(.BOTH.,#9972);
#9972 = SURFACE_SIDE_STYLE('',(#9973));
#9973 = SURFACE_STYLE_FILL_AREA(#9974);
#9974 = FILL_AREA_STYLE('',(#9975));
#9975 = FILL_AREA_STYLE_COLOUR('',#8359);
#9976 = STYLED_ITEM('color',(#9977),#5695);
#9977 = PRESENTATION_STYLE_ASSIGNMENT((#9978));
#9978 = SURFACE_STYLE_USAGE(.BOTH.,#9979);
#9979 = SURFACE_SIDE_STYLE('',(#9980));
#9980 = SURFACE_STYLE_FILL_AREA(#9981);
#9981 = FILL_AREA_STYLE('',(#9982));
#9982 = FILL_AREA_STYLE_COLOUR('',#8359);
#9983 = STYLED_ITEM('color',(#9984),#5719);
#9984 = PRESENTATION_STYLE_ASSIGNMENT((#9985));
#9985 = SURFACE_STYLE_USAGE(.BOTH.,#9986);
#9986 = SURFACE_SIDE_STYLE('',(#9987));
#9987 = SURFACE_STYLE_FILL_AREA(#9988);
#9988 = FILL_AREA_STYLE('',(#9989));
#9989 = FILL_AREA_STYLE_COLOUR('',#8359);
#9990 = STYLED_ITEM('color',(#9991),#5743);
#9991 = PRESENTATION_STYLE_ASSIGNMENT((#9992));
#9992 = SURFACE_STYLE_USAGE(.BOTH.,#9993);
#9993 = SURFACE_SIDE_STYLE('',(#9994));
#9994 = SURFACE_STYLE_FILL_AREA(#9995);
#9995 = FILL_AREA_STYLE('',(#9996));
#9996 = FILL_AREA_STYLE_COLOUR('',#8359);
#9997 = STYLED_ITEM('color',(#9998),#5760);
#9998 = PRESENTATION_STYLE_ASSIGNMENT((#9999));
#9999 = SURFACE_STYLE_USAGE(.BOTH.,#10000);
#10000 = SURFACE_SIDE_STYLE('',(#10001));
#10001 = SURFACE_STYLE_FILL_AREA(#10002);
#10002 = FILL_AREA_STYLE('',(#10003));
#10003 = FILL_AREA_STYLE_COLOUR('',#8359);
#10004 = STYLED_ITEM('color',(#10005),#5776);
#10005 = PRESENTATION_STYLE_ASSIGNMENT((#10006));
#10006 = SURFACE_STYLE_USAGE(.BOTH.,#10007);
#10007 = SURFACE_SIDE_STYLE('',(#10008));
#10008 = SURFACE_STYLE_FILL_AREA(#10009);
#10009 = FILL_AREA_STYLE('',(#10010));
#10010 = FILL_AREA_STYLE_COLOUR('',#8359);
#10011 = STYLED_ITEM('color',(#10012),#5793);
#10012 = PRESENTATION_STYLE_ASSIGNMENT((#10013));
#10013 = SURFACE_STYLE_USAGE(.BOTH.,#10014);
#10014 = SURFACE_SIDE_STYLE('',(#10015));
#10015 = SURFACE_STYLE_FILL_AREA(#10016);
#10016 = FILL_AREA_STYLE('',(#10017));
#10017 = FILL_AREA_STYLE_COLOUR('',#8359);
#10018 = STYLED_ITEM('color',(#10019),#5810);
#10019 = PRESENTATION_STYLE_ASSIGNMENT((#10020));
#10020 = SURFACE_STYLE_USAGE(.BOTH.,#10021);
#10021 = SURFACE_SIDE_STYLE('',(#10022));
#10022 = SURFACE_STYLE_FILL_AREA(#10023);
#10023 = FILL_AREA_STYLE('',(#10024));
#10024 = FILL_AREA_STYLE_COLOUR('',#8359);
#10025 = STYLED_ITEM('color',(#10026),#5827);
#10026 = PRESENTATION_STYLE_ASSIGNMENT((#10027));
#10027 = SURFACE_STYLE_USAGE(.BOTH.,#10028);
#10028 = SURFACE_SIDE_STYLE('',(#10029));
#10029 = SURFACE_STYLE_FILL_AREA(#10030);
#10030 = FILL_AREA_STYLE('',(#10031));
#10031 = FILL_AREA_STYLE_COLOUR('',#8359);
#10032 = STYLED_ITEM('color',(#10033),#5837);
#10033 = PRESENTATION_STYLE_ASSIGNMENT((#10034));
#10034 = SURFACE_STYLE_USAGE(.BOTH.,#10035);
#10035 = SURFACE_SIDE_STYLE('',(#10036));
#10036 = SURFACE_STYLE_FILL_AREA(#10037);
#10037 = FILL_AREA_STYLE('',(#10038));
#10038 = FILL_AREA_STYLE_COLOUR('',#8359);
#10039 = STYLED_ITEM('color',(#10040),#5847);
#10040 = PRESENTATION_STYLE_ASSIGNMENT((#10041));
#10041 = SURFACE_STYLE_USAGE(.BOTH.,#10042);
#10042 = SURFACE_SIDE_STYLE('',(#10043));
#10043 = SURFACE_STYLE_FILL_AREA(#10044);
#10044 = FILL_AREA_STYLE('',(#10045));
#10045 = FILL_AREA_STYLE_COLOUR('',#8359);
#10046 = STYLED_ITEM('color',(#10047),#5878);
#10047 = PRESENTATION_STYLE_ASSIGNMENT((#10048));
#10048 = SURFACE_STYLE_USAGE(.BOTH.,#10049);
#10049 = SURFACE_SIDE_STYLE('',(#10050));
#10050 = SURFACE_STYLE_FILL_AREA(#10051);
#10051 = FILL_AREA_STYLE('',(#10052));
#10052 = FILL_AREA_STYLE_COLOUR('',#8359);
#10053 = STYLED_ITEM('color',(#10054),#5902);
#10054 = PRESENTATION_STYLE_ASSIGNMENT((#10055));
#10055 = SURFACE_STYLE_USAGE(.BOTH.,#10056);
#10056 = SURFACE_SIDE_STYLE('',(#10057));
#10057 = SURFACE_STYLE_FILL_AREA(#10058);
#10058 = FILL_AREA_STYLE('',(#10059));
#10059 = FILL_AREA_STYLE_COLOUR('',#8359);
#10060 = STYLED_ITEM('color',(#10061),#5926);
#10061 = PRESENTATION_STYLE_ASSIGNMENT((#10062));
#10062 = SURFACE_STYLE_USAGE(.BOTH.,#10063);
#10063 = SURFACE_SIDE_STYLE('',(#10064));
#10064 = SURFACE_STYLE_FILL_AREA(#10065);
#10065 = FILL_AREA_STYLE('',(#10066));
#10066 = FILL_AREA_STYLE_COLOUR('',#8359);
#10067 = STYLED_ITEM('color',(#10068),#5943);
#10068 = PRESENTATION_STYLE_ASSIGNMENT((#10069));
#10069 = SURFACE_STYLE_USAGE(.BOTH.,#10070);
#10070 = SURFACE_SIDE_STYLE('',(#10071));
#10071 = SURFACE_STYLE_FILL_AREA(#10072);
#10072 = FILL_AREA_STYLE('',(#10073));
#10073 = FILL_AREA_STYLE_COLOUR('',#9464);
#10074 = STYLED_ITEM('color',(#10075),#5955);
#10075 = PRESENTATION_STYLE_ASSIGNMENT((#10076));
#10076 = SURFACE_STYLE_USAGE(.BOTH.,#10077);
#10077 = SURFACE_SIDE_STYLE('',(#10078));
#10078 = SURFACE_STYLE_FILL_AREA(#10079);
#10079 = FILL_AREA_STYLE('',(#10080));
#10080 = FILL_AREA_STYLE_COLOUR('',#9464);
ENDSEC;
END-ISO-10303-21;
